id,html_filename
1,20260128__4xmen.ir__f879bd0491e2.html
2,20260128__abadis.ir__c0368545ac57.html
3,20260128__acta.tums.ac.ir__dd4ab7fbc4e7.html
4,20260128__adyan.urd.ac.ir__77713f29d30b.html
5,20260128__ajp.mums.ac.ir__4353115d8a5a.html
6,20260128__akharinkhabar.ir__0771b5e0c4ee.html
7,20260128__alikonline.ir__e0cfa9c289a4.html
8,20260128__alimir.ir__6948189a78f8.html
9,20260128__aliyavary.ir__d9c1676f1f22.html
10,20260128__ams.ac.ir__ef8a958b7ad3.html
11,20260128__ana.ir__d7e74f22532a.html
12,20260128__apidocs.nobitex.ir__2809182c3ec5.html
13,20260128__arak.ir__b8ca2f19f8e5.html
14,20260128__asanbar.ir__fd432b010072.html
15,20260128__asemanam.ir__6115d3450ff0.html
16,20260128__ashtad.ir__ae95d91fca4c.html
17,20260128__asiac.ir__8814d21efd05.html
18,20260128__atu.ac.ir__6a34b7880e12.html
19,20260128__aut.ac.ir__b630565dfbbb.html
20,20260128__backlinkapp.ir__da97ae3a217f.html
21,20260128__backlinkbing.ir__d51573a34254.html
22,20260128__backlinkdev.ir__56c3c3ac1743.html
23,20260128__backlinksite.ir__89e5de0b2e8f.html
24,20260128__backlinkweb.ir__3e47e85adafc.html
25,20260128__balad.ir__fc8e6267f038.html
26,20260128__bamdadesari.ir__2e8a0236674f.html
27,20260128__bandarabbas.ir__225d05848203.html
28,20260128__bartarinha.ir__b7083e4f4739.html
29,20260128__basirat.ir__8c890b2fc37e.html
30,20260128__basu.ac.ir__681540060b80.html
31,20260128__behdasht.gov.ir__8a7c6e638ecd.html
32,20260128__bi.tbzmed.ac.ir__08bfc6efc929.html
33,20260128__blackswanlab.ir__201a027c3f46.html
34,20260128__bmi.ir__0b0f32669e9d.html
35,20260128__booknew.ir__eff2b850aa1a.html
36,20260128__brothersincode.ir__0b5e3ea8ea44.html
37,20260128__bubbleslearn.ir__dd5e93c28395.html
38,20260128__calendar.ut.ac.ir__b3a6a9151338.html
39,20260128__cbi.ir__2846685fae36.html
40,20260128__ceit.aut.ac.ir__b6746a2b20aa.html
41,20260128__cgie.org.ir__4c5ca28df72e.html
42,20260128__chbmet.ir__3893e1afb639.html
43,20260128__cjes.guilan.ac.ir__3566b3632940.html
44,20260128__cra.ir__1d3546790f4f.html
45,20260128__cs.ipm.ac.ir__52a797374b6b.html
46,20260128__csr.ir__6964e704b0e9.html
47,20260128__dadfarjs.ir__22d3b34d7855.html
48,20260128__dana.ir__8db81ec1721b.html
49,20260128__data.irimo.ir__8e686c6e3973.html
50,20260128__de.irna.ir__c97db4a83324.html
51,20260128__defapress.ir__8fccf93ffd72.html
52,20260128__delta.ir__412403a78ad1.html
53,20260128__dictionary.abadis.ir__f301e0511216.html
54,20260128__divar.ir__c3624a0c6c62.html
55,20260128__docs.arvancloud.ir__6b17d7bf8cbb.html
56,20260128__dolat.ir__2620b32bfada.html
57,20260128__dotic.ir__020bd2ec01e1.html
58,20260128__download1music.ir__cbf3ac9cf4cf.html
59,20260128__drpezeshkian.ir__0ed3c59b3634.html
60,20260128__e-visa.mfa.ir__2059a7c7e19f.html
61,20260128__ece.ut.ac.ir__e8d936a5db3a.html
62,20260128__econews.ir__4145a4ec884c.html
63,20260128__eghtesaad24.ir__15f82590fc03.html
64,20260128__en.imam-khomeini.ir__9dc8aa06adc2.html
65,20260128__en.imna.ir__93ce38a25417.html
66,20260128__en.iran.ir__fa7e67e4073c.html
67,20260128__en.irna.ir__a977328e3d31.html
68,20260128__en.mfa.ir__9c4215cd02cd.html
69,20260128__en.rcs.ir__eb40a498ac8b.html
70,20260128__en.sbu.ac.ir__f59440bfaf56.html
71,20260128__en.shana.ir__98d8b9a16c94.html
72,20260128__en.shiraz.ir__96af8bf10191.html
73,20260128__en.tehran.ir__3a12cf683bae.html
74,20260128__en.tpo.ir__ba15ae451542.html
75,20260128__english.khabaronline.ir__88d7cf67b792.html
76,20260128__english.khamenei.ir__46255fcae406.html
77,20260128__ensani.ir__e3e7fb2d8382.html
78,20260128__entekhab.ir__ebc5ea5f0255.html
79,20260128__eprints.skums.ac.ir__dfd88a850133.html
80,20260128__erfan.ir__6411fdd905c5.html
81,20260128__fa.ims.ir__af68da6fb0e6.html
82,20260128__factorland.ir__2c24e3371e10.html
83,20260128__fafarschto.ir__7971dfd1b1aa.html
84,20260128__farhang.gov.ir__cb28e630e191.html
85,20260128__farsi.khamenei.ir__53a8eac63940.html
86,20260128__farsmet.ir__f704aa650653.html
87,20260128__farsnews.ir__67af38d46ff6.html
88,20260128__ffiri.ir__e08378ea1ca2.html
89,20260128__figar.ir__04ab42755e4d.html
90,20260128__freetemplates.ir__f06460998d29.html
91,20260128__gahar.ir__3c84c4270921.html
92,20260128__gisoon.negahgroup.ir__096468b36d0f.html
93,20260128__gisoonapp.ir__d44f2aaa0877.html
94,20260128__globe.razavi.ir__e41b47e6628d.html
95,20260128__godping.ir__4c3933a6c1b6.html
96,20260128__golestanpalace.ir__5dcad0f8f950.html
97,20260128__golvani.ir__9d8c31125698.html
98,20260128__gums.ac.ir__e5f0637c2bab.html
99,20260128__haal.ir__cb85e26745ae.html
100,20260128__habilian.ir__04b78bebd346.html
101,20260128__hajj.ir__838223989020.html
102,20260128__ham3da.ir__dae2d2e4119d.html
103,20260128__home.mehromah.ir__f287692e7056.html
104,20260128__hooshdadeh.ir__0ee7ef9e815a.html
105,20260128__hormozgan.ac.ir__956b313a5a56.html
106,20260128__hormozgan.ir__c48d967ab74b.html
107,20260128__iasbs.ac.ir__2f0f758bc2b7.html
108,20260128__ibna.ir__90245d21f33d.html
109,20260128__ical.ir__a1a65d902420.html
110,20260128__ict.gov.ir__910895615c71.html
111,20260128__ictna.ir__a697caa79f54.html
112,20260128__ideyeno.ir__0f900f375a60.html
113,20260128__idpay.ir__c944bbc5efe6.html
114,20260128__idpz.ir__c9bbd6949548.html
115,20260128__idro.ir__639264f6c69a.html
116,20260128__ihu.ac.ir__861095f09938.html
117,20260128__ijaai.tums.ac.ir__b6e9927a3125.html
118,20260128__ijce.iust.ac.ir__b08254dcb6a8.html
119,20260128__ijf-isaforestry.ir__b1b55a22f206.html
120,20260128__ijfs.ir__5050b9eefd37.html
121,20260128__ijn.iums.ac.ir__10a7c641fc23.html
122,20260128__ijp.mums.ac.ir__d09395701f5c.html
123,20260128__ijvr.shirazu.ac.ir__87e557511db8.html
124,20260128__ikco.ir__e83cd75e939c.html
125,20260128__iksw.ir__83148d11f504.html
126,20260128__ilna.ir__5e94ae532945.html
127,20260128__imarine.ir__136fd2aeb586.html
128,20260128__imna.ir__a57e29d33de8.html
129,20260128__imo.org.ir__ffabbeefb561.html
130,20260128__imohammadreza.ir__21391095f3a2.html
131,20260128__ineo-team.ir__f2a815ed7d90.html
132,20260128__investiniran.ir__a6f1a6e62b6e.html
133,20260128__ipm.ac.ir__230b27fe30f5.html
134,20260128__iqna.ir__5ff8147c0bf9.html
135,20260128__iranarze.ir__4ddd6e8435fc.html
136,20260128__iranboom.ir__0b703e668064.html
137,20260128__irancartoon.ir__2e95f6747f6a.html
138,20260128__irancell.ir__fdd0f60bb7da.html
139,20260128__irancharter.ir__4c92424f5af1.html
140,20260128__irandaily.ir__465e6c93ebd3.html
141,20260128__iranelect.ir__e825e2ae759f.html
142,20260128__irangov.ir__0e412c758e4a.html
143,20260128__irannewspaper.ir__a91ddefe041d.html
144,20260128__iranpaper.ir__e1751cac171e.html
145,20260128__irdc.ir__2af0c0556931.html
146,20260128__iribnews.ir__a3b4695432cf.html
147,20260128__irimo.ir__748370e02887.html
148,20260128__irna.ir__9ff27cf5ea1a.html
149,20260128__isaeedam.ir__8c6150427d91.html
150,20260128__iscanews.ir__3c5e63fd2089.html
151,20260128__isjq.ir__04bdc3fa4590.html
152,20260128__isna.ir__e6ad3ff2ce76.html
153,20260128__ispa.ir__b3952311b015.html
154,20260128__iust.ac.ir__b6dc59cdc389.html
155,20260128__iut.ac.ir__77461ed98817.html
156,20260128__jahanshiri.ir__0e23737fb2c9.html
157,20260128__jahrom.ir__d08dd6337914.html
158,20260128__jahromu.ac.ir__182a12fa618c.html
159,20260128__jair.gonbad.ac.ir__0bf222a54163.html
160,20260128__jamejamonline.ir__615b6fab9909.html
161,20260128__javanonline.ir__fc3087dbe5b5.html
162,20260128__jclr.atu.ac.ir__88c92914aacd.html
163,20260128__jebhepaydari.ir__91268353ffb4.html
164,20260128__jfava.ut.ac.ir__70769518e15c.html
165,20260128__jifro.ir__353c06ae7b53.html
166,20260128__jihs.ut.ac.ir__cc1e808f4f63.html
167,20260128__journals.tums.ac.ir__27a1c84dab05.html
168,20260128__jpoll.ut.ac.ir__458356ef787a.html
169,20260128__jrhs.umsha.ac.ir__c34800dfe5d4.html
170,20260128__kababoketab.ir__d827c304b03b.html
171,20260128__kanoonnews.ir__0e102a5604e3.html
172,20260128__karafarini.sharif.ir__f2a40b401cd8.html
173,20260128__kasebvatan.ir__cd8b9c7a51b6.html
174,20260128__kayhan.ir__7d4307edbad8.html
175,20260128__kerman.ir__d913ef8b1a7f.html
176,20260128__kermanshah.isna.ir__0002647165ae.html
177,20260128__khabaronline.ir__d648063dc538.html
178,20260128__khavarestan.ir__dd8a0ac4806f.html
179,20260128__khuisf.ac.ir__261200c4e52c.html
180,20260128__khwarizmi.ir__3f4f14ed18a5.html
181,20260128__kntu.ac.ir__da001a57f700.html
182,20260128__kums.ac.ir__1100d4d6377a.html
183,20260128__kut.ac.ir__8d175f77ba29.html
184,20260128__lastsecond.ir__d6913367f776.html
185,20260128__laylazi.ir__36607c8527e6.html
186,20260128__liara.ir__3e86a3fa30f6.html
187,20260128__lib.eshia.ir__2e675a8df578.html
188,20260128__lightsout.ir__7a87c9c0ee31.html
189,20260128__linkdoni.soft98.ir__6228755c0088.html
190,20260128__lmo.ir__366883e73ac4.html
191,20260128__maghzrayaneh.ir__0e8e1ac450bd.html
192,20260128__maglev.ir__4941613684bb.html
193,20260128__mahanair.co.ir__df100e604f32.html
194,20260128__majlesekhobregan.ir__fa637ec28dbc.html
195,20260128__makarem.ir__5e0f269666ef.html
196,20260128__mana.ir__26e1833800d9.html
197,20260128__marketingshop.ir__183e5262a792.html
198,20260128__mashhad.ir__5899862dc3e7.html
199,20260128__mashreghnews.ir__4e5c06b05be2.html
200,20260128__mathdept.iut.ac.ir__cc73e56f7e83.html
201,20260128__mcls.gov.ir__f216ee53f70a.html
202,20260128__mcth.ir__858d2160c7fa.html
203,20260128__metro.tehran.ir__7a7519aba838.html
204,20260128__mfpa.ir__c2ea665a5a45.html
205,20260128__miras.kr.ir__039d455a7095.html
206,20260128__mizanonline.ir__63e6258f1d68.html
207,20260128__mjiri.iums.ac.ir__5b6ef4cc5c08.html
208,20260128__mldl.ir__6085d373d728.html
209,20260128__modares.ac.ir__ad2b02418d3c.html
210,20260128__mohabad-ag.ir__b8535ef67a4d.html
211,20260128__mohammadhasanii.ir__a9df93d7ec97.html
212,20260128__mrud.ir__aa2da1e0b53c.html
213,20260128__mubabol.ac.ir__e8b4be801252.html
214,20260128__mums.ac.ir__5baefc58eee6.html
215,20260128__mut.ac.ir__1092bb161e52.html
216,20260128__my.mci.ir__226abec31f3a.html
217,20260128__my.siponline.ir__6f55a9eabd81.html
218,20260128__myapp.mci.ir__e00c2e2eb2e5.html
219,20260128__namaz.ir__5b94001067b1.html
220,20260128__nano.ir__de4a7528655d.html
221,20260128__nasrnews.ir__8199f05b7003.html
222,20260128__news.mrud.ir__40e771833d33.html
223,20260128__newspaper.hamshahrionline.ir__e4c6f6aa56d5.html
224,20260128__newspaper.irandaily.ir__5ab27cc3e0fa.html
225,20260128__nic.ir__fbb6bf0f42cb.html
226,20260128__nikanadv.ir__742665a7f0d7.html
227,20260128__nioc.ir__da642cb137db.html
228,20260128__niordc.ir__71cfb98a47b4.html
229,20260128__nlai.ir__ac5b0fe54011.html
230,20260128__noorlib.ir__6f9877fa234f.html
231,20260128__noormags.ir__2c60b2f046e3.html
232,20260128__omigo.ir__6d5a71bb25b7.html
233,20260128__onhexgroup.ir__e0675af78cb7.html
234,20260128__ostan-es.ir__dcb23118a220.html
235,20260128__paaz.ir__82bd7f5a059d.html
236,20260128__piman.ir__2babc463a7f8.html
237,20260128__plus.irna.ir__695d7048607a.html
238,20260128__pmo.ir__02c3e4ff635a.html
239,20260128__pnu.ac.ir__eec9fa36d785.html
240,20260128__pogc.ir__4c57a0392dbb.html
241,20260128__president.ir__547b1442c37b.html
242,20260128__preview.alimir.ir__2208f0e10c9c.html
243,20260128__qavanin.ir__0809c705ab5e.html
244,20260128__qom.ir__335e309c92fe.html
245,20260128__qudsonline.ir__66234eca68e8.html
246,20260128__rafsanjani.ir__88b564506d70.html
247,20260128__rahvar120.ir__e1ccc1f2f4d2.html
248,20260128__rai.ir__115544afa20d.html
249,20260128__raja.ir__2fe83aa1dd05.html
250,20260128__rasht.ir__5488491034c6.html
251,20260128__razavi.ir__ce7cb4b0db6f.html
252,20260128__razi.ac.ir__3f8ec0eff8fd.html
253,20260128__rc.majlis.ir__a75c982214d4.html
254,20260128__rch.ac.ir__541a5e0b2e20.html
255,20260128__rcs.ir__5f7240233fdf.html
256,20260128__realrobot.ir__34080f5d313a.html
257,20260128__rezaee.ir__70815d23f161.html
258,20260128__rjsw.atu.ac.ir__f2c5bc8b734e.html
259,20260128__rouydad24.ir__92d097ff4de9.html
260,20260128__rozup.ir__b6bf50f1c3cb.html
261,20260128__rrk.ir__ff58fc57acf0.html
262,20260128__ru.irna.ir__ba19f0e6dc32.html
263,20260128__s4.uupload.ir__a5b099b77491.html
264,20260128__sabteahval.ir__abda1973bf11.html
265,20260128__sad24.ir__9d0044df6318.html
266,20260128__saman.mrud.ir__c7b8a5f8dba2.html
267,20260128__samandehi.ir__89cd6e8bad26.html
268,20260128__samwda.ir__67cf222adf3d.html
269,20260128__seeiran.ir__c2fd777a0847.html
270,20260128__sepahnews.ir__6540d6303c6c.html
271,20260128__seratnews.ir__20834c50b517.html
272,20260128__shafadoc.ir__003d6c17a774.html
273,20260128__shatelmobile.ir__1f718b16c09f.html
274,20260128__shenasname.ir__2db0c992d280.html
275,20260128__shiraz.ir__1c36b6e856be.html
276,20260128__shiraze.ir__ea90699a3435.html
277,20260128__shirazu.ac.ir__b7e0e7cc7701.html
278,20260128__shokrino.ir__dd050c3358b7.html
279,20260128__shora-gc.ir__b376277085c8.html
280,20260128__shweb.ir__a76626d49480.html
281,20260128__sid.ir__4ca4f9d03a58.html
282,20260128__snapp.ir__12ea3897d994.html
283,20260128__snn.ir__fbaedb6e088c.html
284,20260128__statistics.airport.ir__e701ded86eba.html
285,20260128__sums.ac.ir__448a1b4b394f.html
286,20260128__sut.ac.ir__0659e47353ae.html
287,20260128__sutech.ac.ir__a2bb1a22b100.html
288,20260128__taaghche.ir__25bed9b2797f.html
289,20260128__tabriz.ir__f2ead3322cf2.html
290,20260128__tabriziau.ac.ir__40f1ee4fc317.html
291,20260128__tabrizu.ac.ir__3e25427b61fc.html
292,20260128__taktaweb.ir__693b85370edf.html
293,20260128__text2fa.ir__92c89ca83702.html
294,20260128__theater.ir__5e1e80160545.html
295,20260128__tibf.ir__cf26cb7e24ae.html
296,20260128__tinn.ir__4711dfb89129.html
297,20260128__tmicto.tehran.ir__c2cd3de45f68.html
298,20260128__top-gsm.ir__33c336c1d945.html
299,20260128__tpccp.um.ac.ir__291ea111c60a.html
300,20260128__trustseal.enamad.ir__0fbcd6fa9594.html
301,20260128__tse.ir__10707f96f6f5.html
302,20260128__tssq.atu.ac.ir__7b1e99b5a2a6.html
303,20260128__tums.ac.ir__db3a1d0c315d.html
304,20260128__uast.ac.ir__e3236daac391.html
305,20260128__ucna.ac.ir__7bbece230951.html
306,20260128__uk.ac.ir__6cbe9dfe996f.html
307,20260128__um.ac.ir__0906ec3e851e.html
308,20260128__uma.ac.ir__d455164fb52e.html
309,20260128__umsha.ac.ir__668d28842707.html
310,20260128__upfollow.ir__dc4171c1c4a7.html
311,20260128__urmia.ac.ir__a7308ed8018d.html
312,20260128__uupload.ir__44c34c52dcff.html
313,20260128__vaja.ir__29823af02b66.html
314,20260128__waveacc.ir__80cc4351ba98.html
315,20260128__way2pay.ir__6cdc10dc5b87.html
316,20260128__woocommerce.ir__ec63ec81c061.html
317,20260128__wp-master.ir__0352dc9e12ab.html
318,20260128__wp-planet.ir__010e632c4f8e.html
319,20260128__wp-yar.ir__32a87d332022.html
320,20260128__wpex.ir__1733b7d011b1.html
321,20260128__yjc.ir__5825a4688b74.html
322,20260128__yun.ir__4038f5cb8008.html
323,20260128__zaban.guilan.ac.ir__c3b7a0299543.html
324,20260128__zahedan.ir__04081cbcc196.html
325,20260128__zaums.ac.ir__344d41efde07.html
326,20260128__zite.ir__39b72aca1ece.html
327,20260128__zoghalchy.ir__9e8706c0bfd7.html
328,20260128__zoomit.ir__8676ce53be9c.html
329,20260129__111.ir__505b3918972d.html
330,20260129__186.tax.gov.ir__8c03f2b212c5.html
331,20260129__1da.ir__4feb8cd3b487.html
332,20260129__1kg.ir__e15ee0f98e74.html
333,20260129__1na.ir__f1507b3dca15.html
334,20260129__2sou.ir__d536fcbcfdbc.html
335,20260129__37203040.ir__1e952f9621c4.html
336,20260129__3pal.ir__7e10c61afb04.html
337,20260129__7decor.ir__87393a20cda9.html
338,20260129__aab.ac.ir__43c7060ebcdb.html
339,20260129__aag.scu.ac.ir__2c581a43779d.html
340,20260129__abee.ir__97607964b9d4.html
341,20260129__abibeauty.ir__ac4f63ce696e.html
342,20260129__abu.ut.ac.ir__1d7fb80de18a.html
343,20260129__academygold.ir__5c9001a485dc.html
344,20260129__acsan.ir__9a0d0e353a94.html
345,20260129__aero-tech.ir__0a03071cbdef.html
346,20260129__af.farsnews.ir__eb555cd7ea20.html
347,20260129__aghatehrani.ir__e5c9edb56181.html
348,20260129__aghigh.ir__712b00e539da.html
349,20260129__agreeddivorce.blog.ir__4e69f1856f81.html
350,20260129__agriculture.um.ac.ir__763b36ff1dc1.html
351,20260129__ahvaz.ir__f6cb79e235be.html
352,20260129__aihe.ac.ir__c6ec9985dea9.html
353,20260129__aja.ir__a7abb14454cf.html
354,20260129__ajums.ac.ir__dd010ad34d43.html
355,20260129__akhbarfoulad.ir__20f674beb82d.html
356,20260129__akhund.blog.ir__0ab24f49df06.html
357,20260129__ala.ui.ac.ir__3cc8e3fa42a9.html
358,20260129__alaviboroujerdi.ir__45f1b7ea9a73.html
359,20260129__alibaba.ir__b75897e64c8b.html
360,20260129__alipb.ir__065f9a497da7.html
361,20260129__alloyblog.ir__5a5cb9797d8f.html
362,20260129__almaszaffran.ir__46613a068c98.html
363,20260129__alzahra.ac.ir__54b0acdbef7c.html
364,20260129__amindadkhah.ir__1c65de8f4719.html
365,20260129__aminrahmati.ir__e53e089aff2c.html
366,20260129__amirfarahani.ir__fa11941c61cd.html
367,20260129__amirkamari.ir__3aa8c8b6d24d.html
368,20260129__aniticket.ir__cf17f723b891.html
369,20260129__anzali.ir__e8aa49f22e05.html
370,20260129__apb.tbzmed.ac.ir__444b8cf6601c.html
371,20260129__apjmt.mums.ac.ir__c9caf7ff9de6.html
372,20260129__apll.ir__f9c474298d0d.html
373,20260129__app.setareyek.ir__ce3e45fbd909.html
374,20260129__appest.ir__07a4052f919f.html
375,20260129__apploud.ir__3a5c0925e668.html
376,20260129__ar.lib.efatwa.ir__47d1a8bc1246.html
377,20260129__araku.ac.ir__a61814063703.html
378,20260129__arbaeen.tums.ac.ir__a824b15c4ae8.html
379,20260129__archco.ir__15f45f90d7d9.html
380,20260129__ardabil.ostan-ar.ir__18ee7de0363b.html
381,20260129__ariyansepehr.ir__20306153dad7.html
382,20260129__arkainverter.ir__7211bb76ea7e.html
383,20260129__armandaily.ir__9d518cafffe0.html
384,20260129__aryan.ac.ir__787977532659.html
385,20260129__asiadl.ir__7b2d6b628e2c.html
386,20260129__asmaneketab.ir__b1fe8300f69d.html
387,20260129__asrar.ac.ir__50b518a272c4.html
388,20260129__asre-info.ir__7c195036f955.html
389,20260129__asrmehr.ir__a000cf88980d.html
390,20260129__asrpress.ir__fc021033e852.html
391,20260129__atienegaran.ir__be7db6bb6444.html
392,20260129__attar.ac.ir__d04016d8ebc5.html
393,20260129__aui.ac.ir__cfe07689357c.html
394,20260129__az.uast.ac.ir__23d6836ae181.html
395,20260129__azarbadbook.ir__745e63f2a834.html
396,20260129__babaketab.ir__18999ddbdd84.html
397,20260129__babol.iau.ir__e0e292ecd83b.html
398,20260129__bachehayemah.blog.ir__180686f6d7c8.html
399,20260129__baft.iau.ir__76b6dbb796f6.html
400,20260129__baharnews.ir__588d05c6accc.html
401,20260129__bahsamblog.ir__7aac93ebb546.html
402,20260129__bancast.ir__77d6b0482cd8.html
403,20260129__bankmellat.ir__e5b531682d75.html
404,20260129__baranpatogh.ir__8187a21f9aa3.html
405,20260129__basij.um.ac.ir__68a7f9af38ae.html
406,20260129__basijasatid.um.ac.ir__b98b6c948160.html
407,20260129__basparesh.ippi.ac.ir__7662e27f7f04.html
408,20260129__bazafarinishahri.ir__6873cc9c50b7.html
409,20260129__bazzelli.ir__587f8e0c7ab1.html
410,20260129__bcn.iums.ac.ir__f886f2036904.html
411,20260129__beheshtezahra.tehran.ir__7a1f32e97198.html
412,20260129__behinjame.ir__6e3c620cbb15.html
413,20260129__behzadshirani.ir__caf8a19a57f0.html
414,20260129__belgium.mfa.gov.ir__d2c134000806.html
415,20260129__best-dl.ir__7094f0abec66.html
416,20260129__betani.ir__2ffba0d32047.html
417,20260129__betazoon.ir__e9e693b547d3.html
418,20260129__birjand.ac.ir__817232db3d7b.html
419,20260129__bki.ir__84b66b6591e8.html
420,20260129__ble.ir__428318cb412e.html
421,20260129__blissco.ir__37169fece7c0.html
422,20260129__blog.finto.ir__3f985451265d.html
423,20260129__blog.ir__8f7778b2b7fd.html
424,20260129__bmn.ir__338c9b9ee9b8.html
425,20260129__bon.tibf.ir__7ba148a469eb.html
426,20260129__boromusic.ir__6d565aa6e8fb.html
427,20260129__boshrooyeh.ir__3f116d65f0c2.html
428,20260129__boursieplus.ir__af891f4eda10.html
429,20260129__bpums.ac.ir__31618497181d.html
430,20260129__breliancafe.ir__ee1612674190.html
431,20260129__bshafiei.ir__79bd862c87a2.html
432,20260129__bsma.ir__988c3fcd5667.html
433,20260129__bushehr.ir__fc185cb6769c.html
434,20260129__c2m.isfahan.ir__9bdb7d08367a.html
435,20260129__cabinetaux.ir__280caf32cba1.html
436,20260129__camaan.ir__71def0888f72.html
437,20260129__cann.ir__2b3db4abc524.html
438,20260129__cardo.ir__74a01b1fcb5a.html
439,20260129__catc.ac.ir__4d38eb971855.html
440,20260129__ce.sharif.ir__bcb96c071dcf.html
441,20260129__cehsat.iust.ac.ir__67a11a4c698f.html
442,20260129__cemf.ir__25303e1e8509.html
443,20260129__chadormosaferati.ir__b282e5cb3bba.html
444,20260129__chapico.ir__631c9a9af1a9.html
445,20260129__chargoshe.ir__4f4c9a543605.html
446,20260129__chebazi.ircg.ir__f16c30c47fd4.html
447,20260129__chishi.ir__0c3b7773ca42.html
448,20260129__chnphoto.ir__a74209aad1bf.html
449,20260129__chrand.folani.ir__777bc9443e8f.html
450,20260129__cityofisfahan.ir__5e66eb86c449.html
451,20260129__civillabs.kashanu.ac.ir__01db1a6b5776.html
452,20260129__click.ir__2734bf16db1d.html
453,20260129__clrj.modares.ac.ir__de2f73973c0f.html
454,20260129__cmja.arakmu.ac.ir__3f1ed5efbf36.html
455,20260129__coderlife.ir__06295584afed.html
456,20260129__codetools.ir__bb7ed4fb6093.html
457,20260129__cold-house.ir__449206a16a9b.html
458,20260129__contemporarylit.ihcs.ac.ir__8f83b81856a8.html
459,20260129__cover.folani.ir__285faded9e8e.html
460,20260129__crbeton.ir__d1bfc2f2c3d0.html
461,20260129__daily.sharif.ir__42d5b3065e79.html
462,20260129__damavandzamin.ir__4732caa00463.html
463,20260129__dana.medu.ir__0176cf02ec1f.html
464,20260129__danesh1251.blog.ir__f1002f86035e.html
465,20260129__daneshju.ir__6f98fdbffae8.html
466,20260129__dap.co.ir__2a33a4fb835d.html
467,20260129__darbgostar.ir__8cf5ba66f78c.html
468,20260129__dastour.ir__14da38730c12.html
469,20260129__data.gov.ir__7c290db67c5c.html
470,20260129__day-news.ir__8fc9f4e81ebb.html
471,20260129__dbst.ir__ce6e89952e1d.html
472,20260129__defamoghaddas.ir__6e87c2ff5e64.html
473,20260129__dehkhoda.ut.ac.ir__eb64b5ac8ddd.html
474,20260129__denzohome.ir__10adf8f9027f.html
475,20260129__derhal.ir__9b6775a242eb.html
476,20260129__dhmedia.ir__adf359036569.html
477,20260129__diatessaron.ir__02123cb0ca27.html
478,20260129__didarnews.ir__cccb7ff7870a.html
479,20260129__digifonts.ir__874356741882.html
480,20260129__digisafari.ir__37fd1387fa46.html
481,20260129__digitallib.aut.ac.ir__37d3c72e640f.html
482,20260129__diglib.tums.ac.ir__4d03c593d609.html
483,20260129__diok.ir__017bc354777f.html
484,20260129__dl.iust.ac.ir__ccb2d77a2603.html
485,20260129__dl.reba.ir__807cf72533b2.html
486,20260129__dockerme.ir__a75e33f40f4b.html
487,20260129__dockleveler.ir__31355b2e8cb9.html
488,20260129__doe.ir__d6d4df83ffb8.html
489,20260129__dsoc.ir__7798bd075908.html
490,20260129__dsport.ir__2258f734d246.html
491,20260129__dvolt.ir__79785cb0518f.html
492,20260129__dwseo.ir__6756eb39c7d0.html
493,20260129__eakh.mcls.gov.ir__f46eb43d7500.html
494,20260129__ebookrally.ir__219ee53e4db0.html
495,20260129__eca.ir__eca2a5696138.html
496,20260129__ecell.ir__c9efc807fcba.html
497,20260129__eftekharazarbaijan.ir__95bd3cdb43d4.html
498,20260129__egomarketing.ir__8dd9de5c079b.html
499,20260129__eijh.modares.ac.ir__5afd8e3cfcea.html
500,20260129__ellaro.ir__bc5132da1573.html
501,20260129__elmnet.ir__15b951269b07.html
502,20260129__elpiro.ir__84dbfd57f82d.html
503,20260129__emarket88.ir__b8f208394d24.html
504,20260129__emroooz.ir__fbdf54d0425e.html
505,20260129__emsig.ir__dbe7cde62868.html
506,20260129__en.abfaesfahan.ir__55c54b666e3d.html
507,20260129__en.alzahra.ac.ir__493cffb4e491.html
508,20260129__en.bmn.ir__121cd7589181.html
509,20260129__en.kanoonnews.ir__f4d9a41261c6.html
510,20260129__en.khuisf.ac.ir__1ed9a61fc074.html
511,20260129__en.mfa.gov.ir__2879d4e2ac3a.html
512,20260129__en.nioc.ir__d507d09e02c4.html
513,20260129__en.tarna.ir__311f7977268f.html
514,20260129__eng.ut.ac.ir__dcdc555f3f53.html
515,20260129__englaw.ir__cbe05516f987.html
516,20260129__english.irantvto.ir__85f677c8d4c3.html
517,20260129__epedc.ir__7b68ca2a5667.html
518,20260129__epitomebooks.ir__028316f91f49.html
519,20260129__eps.journals.umz.ac.ir__4d1fd118e869.html
520,20260129__eqbal.ac.ir__b9f4cf01e85e.html
521,20260129__ertebat.bancast.ir__1a0d801de9ed.html
522,20260129__esanj.ir__9a914915dfe6.html
523,20260129__esfahan.theater.ir__a2da2864cdc5.html
524,20260129__esfahanemrooz.ir__c705290bc14b.html
525,20260129__esfahanzibaonline.ir__e1bac04f07b7.html
526,20260129__esfhamdeli.ir__0e1c75176d63.html
527,20260129__eshop.eca.ir__fdc54f7543b4.html
528,20260129__etemaad.ir__992512a548de.html
529,20260129__evand.ir__50d763dd0e1c.html
530,20260129__expo.ir__83401e90b258.html
531,20260129__fa.wikida.ir__61b5848521a7.html
532,20260129__fantasystories.blog.ir__a47f1be64adf.html
533,20260129__fapool.ir__01530df5c1be.html
534,20260129__faraa.ir__4096d70922f9.html
535,20260129__faradeed.ir__5164d50d830e.html
536,20260129__farahanico.ir__b064ece72b1e.html
537,20260129__farahoush.ir__8be0515fc61e.html
538,20260129__farashpaz.ir__bfbe77c8ff3e.html
539,20260129__farsiradyab.ir__d863efa88e5f.html
540,20260129__fatehan.ir__6ef0d69752c0.html
541,20260129__fathitraininggroup.ir__4569eb8b7b61.html
542,20260129__fcesteghlal.ir__e1b4e283568f.html
543,20260129__fda.gov.ir__9ea17e1fbbbb.html
544,20260129__fehamnews.ir__2227954d18a0.html
545,20260129__fej.ctb.iau.ir__de82c3f1fb7c.html
546,20260129__felezatonline.ir__ba653e77a420.html
547,20260129__fesadsetiz.ir__adb0e09e0bca.html
548,20260129__fhnews.ir__93e93c1ee703.html
549,20260129__fidia.ir__08690453823a.html
550,20260129__fids.airport.ir__e0cd859dac76.html
551,20260129__fileday.ir__9740753eb108.html
552,20260129__finto.ir__458445754764.html
553,20260129__flytoday.ir__cb49c06f1ccc.html
554,20260129__fmedicine.ajums.ac.ir__ebbd0cb15a19.html
555,20260129__fmss.journals.pnu.ac.ir__ee0e27fad4f1.html
556,20260129__fooladfc.ir__6c58033cd370.html
557,20260129__fsct.modares.ac.ir__939ce1967bb9.html
558,20260129__ganj.irandoc.ac.ir__f94046d43748.html
559,20260129__garmsar.iau.ir__82ebf5d435af.html
560,20260129__gau.ac.ir__02b223489038.html
561,20260129__gerdab.ir__b8adaca2d759.html
562,20260129__ghalamou.blog.ir__ec82be496e30.html
563,20260129__ghalibaf.ir__43caea389ba0.html
564,20260129__ghazal.inif.ir__329cac08217b.html
565,20260129__ghe3doon.ir__83e90699ec18.html
566,20260129__gigapaper.ir__c8f28fe794be.html
567,20260129__gilan.rmto.ir__d33523c46294.html
568,20260129__gmu.ac.ir__e2b9327ab0fe.html
569,20260129__goldilocks.ir__e78e0374b367.html
570,20260129__gonbad.ac.ir__74768f8ccc34.html
571,20260129__goums.ac.ir__cecb632d2381.html
572,20260129__gov.kr.ir__fe88ac6eaeae.html
573,20260129__gpiutmd.iut.ac.ir__f5d4d3fcf7bc.html
574,20260129__greenhearts.ir__5be56f531331.html
575,20260129__gsi.ir__771b6befd581.html
576,20260129__gsm.ir__5b91fa55542f.html
577,20260129__h-navvab.ir__bdbfc1947c92.html
578,20260129__haalco.ir__f66778e8eba5.html
579,20260129__hajghasem.ir__64d6d86efbec.html
580,20260129__hakeim.ir__6d0083322111.html
581,20260129__hamanweb.ir__dff37d0276e5.html
582,20260129__hamyartrip.ir__2bb1261ed42c.html
583,20260129__haram.razavi.ir__8a4a6c0aed91.html
584,20260129__haratischool.ir__d17725392b7e.html
585,20260129__hatamonline.ir__5850f4a4e418.html
586,20260129__helli.ir__63c8e1e0bf1b.html
587,20260129__helli2.ir__f36b07356a7d.html
588,20260129__hesabdar.iica.ir__b23c10c0a02b.html
589,20260129__hexa.ir__7f448c47373f.html
590,20260129__hiholiday.ir__60547beef377.html
591,20260129__hitsound.ir__50b99db2f211.html
592,20260129__homecoffee.ir__fe0d9966ca65.html
593,20260129__honar.ac.ir__d0c6d4f934e6.html
594,20260129__hoquq.iict.ac.ir__e29524715631.html
595,20260129__hormoz.ir__7cadb1fa5e78.html
596,20260129__hornaz.ir__3e51676bfc73.html
597,20260129__hostseven.ir__28c6faa00d7a.html
598,20260129__hri.ac.ir__ff063f117f80.html
599,20260129__hut.ac.ir__f5c47b02f1f1.html
600,20260129__iaa.ir__316b133447e8.html
601,20260129__iauksh.ac.ir__7b7537f5487f.html
602,20260129__iaun.ac.ir__d13cd99cb84d.html
603,20260129__ib.bki.ir__ba831af21cfa.html
604,20260129__ibshop.ir__72e2fdc9e6bb.html
605,20260129__ibtil.ir__a82a5a1d478c.html
606,20260129__ibtrader.ir__f3b2a81015f3.html
607,20260129__icaller.ir__9f6a3bd48d3e.html
608,20260129__icana.ir__3eadbacc0d7d.html
609,20260129__iccnews.ir__cc911c5728e7.html
610,20260129__iceeconf.ir__d3d5a972ef5b.html
611,20260129__icme2025.iranjme.ir__bbb22681ad78.html
612,20260129__icpalestine.parliran.ir__2463e76b14ba.html
613,20260129__icps.ut.ac.ir__b403463de36a.html
614,20260129__ieaoi.ir__4232dc541471.html
615,20260129__iela.ir__314fa596e9ee.html
616,20260129__ifb.ir__9d931279e6d0.html
617,20260129__ifstrj.um.ac.ir__5cc2b08dd8de.html
618,20260129__ihcs.ac.ir__491aa990d187.html
619,20260129__iica.ir__14c10050289f.html
620,20260129__ijas.usb.ac.ir__f1fc8e44e60c.html
621,20260129__ijbms.mums.ac.ir__575eda51cca4.html
622,20260129__ijer.skums.ac.ir__a08b68bf80f1.html
623,20260129__ijhs.ut.ac.ir__a4b0559a37ae.html
624,20260129__ijms.sums.ac.ir__bde5d6a612b1.html
625,20260129__ijn.mums.ac.ir__83770cc0fa84.html
626,20260129__ijnr.ir__ebe6204f43b0.html
627,20260129__ijpa.tums.ac.ir__fdb7e914fefd.html
628,20260129__ijpcp.iums.ac.ir__9310876e9174.html
629,20260129__ijpt.iums.ac.ir__eb58d28771ed.html
630,20260129__ijswr.ut.ac.ir__1baeda30264c.html
631,20260129__ikac.ir__7cb95e815817.html
632,20260129__ikco-peugeot.ir__ceebe074e3b4.html
633,20260129__ikcopress.ir__58271be1492c.html
634,20260129__ikcosales.ir__37b7af43e5c4.html
635,20260129__ikiu.ac.ir__110ac5403cd5.html
636,20260129__imamreza.ac.ir__c472ac14c0de.html
637,20260129__ime.co.ir__15105ca9ebce.html
638,20260129__ims.irceo.ir__1c4a7ca12513.html
639,20260129__in6.ir__30105d866aee.html
640,20260129__inbr.ir__f27e0cec6c33.html
641,20260129__indonesia.mfa.gov.ir__308ab987603d.html
642,20260129__inif.ir__1541a5090c37.html
643,20260129__intaffairs.isfahan.ir__9e9d87d6cc93.html
644,20260129__international.irantvto.ir__c42289679b82.html
645,20260129__ipm.ir__bab087453490.html
646,20260129__ipna.ir__5f7d26974f1b.html
647,20260129__ipo.ir__ce321908dc6b.html
648,20260129__ipodmusic.ir__c9a6cdb0c5ba.html
649,20260129__iran.gov.ir__f4f22f55e9de.html
650,20260129__iran.ir__fa7e67e4073c.html
651,20260129__iranairtour.ir__13cc353f1ffa.html
652,20260129__iranbinary.ir__713cd1fb10be.html
653,20260129__iranet.ir__2cbeaaf50c34.html
654,20260129__irangdi.ir__2f3574fd8e8e.html
655,20260129__iranhmusic.ir__1f46fd1d4d6b.html
656,20260129__iranicf.ir__ffb41f2be29f.html
657,20260129__iranitftkd.ir__3510b6ef7618.html
658,20260129__iranithenticate.ir__42ed35a76755.html
659,20260129__iranjazz.ir__857920bf239a.html
660,20260129__iranjobfair.ir__3f5f15c40d1e.html
661,20260129__iranlens.ir__cec1401c01ec.html
662,20260129__irannature.areeo.ac.ir__eec11db3627f.html
663,20260129__irantvto.ir__0158d5b5967e.html
664,20260129__iranvarjavand.ir__67c104ce709d.html
665,20260129__iranvolleyballshop.ir__8993024923ed.html
666,20260129__irgshop.ir__0441378b2e53.html
667,20260129__isa.ir__d41482b35d0b.html
668,20260129__isf-bmn.ir__bb5500076e38.html
669,20260129__isfahanattorney.ir__f8f55a13a6d4.html
670,20260129__isfahanplan.ir__bcc7fd7f1371.html
671,20260129__isid.research.ac.ir__d14c99bcac0d.html
672,20260129__iusnews.ir__c0a98fd5d371.html
673,20260129__izbank.ir__b170008f4bef.html
674,20260129__jab.uk.ac.ir__5112c0e25506.html
675,20260129__jadvaljoo.ir__b4c7ea234307.html
676,20260129__jamp.sums.ac.ir__d9285f39ff13.html
677,20260129__jangaavaran.ir__e863e9848fc9.html
678,20260129__jast.modares.ac.ir__e39868a23944.html
679,20260129__javadi.esra.ir__2fcc4096c687.html
680,20260129__jbpe.sums.ac.ir__2d95e8b2b43e.html
681,20260129__jcs.tbzmed.ac.ir__3dd63fd7541b.html
682,20260129__jcss.ut.ac.ir__3ec115c810bb.html
683,20260129__jcvtr.tbzmed.ac.ir__e654b686430b.html
684,20260129__jes.ut.ac.ir__e0f7837ca4ac.html
685,20260129__jfaup.ut.ac.ir__f268df0fa317.html
686,20260129__jgeoqeshm.ir__391a5b1c828a.html
687,20260129__jhmtr.semnan.ac.ir__5fd7c58a694a.html
688,20260129__jis.ut.ac.ir__7fee063b949c.html
689,20260129__jitm.ut.ac.ir__06f4af9c7f0e.html
690,20260129__jlw.razi.ac.ir__5924edb717d3.html
691,20260129__jmbr.mbri.ac.ir__31806ef3af54.html
692,20260129__jmpb.areeo.ac.ir__fbc0fe11795e.html
693,20260129__jmums.mazums.ac.ir__e0718e03a688.html
694,20260129__jobinja.ir__7b3efab1e5f9.html
695,20260129__jobvision.ir__f018570d4aae.html
696,20260129__johe.umsha.ac.ir__f08bc1529cb8.html
697,20260129__joorachi.ir__467a44e5200b.html
698,20260129__jou.spsiran.ir__3a2f19327a31.html
699,20260129__journals.iut.ac.ir__832fbc979354.html
700,20260129__journals.scu.ac.ir__3a4d24b78354.html
701,20260129__jpcp.uswr.ac.ir__2338320a514f.html
702,20260129__jra-tabriziau.ir__bf2a409e54f6.html
703,20260129__jrcm.tbzmed.ac.ir__dc0bfbc39364.html
704,20260129__jscenter.ir__8979a0cadd87.html
705,20260129__jsfm.shahroodut.ac.ir__bce4fd9e4df3.html
706,20260129__jspt.ir__65cd3ca3215c.html
707,20260129__jsr.usb.ac.ir__e8a1f9db4857.html
708,20260129__jtdm.irost.ir__af93ba63ce57.html
709,20260129__jtls.shirazu.ac.ir__2f2af48a2c58.html
710,20260129__justemza.ir__0f57fd328e55.html
711,20260129__jwim.ut.ac.ir__a515da98bb73.html
712,20260129__kafshyek.limoblog.ir__5bd12bfcb515.html
713,20260129__kalarian.ir__8cb82536e50f.html
714,20260129__kamalolmolk.ac.ir__7bc4a55ef10f.html
715,20260129__kandahar.mfa.gov.ir__5813a499bdcc.html
716,20260129__karaj.iau.ir__86cc9bfdb3e7.html
717,20260129__karaj.ir__f743003c25d9.html
718,20260129__karapump.ir__7b7612fc5654.html
719,20260129__karevansadeghiye.ir__328155da95e0.html
720,20260129__karimijahromi.ir__410faac52588.html
721,20260129__karkan.ir__47bd38c2ce34.html
722,20260129__kashaaneh.ir__3e0b1c942dec.html
723,20260129__kashan.ir__513dd79f21f4.html
724,20260129__kazerun.iau.ir__c69e8beb3e79.html
725,20260129__kb.doe.ir__b06750efc999.html
726,20260129__kenariha.ir__8a4e176e9701.html
727,20260129__khabarfakher.ir__3c9ea821cd4e.html
728,20260129__khabarnasim.ir__f9395e3bb081.html
729,20260129__khabarsignal.ir__3ef2bb9b9c9c.html
730,20260129__khamenei.ir__78bb0a9b7caa.html
731,20260129__kharg-online.ir__dd970f62d7bc.html
732,20260129__khayyam.ac.ir__7741a7950fe9.html
733,20260129__khazar.ac.ir__a179fd7593da.html
734,20260129__khomeinishahr.ir__0efd4f48b87d.html
735,20260129__kia-kahroba.ir__1a45be4b226e.html
736,20260129__kmu.ac.ir__f7b90ca650c9.html
737,20260129__kongereh-paytakht.ir__817b164b9f4b.html
738,20260129__kurdistan.mcth.ir__2886f8d9d733.html
739,20260129__kyokushin.ir__403542ea393e.html
740,20260129__labset.ir__e2dcefb31659.html
741,20260129__labsnet.ir__89740255fef1.html
742,20260129__leanify.landin.ir__376f76f94da8.html
743,20260129__letsgotrip.ir__7c21f42fcb0b.html
744,20260129__lib.du.ac.ir__38d0d3fbb98f.html
745,20260129__life.irna.ir__ed2c6508e4b1.html
746,20260129__limogfx.ir__b8dd474f5c95.html
747,20260129__lims.splc.ir__78fdb72af3cb.html
748,20260129__lisbon.mfa.ir__174647580929.html
749,20260129__macs.semnan.ac.ir__79372c6a02e3.html
750,20260129__mahdaviatfest.ir__f5607087ed56.html
751,20260129__mahfamarine.ir__38902c7630f6.html
752,20260129__makwan.ir__26bc5c6adaf9.html
753,20260129__mamaliishop.ir__d976df058136.html
754,20260129__mana-form.ir__d65df0804e1f.html
755,20260129__manshooretoseehonline.ir__5d5c194c992f.html
756,20260129__marinenews.ir__7126ec2c0f8e.html
757,20260129__marinesport.ir__6430bf4581df.html
758,20260129__markazi.farhang.gov.ir__5049b2e723d7.html
759,20260129__markazkade.ir__7daef430d061.html
760,20260129__marketing-research.ir__565f13f3fc9f.html
761,20260129__marlik.ac.ir__880da2fabb7f.html
762,20260129__mashhad.miu.ac.ir__93d7e108fada.html
763,20260129__mashhoor.ir__2bf109588284.html
764,20260129__matabeonline.ir__16201bd5dc28.html
765,20260129__matc.ir__2fded025f23c.html
766,20260129__math.ipm.ac.ir__fcac68c36221.html
767,20260129__mathco.journals.pnu.ac.ir__5102644f1bc3.html
768,20260129__mayor.isfahan.ir__f62a63f59576.html
769,20260129__mazarisharif.mfa.gov.ir__f836b5d9e231.html
770,20260129__maziar.ac.ir__861e5451f8e6.html
771,20260129__mcej.modares.ac.ir__526d3686c21e.html
772,20260129__mci.ir__aa8383aa9085.html
773,20260129__mcs.ajaums.ac.ir__2e453b08cd12.html
774,20260129__mech.iust.ac.ir__0f6f2660ed11.html
775,20260129__medical-app.ir__60abeef1eaa0.html
776,20260129__medicine.tums.ac.ir__769c5cf7cb88.html
777,20260129__medsab.ac.ir__58017669b5b1.html
778,20260129__mefa.ir__b32100f7a822.html
779,20260129__mehrdad32.ir__d421beae570a.html
780,20260129__mehrmohammadi.ir__5dfe7bd02837.html
781,20260129__mej.aut.ac.ir__d351c873e247.html
782,20260129__mfa.ir__bb93e08da3f7.html
783,20260129__mgwd.ir__56ba67a890d5.html
784,20260129__minihoodi.folani.ir__b48bb42b45d2.html
785,20260129__mobisha.ir__e05dd9bc5e43.html
786,20260129__moboto.ir__c92617eada42.html
787,20260129__modir-danesh.ir__a451bebd4fd9.html
788,20260129__modirebimeh.ir__35142060645b.html
789,20260129__mosavatnews.ir__75070c4ce46c.html
790,20260129__moslehicpr.ir__39872737c987.html
791,20260129__motahar.ac.ir__02643ca4b5f7.html
792,20260129__mui.ac.ir__bb0aaed4a9a1.html
793,20260129__musicdel.ir__2e85448884af.html
794,20260129__my.apploud.ir__f4beb17c0f67.html
795,20260129__my.medu.ir__3bfea4fb3eaf.html
796,20260129__mybatery.ir__3bad6e9a4964.html
797,20260129__mybusiness20.ir__f85f660cdf65.html
798,20260129__myket.ir__bd64bcfc7c88.html
799,20260129__naderlou.ir__978154c3cbae.html
800,20260129__najafi8.ir__1a85a10331fc.html
801,20260129__namapichrolpelak.ir__fc8f2d897c63.html
802,20260129__natanz.ir__8e3857df9db3.html
803,20260129__nbml.ir__3cb520d2801a.html
804,20260129__nbsh.basu.ac.ir__f1280d6d1dc6.html
805,20260129__nedaja.aja.ir__3b5871a18fe3.html
806,20260129__netchain.ir__42bce05ce428.html
807,20260129__nevado.co.ir__9ba0aebacc59.html
808,20260129__nevisak.ir__7c174dd8b9bf.html
809,20260129__newhollandiran.ir__556c66d237dd.html
810,20260129__news-one.ir__f959164f844b.html
811,20260129__news-sky.ir__eea244ff4ea3.html
812,20260129__news.mashhad.ir__6b604af41665.html
813,20260129__news.tccim.ir__790d7579c0f8.html
814,20260129__newsarchive.ir__f7ba7a2ee399.html
815,20260129__newssat.ir__cdf9f00070ab.html
816,20260129__newsyekta.ir__920b23b2a12c.html
817,20260129__neyshabur.ir__838dbd500298.html
818,20260129__nfsr.sbmu.ac.ir__79bc89f11560.html
819,20260129__niceoptic.ir__e09d8184e607.html
820,20260129__nics24.ir__de270ca29b5e.html
821,20260129__nigc.ir__229a0ca3d7b2.html
822,20260129__nilstudio.ir__6dc4545f93d6.html
823,20260129__nipc.ir__b757fa983810.html
824,20260129__nivf.ir__50a2d4bd4061.html
825,20260129__nona.landin.ir__ac56beba628c.html
826,20260129__nopara.monoblog.ir__7f1b2cc0ecbb.html
827,20260129__noyansahandsanat.ir__a08c0d4311ad.html
828,20260129__npln.ir__0fbc6fc0e051.html
829,20260129__nshn.ir__ea96fd0ff638.html
830,20260129__numberland.ir__dfde57947c8b.html
831,20260129__nursemarket.ir__170c195c9c8c.html
832,20260129__oiciran.ir__0d31ecf01cee.html
833,20260129__old.makarem.ir__c7ed3d507502.html
834,20260129__old.roshd.ir__5ccac26f8e31.html
835,20260129__olympic.ir__8adbbf57b3f4.html
836,20260129__onlineholding.ir__8947ad2adb51.html
837,20260129__opac.nlai.ir__45cdd2eb8ef8.html
838,20260129__ostan-chb.ir__ba03782cd30c.html
839,20260129__ostan-mz.ir__8a390e663601.html
840,20260129__ostan-th.ir__166498adc91d.html
841,20260129__ostan-yz.ir__d58fc85d6531.html
842,20260129__oubo.ir__8d87da7ae96c.html
843,20260129__pamchalthermos.ir__28c72aa7c251.html
844,20260129__panel.arzanfollowers.ir__c9a90bb8dccf.html
845,20260129__paprikahome.ir__27b45e5b9d13.html
846,20260129__parks.tehran.ir__e4fe2222f91d.html
847,20260129__parsa.ac.ir__7187d3ec1a9a.html
848,20260129__parskhodro.ir__e103d67cc34a.html
849,20260129__parto-ticket.ir__ad0f246b60fa.html
850,20260129__pasokhgoo.ir__7e934a4121fc.html
851,20260129__payamkala.ir__1eecd2537675.html
852,20260129__payavard.tums.ac.ir__0a3239931ee4.html
853,20260129__pazhoheshgarnews.ir__29c460b98cbf.html
854,20260129__pbm.cfu.ac.ir__06e12a336b56.html
855,20260129__pbr.put.ac.ir__c59ea7d6d06f.html
856,20260129__persianteb.ir__4cbbb2742c52.html
857,20260129__pezeshk-site.ir__3d37e0ffca84.html
858,20260129__phd.cfu.ac.ir__431c4527d4df.html
859,20260129__phm.znu.ac.ir__94074c36c0bf.html
860,20260129__pic3.ir__90d8144cabe1.html
861,20260129__pishkhan.rqbank.ir__c8d33365d64e.html
862,20260129__pishraft94.ir__2e6000fddb19.html
863,20260129__pishroschool.ir__0b86afb8aa54.html
864,20260129__player.arvancloud.ir__b139dc07278f.html
865,20260129__plaza.ir__790805b17036.html
866,20260129__pnum.ac.ir__80ec57d74b41.html
867,20260129__porsan.ir__098ad304c9c9.html
868,20260129__portal-il.ir__5364fd52997a.html
869,20260129__portal.chakadclub.ir__04341bbc6770.html
870,20260129__poryanet.ir__dacdb8a01a91.html
871,20260129__poweren.ir__b8717ab19c3d.html
872,20260129__ppj.phypha.ir__2b2d11ed48fd.html
873,20260129__prof.khuisf.ac.ir__c16f372b53ff.html
874,20260129__profdoc.um.ac.ir__78c5c4620005.html
875,20260129__profile.ut.ac.ir__1cf9a8fa86fd.html
876,20260129__profs.basu.ac.ir__c01f6ce8b668.html
877,20260129__ps-club.ir__8606121a4ff0.html
878,20260129__ps.tbzmed.ac.ir__99048e19a0e7.html
879,20260129__psi.ir__8f8215410949.html
880,20260129__pspaydar.ir__a4f9cefb60bb.html
881,20260129__pt-afran.ir__e6219557816c.html
882,20260129__pub.daneshbonyan.ir__96298a77c2f3.html
883,20260129__put.ac.ir__ba28d162c6f8.html
884,20260129__qa.holoo.co.ir__5c0dd2adf76e.html
885,20260129__qhu.ac.ir__635ee949ee5c.html
886,20260129__qom.ac.ir__d6319d4e87e3.html
887,20260129__rabit.kums.ac.ir__173a37aa3cf5.html
888,20260129__rabu.ir__50ab39c8483d.html
889,20260129__radkoh.ir__0745343ec413.html
890,20260129__rahbordsyasi.ir__92f996dc06bd.html
891,20260129__rahman.ac.ir__f1461eca2e14.html
892,20260129__rahpooyan-qom.ir__8a94f496f5e3.html
893,20260129__rail-news.ir__19081c6f6791.html
894,20260129__ramsar.ir__48fc292663ec.html
895,20260129__rasadenergy.ir__ff855dd4cfee.html
896,20260129__rashedoon.ir__032a10683f6a.html
897,20260129__ravipodcast.ir__72961d9bb0b4.html
898,20260129__razavi.ac.ir__7416c539e321.html
899,20260129__rdiet.ir__329eac3231c9.html
900,20260129__rehabilitationj.uswr.ac.ir__704b01e96796.html
901,20260129__ri.urd.ac.ir__7a634e74178e.html
902,20260129__rightech.ir__626644a9e956.html
903,20260129__ripi.ir__9eb4179af610.html
904,20260129__rjms.iums.ac.ir__44d3a276a856.html
905,20260129__rkj.mcls.gov.ir__6da8089e07b2.html
906,20260129__rmto.ir__f23deb213aa5.html
907,20260129__rodaki.ac.ir__ecaf2e75f1ed.html
908,20260129__rojanpress.ir__3f96e4fad578.html
909,20260129__rooboon.ir__44093b6432d3.html
910,20260129__roozhayeborujerd.ir__0d237953d4cf.html
911,20260129__roshangaran-pub.ir__7ffdf772d516.html
912,20260129__roshdmag.ir__d311f9790946.html
913,20260129__royansprouts.ir__45c25980928c.html
914,20260129__rtis2.ut.ac.ir__9403089bf089.html
915,20260129__rubika.ir__7088ef2ad581.html
916,20260129__run-ex.ir__34251a5ab704.html
917,20260129__rushd.ir__24c1cce63529.html
918,20260129__ruzbehiha.ir__b5785f5f9a71.html
919,20260129__sabakhabar.ir__04a0eef0a02a.html
920,20260129__sabanet.ir__86bb76d539c1.html
921,20260129__sabasteel.ir__f300966385d3.html
922,20260129__sabzm.ir__1c2bbfb0942c.html
923,20260129__sadjad.ac.ir__cd6895d8e16f.html
924,20260129__sajjadaslani.ir__3f221d51aa40.html
925,20260129__salamcinama.ir__eb70bd884347.html
926,20260129__salehiyan.ir__ad36ff0aecf2.html
927,20260129__salmandj.uswr.ac.ir__36674ea6d9b0.html
928,20260129__samaneline.ir__3ba86921abeb.html
929,20260129__sana.ac.ir__28babd938336.html
930,20260129__sanandaj.iau.ir__b4e7d138b85f.html
931,20260129__sanandaj.ir__1b6dd4790f35.html
932,20260129__sanaray.ir__415b7c996069.html
933,20260129__sapp.ir__e3b3e326ec30.html
934,20260129__saqqez.ir__67cc1780a365.html
935,20260129__sarabweb.ir__34e3b7bf98ae.html
936,20260129__sargarmirooz.ir__c9d455a59871.html
937,20260129__satba.gov.ir__c5837de15c8d.html
938,20260129__sbmu.ac.ir__d722ded16005.html
939,20260129__sbu.ac.ir__a697a686b1b6.html
940,20260129__scarf.folani.ir__360b1f614694.html
941,20260129__sci.um.ac.ir__91b772003709.html
942,20260129__scoopsang.ir__f6e7ab33c94b.html
943,20260129__scriptha.ir__778e4df0de57.html
944,20260129__sdasset.ir__9621e3c9f6d3.html
945,20260129__sdbr.ir__cf11b033e567.html
946,20260129__sdbroker.ir__b6a13ae0dde5.html
947,20260129__sdpn.ir__05002c5189de.html
948,20260129__sellfi.ir__508a9741e6d0.html
949,20260129__semedco.ir__a87c451c7ad8.html
950,20260129__semnan.ac.ir__d6d3eb7ab5f3.html
951,20260129__semnan.bmn.ir__872d7928d14f.html
952,20260129__semnan.ir__be4e1fa56a81.html
953,20260129__sena.ir__9919945bbf6d.html
954,20260129__seo-team.ir__bf7d0620b5f6.html
955,20260129__seo6.ir__5ec19a9d79ce.html
956,20260129__sepahankhabar.ir__8138fd8ef60f.html
957,20260129__sepal.ir__5f29917d30fd.html
958,20260129__seraj.ac.ir__a0d415d5f07a.html
959,20260129__seyedalimousavinoor.ir__b64bbc40233f.html
960,20260129__shabestar.iau.ir__5e1123049dbc.html
961,20260129__shafagh.ac.ir__fa652278274e.html
962,20260129__shahaab-co.ir__27e354ec78e0.html
963,20260129__shahecheragh.ir__9f997f360fee.html
964,20260129__shahed.ac.ir__7b7acd3efe48.html
965,20260129__shahnamehdecor.ir__2338db2402d4.html
966,20260129__shahredivx.ir__900623af73ec.html
967,20260129__shahrekord.iau.ir__6a3cbce0ddd2.html
968,20260129__shamad.saramad.ir__49442b3dbd0c.html
969,20260129__shandiz.ac.ir__ae103b51e8a5.html
970,20260129__shara.ir__b7e665e0a4c6.html
971,20260129__sharj2call.ir__d1dd546ea648.html
972,20260129__shomal.ac.ir__79973f16a2e2.html
973,20260129__shoushtar.iau.ir__b1de92fe7274.html
974,20260129__siasatrooz.ir__47fdcdb02e82.html
975,20260129__sidebeton.ir__b88d27296f95.html
976,20260129__smart-edu.ir__729096a0d717.html
977,20260129__smartsecret.ir__2e0995454ecd.html
978,20260129__smarttools.ir__f3bd85cf97fe.html
979,20260129__snpm.ir__81357daa0a36.html
980,20260129__soc.razi.ac.ir__257017f0ba24.html
981,20260129__soheilkoliyaei.ir__48a064f553aa.html
982,20260129__soorehayesorkh.ir__30988dbeda0f.html
983,20260129__sooremehr.ir__ba980db78dac.html
984,20260129__spanish.khamenei.ir__12e4e223a91b.html
985,20260129__splus.ir__7a0874f10edc.html
986,20260129__srasnafi.ir__2e89d24bc63b.html
987,20260129__ssmt.ir__3bee5bb0a9a6.html
988,20260129__styley.ir__6e0b1606340a.html
989,20260129__survey.porsline.ir__99329f9adcba.html
990,20260129__t4f.ir__35ccd80e33d0.html
991,20260129__tabaran.ac.ir__054c8fe458ab.html
992,20260129__tabari.ac.ir__65e70f6cf2b9.html
993,20260129__takhfifmal.ir__0d5dd404aeb5.html
994,20260129__talano.ir__78b987535e81.html
995,20260129__tarahmarkazi.ir__eaf4f45ffe2f.html
996,20260129__tavakoliplus.ir__ab1f12718ed2.html
997,20260129__tbzmed.ac.ir__96ef08c721b5.html
998,20260129__tbzms.iau.ir__94176fcd9783.html
999,20260129__tccim.ir__54a09aa06baa.html
1000,20260129__teach-english.ir__92af4677d9ba.html
1001,20260129__techforall.ir__2df06b619f00.html
1002,20260129__techpark.ir__57fc1641c4fa.html
1003,20260129__tehran.bmn.ir__4ac32bc1b650.html
1004,20260129__tehranpicture.ir__ce3e798933f5.html
1005,20260129__tele-wall.ir__0fa87dca105d.html
1006,20260129__telegranews.ir__978b31d6a223.html
1007,20260129__termetan.ir__479c62e0f750.html
1008,20260129__text-mining.ir__8028ae5ed8a9.html
1009,20260129__textro.ir__5e7cc092dca7.html
1010,20260129__tibablog.ir__d4a0961b412b.html
1011,20260129__tic.ir__8dfd35e74dfb.html
1012,20260129__tips.sums.ac.ir__40253e9f411f.html
1013,20260129__tjee.tabrizu.ac.ir__033a4db36923.html
1014,20260129__tmba.ir__64dd5b8fc2de.html
1015,20260129__tmdn.ir__e584d082fa7d.html
1016,20260129__tonekabon.ir__38dd5a4d5492.html
1017,20260129__toomannews.ir__df596b4a4e4f.html
1018,20260129__torshkade.ir__5a15ea8b6a84.html
1019,20260129__tourismapp.isfahan.ir__db85448210e0.html
1020,20260129__toyjo.ir__fd4146f604c5.html
1021,20260129__tp.tax.gov.ir__acd1284671a5.html
1022,20260129__tr.iut.ac.ir__3005f8d69cfc.html
1023,20260129__tracking.post.ir__321c96c04376.html
1024,20260129__triceshop.ir__5e5ea67e19dc.html
1025,20260129__trta.ir__0b9a9106b945.html
1026,20260129__tshert.folani.ir__032635e63edf.html
1027,20260129__ttgroup.ir__3665a409c70e.html
1028,20260129__tv4.ir__c0c8f21b902e.html
1029,20260129__tvbox1.ir__6fb812ef9120.html
1030,20260129__ui.ac.ir__624c48f9fd4b.html
1031,20260129__umz.ac.ir__87450ec8a321.html
1032,20260129__upload7.ir__901a726f3dd1.html
1033,20260129__urmia-ag.ir__bb68b94731aa.html
1034,20260129__urmia.iau.ir__fc33c29daebe.html
1035,20260129__urmia.ir__db8b4e3aa36d.html
1036,20260129__usb.ac.ir__4d468f3f8df4.html
1037,20260129__uswr.ac.ir__89eeea8469fc.html
1038,20260129__uut.ac.ir__d5e96a6f0af3.html
1039,20260129__vajcenter.ir__209c45c578c9.html
1040,20260129__vazifeh.police.ir__d27c63f01403.html
1041,20260129__vet.semnan.ac.ir__0aa9c0ea02c6.html
1042,20260129__veterinary.scu.ac.ir__22e38ac2d3b8.html
1043,20260129__vetmi.ir__5b244dae6fdf.html
1044,20260129__vista86.ir__cc92739e7b89.html
1045,20260129__voffice.ir__8cc728e5b468.html
1046,20260129__vrgl.ir__7d336d43ecd6.html
1047,20260129__wallgold.ir__aba60f218d44.html
1048,20260129__web.agritak.ir__3ec362056a41.html
1049,20260129__webcna.ir__91deb501e06a.html
1050,20260129__webmaster7.ir__09445e46521f.html
1051,20260129__wikifeqh.ir__82b991df3cc9.html
1052,20260129__womenshealthbulletin.sums.ac.ir__0a13ab0e5c8b.html
1053,20260129__worldi.ir__bea123de9a52.html
1054,20260129__wow-online.ir__686187bc2231.html
1055,20260129__wp.kntu.ac.ir__d5e84e2097c8.html
1056,20260129__wpap.folani.ir__69c5b2977a45.html
1057,20260129__wphelper.ir__16314c0b72d6.html
1058,20260129__yaaremehraban.ir__45bec98e74af.html
1059,20260129__yavarian.ir__04cf599188cb.html
1060,20260129__yazd.ir__11863e258ba7.html
1061,20260129__yazeco.ir__145df3ed9e36.html
1062,20260129__zagros.co.ir__612cb8156cec.html
1063,20260129__zagroselec.ir__f03d9c51d49b.html
1064,20260129__zamaninurse.ir__6ffa09bb365e.html
1065,20260129__zananjahan.ir__d10dde8e0b83.html
1066,20260129__zanoejtema.ir__d4a858009f23.html
1067,20260129__zarinlink.ir__c32f6042ee37.html
1068,20260129__zign.ir__5000ceb5bc4f.html
1069,20260129__znu.ac.ir__7cdae5631247.html
1070,20260129__zums.ac.ir__8b0c06f83f17.html
1071,20260130__1research.sellfile.ir__f7877518b178.html
1072,20260130__2000dl.ir__bd79c1592b2f.html
1073,20260130__206part.ir__0c6580494992.html
1074,20260130__20script.ir__0aa81a90ef2c.html
1075,20260130__4-u.4kia.ir__da6f99dcefd5.html
1076,20260130__4downloads.ir__71d6a01e0022.html
1077,20260130__6268.ir__3245fd01f720.html
1078,20260130__66f.ir__18f61cfd822c.html
1079,20260130__77math.ir__e682dee09d7f.html
1080,20260130__abnow.ir__07423a0a3091.html
1081,20260130__abshishe-zarrin.ir__b3e776a076b1.html
1082,20260130__adkamali.ir__4b1a0a6c8802.html
1083,20260130__aet.irost.ir__07ec7263d59f.html
1084,20260130__afagh.ihcs.ac.ir__ec3151b1d613.html
1085,20260130__agriengs.ir__d310d773ba12.html
1086,20260130__agry.um.ac.ir__8efcf9b83240.html
1087,20260130__ahl-ul-bayt.ir__4dc65391b6cb.html
1088,20260130__ahvastronomers.ir__0921ef13bbcf.html
1089,20260130__aie.ut.ac.ir__4fc7a23d8aa5.html
1090,20260130__ajcmi.umsha.ac.ir__1409b1b922d5.html
1091,20260130__ajehe.umsha.ac.ir__aa746bb24dc1.html
1092,20260130__ajilyab.ir__1da3d278fff9.html
1093,20260130__ajmc.aut.ac.ir__d9f5d97f6e7c.html
1094,20260130__ajme.aut.ac.ir__2a30621838e1.html
1095,20260130__ajpr.umsha.ac.ir__7b473a7c3c81.html
1096,20260130__alavan.co.ir__c7f252683a51.html
1097,20260130__alborz.ut.ac.ir__4bf69591d60d.html
1098,20260130__aliafzalsamadi.ir__94a0a6169b2f.html
1099,20260130__alizaheri.4kia.ir__3884e24b2d36.html
1100,20260130__aminbird.ir__a4d38aff1c05.html
1101,20260130__apkfire.ir__92346d2e3b32.html
1102,20260130__appleidtop.ir__5972107e2938.html
1103,20260130__apsis.ir__083a3fa759f1.html
1104,20260130__ar.guilan.ac.ir__eb0e4d91b557.html
1105,20260130__ar.irna.ir__6a23b54ad923.html
1106,20260130__aranpaper.ir__246a0ebeb401.html
1107,20260130__arasfz.ir__bd7c5c6df112.html
1108,20260130__arch.ut.ac.ir__01ac4f41dacf.html
1109,20260130__archtrauma.kaums.ac.ir__bac4a8e18279.html
1110,20260130__aridbiom.yazd.ac.ir__ffc687a9bb0c.html
1111,20260130__armaghanj.yums.ac.ir__4ade6fa65455.html
1112,20260130__armmt.irost.ir__26d85f758cb7.html
1113,20260130__arshadfile.ir__2c7be4933eb2.html
1114,20260130__article.gozine2.ir__818fedf2dabc.html
1115,20260130__articleproject.ir__feb95467b7be.html
1116,20260130__aryabod.blog.ir__325032df57f9.html
1117,20260130__asandownlod75.lxb.ir__94de2e0c7d14.html
1118,20260130__ashrafi.ac.ir__932e2382a87c.html
1119,20260130__asianews.ir__37154dcfa210.html
1120,20260130__asiatech.ir__b57a5ee29526.html
1121,20260130__avang.ir__e97966c6437e.html
1122,20260130__avanmz.ir__cc0090e0d678.html
1123,20260130__avatrobo.ir__1fedc8835dbe.html
1124,20260130__azinblog.ir__ea1806dc8acd.html
1125,20260130__balochshop.sellfile.ir__ac060d953b90.html
1126,20260130__bandarabbas.airport.ir__ca4ea5c78ddc.html
1127,20260130__banehstoore.ir__b0e237db719f.html
1128,20260130__bankmaghale.ir__556bf0b6cbc8.html
1129,20260130__bankmaghaleh.ir__00023a966357.html
1130,20260130__barandoc.ir__73243fec53d9.html
1131,20260130__bazikacho.ir__dacd5c7eeafa.html
1132,20260130__beat.sums.ac.ir__38b65c4006ad.html
1133,20260130__behtarinha21.rzb.ir__0b34a2fb234a.html
1134,20260130__beyhaghmarket.blog.ir__300ed34e6426.html
1135,20260130__bidelirania.ir__9dd3718f9674.html
1136,20260130__bionet.ir__7653e7d77a61.html
1137,20260130__biosafetysociety.ir__559e2ecebc1e.html
1138,20260130__bookbaz.ir__fe0bca083e05.html
1139,20260130__bpi.ir__b7de27578944.html
1140,20260130__btmco.ir__a841776c47a4.html
1141,20260130__cafefile.sellu.ir__04673c3bc041.html
1142,20260130__carrel.ir__bea545eefe76.html
1143,20260130__catia2015.sellfile.ir__9c18ef204eda.html
1144,20260130__cdn.yjc.ir__2ae0aa692271.html
1145,20260130__ceij.ut.ac.ir__4bb0924d8a92.html
1146,20260130__cgasa.sbu.ac.ir__1fc6a5c14d09.html
1147,20260130__ch-in.blog.ir__43b7db107a2f.html
1148,20260130__chemical-eng.blog.ir__9df892812c57.html
1149,20260130__chemistry.semnan.ac.ir__eab1d73ea374.html
1150,20260130__chipdata.ir__a57d0fa062b9.html
1151,20260130__cintix.ir__21d3c45ebaae.html
1152,20260130__citna.ir__62a47708fef4.html
1153,20260130__classforum.ir__c78bb42710db.html
1154,20260130__climatology.ir__5a91982fc843.html
1155,20260130__clpsy.journals.pnu.ac.ir__0da46cef27f9.html
1156,20260130__collegeprozheh.ir__052d4adb4f38.html
1157,20260130__controlmakers.ir__5cf69e72585d.html
1158,20260130__csr.basu.ac.ir__00580dc49ef7.html
1159,20260130__dajalvareh.blog.ir__1a477330ee83.html
1160,20260130__dametgarm.ir__dc1033008b92.html
1161,20260130__daneshjooqom.4kia.ir__bf0463e8e037.html
1162,20260130__daneshjosara.blog.ir__2dbdb20b6a07.html
1163,20260130__darman.umsu.ac.ir__ad90ef13f88a.html
1164,20260130__davidjonesonline.ir__0adefa7a62a0.html
1165,20260130__dcm.atu.ac.ir__49cfc86f4b18.html
1166,20260130__deeplook.ir__042469d49c19.html
1167,20260130__delafrouz.ir__5c76fd6b8b3e.html
1168,20260130__directino.ir__3b7cb500f400.html
1169,20260130__dl2.getandroid.ir__99299ba1dff9.html
1170,20260130__dlprozeh.blog.ir__d2eb89b8d2f7.html
1171,20260130__dmath.r98.ir__d2dc03372c2c.html
1172,20260130__doh.tbzmed.ac.ir__d4668e8bf902.html
1173,20260130__download4all.rzb.ir__3c02ba6e8d1f.html
1174,20260130__downloadlist.blog.ir__bd22cd0011c0.html
1175,20260130__downloadly.ir__6d920552582d.html
1176,20260130__downloadpaper.ir__a668ff5c14ba.html
1177,20260130__drbahmani.ir__0ae8fa081e6c.html
1178,20260130__drgholami.ir__c2178379a519.html
1179,20260130__drhp.ir__de477f98d31d.html
1180,20260130__drkonkour.ir__c4540771be3a.html
1181,20260130__drsadough.ir__2fb4d490a266.html
1182,20260130__ebay94.r98.ir__8b1080439540.html
1183,20260130__eboo.ir__2df7a8b5837a.html
1184,20260130__ecoj.tabrizu.ac.ir__6563795a8d3c.html
1185,20260130__econg.um.ac.ir__4d563b0d3884.html
1186,20260130__economicaffairs.ir__c1ae20899c2c.html
1187,20260130__ecopersia.modares.ac.ir__c15c6fe7397d.html
1188,20260130__education.scu.ac.ir__d438bf397462.html
1189,20260130__egdr.journals.pnu.ac.ir__d8665523cf92.html
1190,20260130__ehmc.sbmu.ac.ir__5f9bead1a3a2.html
1191,20260130__ekteshaf.nioc.ir__b38a071c0768.html
1192,20260130__electricmachine.blog.ir__acf6bf72f10c.html
1193,20260130__elitesjournal.ir__c1be6c896a31.html
1194,20260130__elm-hashtoom.blog.ir__e4b4668b7c0e.html
1195,20260130__elm313.blog.ir__a53892c704a1.html
1196,20260130__elmikarbordi.ardabilcity.ir__8fd058f2a962.html
1197,20260130__emalls.ir__bb5159ad0b74.html
1198,20260130__en.nit.ac.ir__911a672e23df.html
1199,20260130__en.uswr.ac.ir__360e50cb18e4.html
1200,20260130__eng.basu.ac.ir__a728a7e3f1c7.html
1201,20260130__ens.adupars.ir__742602abe606.html
1202,20260130__eprints.medilam.ac.ir__2e46e3dab0d4.html
1203,20260130__escs.birjand.ac.ir__25d6553664de.html
1204,20260130__esfahanestate.ir__d5ffe15dcc97.html
1205,20260130__eshteghaal.rzb.ir__28643070eeb8.html
1206,20260130__ettop.ir__c7fa08c6cf55.html
1207,20260130__facultymember.iaukhsh.ac.ir__4c5f7b58529a.html
1208,20260130__falatghareh.ir__cfe520b484b0.html
1209,20260130__falokhab.ir__1f4eaa9ed4b5.html
1210,20260130__fardamotors661.ir__086cecf165b0.html
1211,20260130__fardidbanamandegar.ir__89a51d6d3b77.html
1212,20260130__farhangi.basu.ac.ir__28ec257cd233.html
1213,20260130__faridesm.ir__7ce977630cb7.html
1214,20260130__farshmart.ir__79364ee894f4.html
1215,20260130__farsiweb.ir__103ed833dbc3.html
1216,20260130__fbsep7.ir__d776443a8784.html
1217,20260130__fcparsjam.ir__a4b09be136b1.html
1218,20260130__fdofl.arakmu.ac.ir__0e439a83c1b0.html
1219,20260130__fekresabz.ir__125bd03eabb1.html
1220,20260130__file-folder.ir__70c6e192f2c4.html
1221,20260130__filecivil.ir__9ba9523d698a.html
1222,20260130__filedoc.ir__63bb6d47d8e0.html
1223,20260130__filefordownload.ir__28aaf544ef87.html
1224,20260130__fiload.ir__13aa6225819a.html
1225,20260130__fmej.mums.ac.ir__38903dbc1258.html
1226,20260130__food.lums.ac.ir__ce285a1a19c5.html
1227,20260130__fooda.ir__885be8529364.html
1228,20260130__foodkam.blog.ir__916c785c366c.html
1229,20260130__freeemployment.blog.ir__deb061496d8f.html
1230,20260130__freetranslation.blog.ir__86c1a7be5b38.html
1231,20260130__french.khamenei.ir__2af0070c564c.html
1232,20260130__fuka.ir__b8b3a468e13e.html
1233,20260130__g-m-u.ir__88969a4fd028.html
1234,20260130__gadgetnews.ir__9c7b7b20c15c.html
1235,20260130__gama.ir__aab6dde558c4.html
1236,20260130__gdij.usb.ac.ir__2b004667b70d.html
1237,20260130__geoeh.um.ac.ir__33baa9f3e593.html
1238,20260130__geoplanning.tabrizu.ac.ir__8738dff8e372.html
1239,20260130__getandroid.ir__c80d14a794f5.html
1240,20260130__gheysari.iut.ac.ir__8ebf2bf7f755.html
1241,20260130__girs.ir__adc753677807.html
1242,20260130__gisacademy.ir__50ab0124b00f.html
1243,20260130__gisj.sbu.ac.ir__3797f1237025.html
1244,20260130__gisman.ir__f8c83ef588f5.html
1245,20260130__grup.journals.pnu.ac.ir__2e056575d352.html
1246,20260130__gsmsmr.uok.ac.ir__2ff02e31fbc9.html
1247,20260130__gut.ac.ir__4ce1a42f5580.html
1248,20260130__hadisezendegi.blog.ir__810570a098b4.html
1249,20260130__hamkelasi.ir__879abf05085e.html
1250,20260130__hamsite.ir__91fa2f157949.html
1251,20260130__hamtagasht.ir__ed0414f8e2d9.html
1252,20260130__hamyarprojeh.ir__fd5d88fe9b8d.html
1253,20260130__harikakhabar.ir__a21b942ad46c.html
1254,20260130__healthdn.arakmu.ac.ir__dbb71607e578.html
1255,20260130__healthf.kaums.ac.ir__25ccec9b06bd.html
1256,20260130__healthmag.ir__55e3d46caef2.html
1257,20260130__hesa.ir__2a7729451231.html
1258,20260130__hidoctor.ir__b8db8a6086ba.html
1259,20260130__hlit.sbu.ac.ir__872a1695f61e.html
1260,20260130__hmed.mums.ac.ir__ba3c5701091c.html
1261,20260130__hnmj.gums.ac.ir__f53200dac0c0.html
1262,20260130__hpc.ipm.ac.ir__4dac96c0485d.html
1263,20260130__hph.alzahra.ac.ir__e58ef647f691.html
1264,20260130__hpj.journals.pnu.ac.ir__a6603498717d.html
1265,20260130__hsmsp.modares.ac.ir__7b9de4bf69cb.html
1266,20260130__hsu.ac.ir__748f7cd96ed4.html
1267,20260130__hybrid-car-8-1-1.blog.ir__3ea970ed1a55.html
1268,20260130__i47.ir__42a6809dc9c8.html
1269,20260130__iamp.ir__bd1b3e405fcd.html
1270,20260130__iau-tnb.ac.ir__bac6693c1ac8.html
1271,20260130__iaumajlesi.ac.ir__2507d105e826.html
1272,20260130__ibena.ir__9d83d59eff38.html
1273,20260130__ibj.pasteur.ac.ir__1539e2e0b2a5.html
1274,20260130__icig.ir__a4395cd23d28.html
1275,20260130__icivil.ir__961083598bde.html
1276,20260130__ieepj.hormozgan.ac.ir__9b13575d19ef.html
1277,20260130__iehe.ir__69165224e739.html
1278,20260130__ielectric.ir__546b5a631d37.html
1279,20260130__ies.isu.ac.ir__c8d668906364.html
1280,20260130__ifoods.ir__984749e52027.html
1281,20260130__igori.ir__b311c5510b61.html
1282,20260130__ihamfekr.ir__9f2f05e0ad29.html
1283,20260130__ijas.rasht.iau.ir__f85a35df9992.html
1284,20260130__ijasr.um.ac.ir__e75f1964a457.html
1285,20260130__ijbse.ut.ac.ir__e79c84e6b25f.html
1286,20260130__ijcbnm.sums.ac.ir__77d028345d1f.html
1287,20260130__ijem.sbmu.ac.ir__634b4db1faf8.html
1288,20260130__ijfcs.ut.ac.ir__da6fe2d5004d.html
1289,20260130__ijfrpr.areeo.ac.ir__4635f8ed179e.html
1290,20260130__ijhst.ut.ac.ir__991cf138aeb2.html
1291,20260130__iji.sums.ac.ir__de1fae86aaf2.html
1292,20260130__ijm.tums.ac.ir__f37255449167.html
1293,20260130__ijmapr.areeo.ac.ir__c34fd1c88f2d.html
1294,20260130__ijmge.ut.ac.ir__52dd03d10f65.html
1295,20260130__ijmp.mums.ac.ir__668f9d739d66.html
1296,20260130__ijmsi.ir__66ef011158ea.html
1297,20260130__ijns.sums.ac.ir__1369ff41e610.html
1298,20260130__ijogi.mums.ac.ir__d5bf8931f865.html
1299,20260130__ijohp.journals.pnu.ac.ir__cd7544c3b6f9.html
1300,20260130__ijpps.ut.ac.ir__094c3d7ba730.html
1301,20260130__ijpr.um.ac.ir__073c94863a60.html
1302,20260130__ijps.tums.ac.ir__8387fde5d1af.html
1303,20260130__ijsst.areeo.ac.ir__694b1d7e9603.html
1304,20260130__ijvlms.sums.ac.ir__27b470286d3b.html
1305,20260130__ijvst.um.ac.ir__7cb150ea88af.html
1306,20260130__imanborji.ir__de0262726db2.html
1307,20260130__ims.atu.ac.ir__342a4207762a.html
1308,20260130__inknowtex.ir__fde514ac3543.html
1309,20260130__intersoft.ir__a3d9197fe78c.html
1310,20260130__intotech.ir__2ebde1e2b5bb.html
1311,20260130__ipom.journals.pnu.ac.ir__510eebd60c10.html
1312,20260130__ipp.journals.pnu.ac.ir__5a05029e1383.html
1313,20260130__iprj.guilan.ac.ir__33fcbb884457.html
1314,20260130__iran-oilshow.ir__e76264f9e01f.html
1315,20260130__iranestekhdam.ir__88b200df595b.html
1316,20260130__iranianaes.ir__041e5e2618d9.html
1317,20260130__iranjd.ir__3d68089b4074.html
1318,20260130__irannurse.ir__c0c2d5d63268.html
1319,20260130__iranproject.blog.ir__9d1fa158a3fd.html
1320,20260130__irarmy.blog.ir__adf8a653c1cb.html
1321,20260130__irhj.sbu.ac.ir__be3a11118026.html
1322,20260130__isav.ir__37ebe2984a1a.html
1323,20260130__isee.ir__2620be6bb588.html
1324,20260130__isfahanpl.ir__8cae6d4504d9.html
1325,20260130__islet.ir__e488a33199a0.html
1326,20260130__ismaeilsahab.ir__5db90fa6b801.html
1327,20260130__isme.ir__8d01955f2677.html
1328,20260130__it.du.ac.ir__e3875f4e8d4e.html
1329,20260130__italycim.ir__51a4221fbd07.html
1330,20260130__itrc.ac.ir__56f09effd4dc.html
1331,20260130__iumsradiology.sellfile.ir__4a00c9f536be.html
1332,20260130__ixport.ir__78173b86f425.html
1333,20260130__jaa.shirazu.ac.ir__f5dc6fec62ed.html
1334,20260130__jad.lu.ac.ir__cd60fd523990.html
1335,20260130__jad.shahroodut.ac.ir__780d87822af6.html
1336,20260130__jaenph.areeo.ac.ir__7816986c0131.html
1337,20260130__jafar0023.4kia.ir__5fe9cf08f37a.html
1338,20260130__jall.um.ac.ir__131fc3718f0e.html
1339,20260130__jams.arakmu.ac.ir__534af4b60ddc.html
1340,20260130__jamshimi.ir__6500c22f4212.html
1341,20260130__jap.razi.ac.ir__d08fb868f571.html
1342,20260130__jap.ut.ac.ir__4be789993462.html
1343,20260130__japid.tbzmed.ac.ir__dbf8f2def692.html
1344,20260130__jarcs.ut.ac.ir__824d63394d31.html
1345,20260130__jart.guilan.ac.ir__4f449f775b2d.html
1346,20260130__jasp.tabrizu.ac.ir__3083645c5a2f.html
1347,20260130__jccnc.iums.ac.ir__f073910b52c1.html
1348,20260130__jcmr.um.ac.ir__ebc6f9eccc42.html
1349,20260130__jcps.atu.ac.ir__b0bd20ae26fe.html
1350,20260130__jcst.atu.ac.ir__ce47358a5a7f.html
1351,20260130__jdc.uk.ac.ir__735f0d8e9538.html
1352,20260130__jead.um.ac.ir__49ce09497187.html
1353,20260130__jecei.sru.ac.ir__7ce16457dc7b.html
1354,20260130__jech.umsha.ac.ir__01500376461c.html
1355,20260130__jera.alzahra.ac.ir__2db7b162f3ec.html
1356,20260130__jfiqh.um.ac.ir__fdf09a00eeb8.html
1357,20260130__jflr.ut.ac.ir__cc6f84ef0978.html
1358,20260130__jfwp.ut.ac.ir__bb2900c48806.html
1359,20260130__jgrd.um.ac.ir__3760ba6f8d48.html
1360,20260130__jgusd.um.ac.ir__c672a1641822.html
1361,20260130__jhmi.sums.ac.ir__8bc682a8a729.html
1362,20260130__jhs.scu.ac.ir__5322302d2ac4.html
1363,20260130__jhs.um.ac.ir__05f64074a4d5.html
1364,20260130__jias.kashanu.ac.ir__98b94db05322.html
1365,20260130__jibs.modares.ac.ir__3d6e65de9aee.html
1366,20260130__jims.atu.ac.ir__778987c00769.html
1367,20260130__jitp.ut.ac.ir__09afb8018f0d.html
1368,20260130__jls.um.ac.ir__c44de37e83ef.html
1369,20260130__jmciri.ir__77dc42649f09.html
1370,20260130__jme.shahroodut.ac.ir__45d7a0c4ab50.html
1371,20260130__jmep.ir__360c3ab3ceaf.html
1372,20260130__jmj.jums.ac.ir__55a5dedf04b8.html
1373,20260130__jml.alzahra.ac.ir__4c55cd6ba8e4.html
1374,20260130__jmm.guilan.ac.ir__d8ca4cad7f04.html
1375,20260130__jmmf.atu.ac.ir__11df52116d56.html
1376,20260130__jms.guilan.ac.ir__fc100001940d.html
1377,20260130__jmsd.atu.ac.ir__6bef16d8594e.html
1378,20260130__joape.uma.ac.ir__b110da7fe5c3.html
1379,20260130__joddd.tbzmed.ac.ir__b0b8f7fb43a9.html
1380,20260130__jommid.pasteur.ac.ir__a1e5eccd0792.html
1381,20260130__jontoe.alzahra.ac.ir__76721feb337d.html
1382,20260130__journal.iehfs.ir__a1f13e9763a6.html
1383,20260130__jpc.tums.ac.ir__2323bc241059.html
1384,20260130__jpe.atu.ac.ir__161cf4d1871e.html
1385,20260130__jphilosophy.um.ac.ir__566ac9bfd6bc.html
1386,20260130__jphys.journals.pnu.ac.ir__a28cabd24021.html
1387,20260130__jpp.mums.ac.ir__eb7d3a1eb1c1.html
1388,20260130__jpr.mazums.ac.ir__a1e3d7e50a31.html
1389,20260130__jrmbs.scu.ac.ir__c04815906ac6.html
1390,20260130__jrp.uma.ac.ir__c56cd6aa2866.html
1391,20260130__jrstan.basu.ac.ir__a4ffbba5d8f7.html
1392,20260130__jsal.ut.ac.ir__af65759ccecf.html
1393,20260130__jsaud.sru.ac.ir__cf36403eea42.html
1394,20260130__jsb.ut.ac.ir__786611c9f253.html
1395,20260130__jsee.ir__8457ed5ef328.html
1396,20260130__jsm.ut.ac.ir__1980ce8d9ed4.html
1397,20260130__jstinp.um.ac.ir__3a046c641441.html
1398,20260130__jstnar.iut.ac.ir__1265ba76b0cd.html
1399,20260130__jte.sru.ac.ir__c31eb6c08461.html
1400,20260130__jti.isca.ac.ir__1e6807a3548a.html
1401,20260130__jums.ac.ir__c8f2b78a1eaf.html
1402,20260130__jvr.ut.ac.ir__5f3138761fb7.html
1403,20260130__jwem.areeo.ac.ir__55677a29d0c5.html
1404,20260130__jwfs.alzahra.ac.ir__5a5ca6915290.html
1405,20260130__jwica.ut.ac.ir__ab599c602f36.html
1406,20260130__jwsti.iut.ac.ir__bace6a674f44.html
1407,20260130__jzd.tabrizu.ac.ir__b591f90214c1.html
1408,20260130__kabook.ir__cc85ab1839c6.html
1409,20260130__kafsheirani.ir__56125144ba5f.html
1410,20260130__kalengi.ir__cc7e5586e545.html
1411,20260130__kanoonbook.ir__c3076cd2d0e6.html
1412,20260130__kaums.ac.ir__d7bcd8670055.html
1413,20260130__kerman.airport.ir__7de468360a12.html
1414,20260130__ketab.ir__35293ec2d5f6.html
1415,20260130__ketabrah.ir__9ae9a9af54df.html
1416,20260130__khabarrasekh.ir__fb8bdbf0a547.html
1417,20260130__khabarrsan.ir__138bc897b8e7.html
1418,20260130__khabaryak.ir__92d9985c1515.html
1419,20260130__khanehcinema.ir__c8fcaa2da286.html
1420,20260130__khatfarhangi.blog.ir__a04968f54ed6.html
1421,20260130__khourshid.ir__edbbe1547372.html
1422,20260130__konkur1.4kia.ir__9edc4e47355e.html
1423,20260130__konkuru.ir__9803413faff5.html
1424,20260130__lasem.semnan.ac.ir__45b50b3b826f.html
1425,20260130__lib.journals.pnu.ac.ir__301a5c1ed6d7.html
1426,20260130__libpdf.blog.ir__895f848bf28d.html
1427,20260130__localhistories.journals.pnu.ac.ir__91fc74a0f0e5.html
1428,20260130__lono.sellu.ir__66b95bee066d.html
1429,20260130__ls.atu.ac.ir__a8e4e2e6705c.html
1430,20260130__lst.uk.ac.ir__775a22b822b1.html
1431,20260130__ltmsnews.ir.domains.blog.ir__d2acdc654ef2.html
1432,20260130__ltr.atu.ac.ir__ed8a7598cdeb.html
1433,20260130__lums.ac.ir__34f2ecbd0c07.html
1434,20260130__mahyarardakani.ir__bc02fa5dad52.html
1435,20260130__makart.ir__70dfecfd4e66.html
1436,20260130__maktabestan.ir__267e55f1e2b6.html
1437,20260130__managheby.lxb.ir__56abfd63f620.html
1438,20260130__mansourforouzesh.ir__a6b1571dbeb0.html
1439,20260130__marvdashtonline.ir__d4492d6ad2be.html
1440,20260130__masaf.ir__5ffe5697f540.html
1441,20260130__materials-analysis-3-1.monoblog.ir__710a55d1e9fa.html
1442,20260130__matlabfile.ir__179cd0815645.html
1443,20260130__mbaco.ir__32496c66bf83.html
1444,20260130__mechani50.sellfile.ir__c014e773195b.html
1445,20260130__mechanicdl.rzb.ir__07006017620e.html
1446,20260130__medicaleng.ir__e51f7383606a.html
1447,20260130__medradiation.blog.ir__fd2dd50ef618.html
1448,20260130__mehr-project.blog.ir__6e2a35272e22.html
1449,20260130__mehrthesis.ir__310432202f20.html
1450,20260130__mejc.sums.ac.ir__ee0d8bbef174.html
1451,20260130__melec.ir__bb965c5f03a9.html
1452,20260130__mernfa.ir__253b8e17b406.html
1453,20260130__mex.co.ir__c1f6e5eb31a6.html
1454,20260130__mij.areeo.ac.ir__edfbe21006d0.html
1455,20260130__miu.ac.ir__6a837ed80616.html
1456,20260130__mizbanplast.ir__23426578768c.html
1457,20260130__mkservice.ir__ca5a2d774f7c.html
1458,20260130__mlj.goums.ac.ir__8fce8c8edf40.html
1459,20260130__moalemonline.ir__876c7370c07e.html
1460,20260130__mobileseifi.4kia.ir__67eb05aa43bc.html
1461,20260130__modaresanesharif.ac.ir__2da7b48f4513.html
1462,20260130__moeinpasha.ir__2345cc449c4c.html
1463,20260130__monyms.ir__049c668fab7c.html
1464,20260130__mscenter.ir__802b9358d6df.html
1465,20260130__mserc.ir__d808820b0927.html
1466,20260130__naftonline.ir__a7b05f1f85f2.html
1467,20260130__nanoindustry.ir__f4a9c36fa774.html
1468,20260130__nanosun.ir__3342cd050989.html
1469,20260130__naqd.guilan.ac.ir__a1ed7ee63d4e.html
1470,20260130__nass.atu.ac.ir__083ef6df01ec.html
1471,20260130__navaar.ir__78e3d052c506.html
1472,20260130__navy.iranjournals.ir__75ca641a9e69.html
1473,20260130__nayabnet.ir__8ac9eafebccf.html
1474,20260130__necjournals.ir__3f543942f487.html
1475,20260130__negareh.shahed.ac.ir__d8c95fc4083b.html
1476,20260130__neor.ir__73d9002d8cf0.html
1477,20260130__network.itpro.ir__eaa5e96b7652.html
1478,20260130__newbp.ir__5dfcfa1ac996.html
1479,20260130__newslast.ir__d3c60a799100.html
1480,20260130__nmandarin.ir__b0353d6c282d.html
1481,20260130__nmj.mums.ac.ir__e7ec7e18d2b3.html
1482,20260130__nms.atu.ac.ir__da60c96c81b7.html
1483,20260130__noas.ir__4099f91958b9.html
1484,20260130__noavarangermi.ir__aac2b2f6fcd5.html
1485,20260130__nojum.ir__be85e789e347.html
1486,20260130__noyanfilm.ir__9d7e2a40b185.html
1487,20260130__npt.tums.ac.ir__feea6655e165.html
1488,20260130__nsi.ir__9ce92522c113.html
1489,20260130__oeob92.blog.ir__fa01f219a489.html
1490,20260130__olgoobooks.ir__3a69440ffeb5.html
1491,20260130__oloometajrobi.blog.ir__8416d1f91e4f.html
1492,20260130__omidblog.ir__836a2afdf38e.html
1493,20260130__online-architect.ir__21c83f67e6bc.html
1494,20260130__ostandari-zn.ir__28aea7ae9b43.html
1495,20260130__ostb.ir__aba6f5098e27.html
1496,20260130__otosay.blog.ir__a0e5393cb6fc.html
1497,20260130__p-electric.ir__1bc381b0be55.html
1498,20260130__paramedfac.tbzmed.ac.ir__e5993632dbea.html
1499,20260130__parliran.ir__6cbf3efdf265.html
1500,20260130__parsuni.sellfile.ir__65bb38a025ee.html
1501,20260130__payaleague.ir__a124ad3337d9.html
1502,20260130__payeshjournal.ir__e9664b4d6d12.html
1503,20260130__paykareh.scu.ac.ir__444f4ed92fa2.html
1504,20260130__pdfsara.cloudsite.ir__b60c5245659f.html
1505,20260130__pedal.ir__1490f9675f3b.html
1506,20260130__pejouhesh.sbmu.ac.ir__1d6f878fdf9b.html
1507,20260130__pengbook.rzb.ir__a9fd2ebe8bdf.html
1508,20260130__perlit.tabrizu.ac.ir__31510d0ad3d4.html
1509,20260130__persiansign.ir__9523e3766e0f.html
1510,20260130__pfk.qom.ac.ir__f9d8767639e6.html
1511,20260130__pg.um.ac.ir__7c9c03e2ae18.html
1512,20260130__pgtmrc.bpums.ac.ir__b0863fca0a96.html
1513,20260130__phdtest.ir__2818f0a00e48.html
1514,20260130__phonroid.ir__72c1fb36f4c5.html
1515,20260130__physics.semnan.ac.ir__371975554c37.html
1516,20260130__pishroo.ir__d180f3171b69.html
1517,20260130__plantproduction.scu.ac.ir__7539294a67e3.html
1518,20260130__plctraining.ir__e40a23efa6c1.html
1519,20260130__ponisha.ir__e0613017ccb2.html
1520,20260130__pourya-gohari.ir__37faa8087d86.html
1521,20260130__projectp30.ir__df786ecbb207.html
1522,20260130__projehs.ir__eea77f340e51.html
1523,20260130__proozheshop.sellfile.ir__78c2652ac0ba.html
1524,20260130__psj.umsha.ac.ir__10d06f4dd0b5.html
1525,20260130__psychac.scu.ac.ir__4372117b7c06.html
1526,20260130__ptj.uswr.ac.ir__065335184fc9.html
1527,20260130__qbazresikar.ir__c5956aeb6bb1.html
1528,20260130__qccpc.atu.ac.ir__71b1315ef88a.html
1529,20260130__qeshm.ac.ir__1eacea9a66cb.html
1530,20260130__qjik.atu.ac.ir__22d874aa0315.html
1531,20260130__qjpl.atu.ac.ir__3f15fcc5c3ad.html
1532,20260130__qjsd.scu.ac.ir__83c534dd0511.html
1533,20260130__qom-elec.ir__09f562221156.html
1534,20260130__qums.ac.ir__321c200d40c1.html
1535,20260130__quran.journals.pnu.ac.ir__c8bf9e2db0f7.html
1536,20260130__rals.scu.ac.ir__f8767913da70.html
1537,20260130__rcm.mums.ac.ir__7051c97c5d44.html
1538,20260130__reactapp.ir__8efcfa989ee5.html
1539,20260130__res.ssrc.ac.ir__6fd9ba77050c.html
1540,20260130__riazisara.ir__faa37f7abad1.html
1541,20260130__rjpharmacognosy.ir__0c40ecbeb916.html
1542,20260130__rjqk.atu.ac.ir__56121c3dda2d.html
1543,20260130__robocreativity.ir__11212804ef45.html
1544,20260130__roboeq.ir__cdeef382f254.html
1545,20260130__rums.ac.ir__725499b5e77d.html
1546,20260130__s5.uupload.ir__8173792ea02b.html
1547,20260130__saabta.ir__21d748c844cc.html
1548,20260130__saba.kntu.ac.ir__36ed0838530e.html
1549,20260130__safaremohtava.ir__0b674c6d6621.html
1550,20260130__safheeghtesad.ir__227f9de2b406.html
1551,20260130__saiber89.blog.ir__e976feda20d2.html
1552,20260130__salamat.gov.ir__bc042c8ac3ef.html
1553,20260130__salar-e-shahidan.ir__eb091f7cf8c8.html
1554,20260130__sampadurmia.ir__ae1de88f3fa2.html
1555,20260130__samta.samt.ac.ir__3e66330cfa52.html
1556,20260130__sanad.iau.ir__206caa0b9b55.html
1557,20260130__saveh.ir__584e53e9c25b.html
1558,20260130__sciencecultivation.ir__7da27c7e1628.html
1559,20260130__screen.rzb.ir__d6fa82ca6724.html
1560,20260130__sedj.usb.ac.ir__0c4c9706bbc6.html
1561,20260130__sellfile.ir__2aa1ec7e27c1.html
1562,20260130__separfilter.ir__3087b682ec32.html
1563,20260130__server.ir__fa09b1edf32b.html
1564,20260130__shab.ir__7e6301ea0d1c.html
1565,20260130__shabaveiz.ir__a1e34f206dee.html
1566,20260130__shahinshahr.ir__f9411b984134.html
1567,20260130__shahraranews.ir__f451dd7d841d.html
1568,20260130__shapet.ir__e87f24747290.html
1569,20260130__sheee.blog.ir__e762c214dd5e.html
1570,20260130__shimipedia.ir__c5c6d2a613a7.html
1571,20260130__shopfille96.sellfile.ir__fa4118ea303d.html
1572,20260130__sigma-elevator.ir__c544ac6a3b6a.html
1573,20260130__simapc.ir__336d8660e3aa.html
1574,20260130__sinasport.ir__d6d8083b6e6e.html
1575,20260130__sir.ac.ir__577cc8532fc8.html
1576,20260130__sjimu.medilam.ac.ir__1133b43ab4d0.html
1577,20260130__smrj.ssrc.ac.ir__9c9244ecc337.html
1578,20260130__smsj.sums.ac.ir__a567356e87fa.html
1579,20260130__smsjournal.ir__d3b64f414222.html
1580,20260130__spj.ssrc.ac.ir__74610205a01d.html
1581,20260130__spsyj.ssrc.ac.ir__398e5f4d8c20.html
1582,20260130__sshr.ut.ac.ir__fa5ac311cb95.html
1583,20260130__standard.moe.gov.ir__fa19fe371f1b.html
1584,20260130__suoe.ir__d5ba751e7c00.html
1585,20260130__symposia.ir__c23c6e185bd1.html
1586,20260130__szsitebuilder.ir__c7277beee7d5.html
1587,20260130__tabfile.ir__5e5d9d34fed9.html
1588,20260130__tabnak-meb.rzb.ir__f24fc089baeb.html
1589,20260130__tagstore.ir__bd5ad73b7a63.html
1590,20260130__tahrir1.ir__03eb84091823.html
1591,20260130__tarjomemagale.blog.ir__88ff9f1028c4.html
1592,20260130__tbj.ui.ac.ir__feddfb3b5800.html
1593,20260130__tci.ir__bc24f213059f.html
1594,20260130__techbeen.ir__69ad78ebed92.html
1595,20260130__techfy.ir__f15e9ae34515.html
1596,20260130__techgo.blog.ir__3f3b7276579f.html
1597,20260130__tedxesfahan.ir__b4430f2a264c.html
1598,20260130__tekab-ag.ir__3e788ec132f7.html
1599,20260130__telecomp.blog.ir__9f78ed3a6bbd.html
1600,20260130__teo-co.blog.ir__d038dc29aa16.html
1601,20260130__tizland.ir__e4769618fcbf.html
1602,20260130__tmrg.ir__20e6f8258115.html
1603,20260130__tolombehsazan.ir__ae130d5d4eb9.html
1604,20260130__topocraft.ir__6ef3cf0d3de5.html
1605,20260130__toptourist.ir__ef2947913db9.html
1606,20260130__toranji.ir__9069c72cdcb1.html
1607,20260130__transformer-oil.blog.ir__b350cedbbc05.html
1608,20260130__tthomedecor.ir__71a86d0f3018.html
1609,20260130__tumechj.tabrizu.ac.ir__9786af77a6b3.html
1610,20260130__tumj.tums.ac.ir__15d32f5d259b.html
1611,20260130__uast.rcs.ir__fedfe2883925.html
1612,20260130__uni4u.sellfile.ir__22f8a21b1c3a.html
1613,20260130__unp.ir__0cf777c71042.html
1614,20260130__upk.guilan.ac.ir__75714db1d785.html
1615,20260130__urd.ac.ir__0aedfceb88e1.html
1616,20260130__urmiachemistry.rzb.ir__d9d9879d8ca2.html
1617,20260130__varamin.ostan-th.ir__92af0c3a26ef.html
1618,20260130__vch.iums.ac.ir__9976883a5e29.html
1619,20260130__vestanet.ir__75540a9d79ef.html
1620,20260130__water-soil.tabrizu.ac.ir__2ba03e9528e3.html
1621,20260130__waterse.ir__1de0034adcbf.html
1622,20260130__web.nit.ac.ir__f709552e0c7a.html
1623,20260130__webdon.ir__52c6a66326e3.html
1624,20260130__wle.ir__08c7418ef51c.html
1625,20260130__worldbook.ir__6904b251c0ee.html
1626,20260130__wpost.rzb.ir__3659844dcc8f.html
1627,20260130__wqdaily.blog.ir__9582f180857d.html
1628,20260130__wsps.ut.ac.ir__3058b305bbf2.html
1629,20260130__yek.sellfile.ir__30442bf96fbf.html
1630,20260130__youc.ir__fc49babef09e.html
1631,20260130__yums.ac.ir__4e14aa1e1a3d.html
1632,20260130__zamana.blog.ir__08439013075c.html
1633,20260130__zehn.iict.ac.ir__51c13e0c28b9.html
1634,20260130__zehnagahane.ir__6cdf416e5282.html
1635,20260130__zpixel.ir__d258dfc4ad54.html
1636,20260131__123select.ir__8e83c1f1560a.html
1637,20260131__14thcong.ssrc.ac.ir__6a1326e620a7.html
1638,20260131__1architect.ir__f32a9f4b5b34.html
1639,20260131__2020news.ir__9fefec45a12c.html
1640,20260131__3sottamir.ir__109bdb03c7f8.html
1641,20260131__4ss.ir__fcc3c1aab0a2.html
1642,20260131__8pic.ir__ec086d97dc32.html
1643,20260131__8tagketab.ir__0d5b0fc92cf1.html
1644,20260131__9px.ir__4fa95d478264.html
1645,20260131__a-brand.ir__41e56beafad7.html
1646,20260131__a-gharbi.rmto.ir__b605ab9bc000.html
1647,20260131__a-rahmati.ir__8334d1548959.html
1648,20260131__a4164.ir__2a8dbccfac61.html
1649,20260131__abjs.mums.ac.ir__16f793e98a67.html
1650,20260131__abooali.ir__3e12dd9ba672.html
1651,20260131__abopa.ir__7333586fbe34.html
1652,20260131__abrarsanati.ir__394bc7686fda.html
1653,20260131__addisababa.mfa.ir__232aa9a04cc3.html
1654,20260131__ads-amin.ir__37bbf994bd35.html
1655,20260131__affili.ir__783b04fe0735.html
1656,20260131__afra-mag.ir__81b7ea401fc3.html
1657,20260131__afree.ir__df5c93e5b3b3.html
1658,20260131__agahi-sakhteman.ir__871272099c6f.html
1659,20260131__agahi90.ir__030174dfe3c2.html
1660,20260131__agri.maragheh.ac.ir__099548b6706c.html
1661,20260131__agrw.ir__e98a3952c2d9.html
1662,20260131__ahj.kmu.ac.ir__71e2cd05ea51.html
1663,20260131__aionet.ir__9c1cd74a1730.html
1664,20260131__ajchor.umsha.ac.ir__7835787f2d20.html
1665,20260131__ajsm.atu.ac.ir__73e105c27cce.html
1666,20260131__akharinkhodro.ir__83f2e2f0e7af.html
1667,20260131__akogym.ir__3b8cc2964924.html
1668,20260131__akseo.ir__9cfb39d55437.html
1669,20260131__aksonline.ir__2b5d65b514b6.html
1670,20260131__al-falah.ir__6c26b2bb6644.html
1671,20260131__alaviastro.ir__646fdc904a17.html
1672,20260131__alborz.maj.ir__7384c3e6087c.html
1673,20260131__alborz.mporg.ir__fc948525b147.html
1674,20260131__alirantrading.ir__3e412fa26d5b.html
1675,20260131__alldriver.ir__206fac494361.html
1676,20260131__alleboom.ir__c7662f57b7cb.html
1677,20260131__allsamsung.ir__1e6002c676b5.html
1678,20260131__aloomag.ir__8bfb007d6163.html
1679,20260131__alphafilm.ir__a8ce7ec2d70d.html
1680,20260131__alzahra.mui.ac.ir__1135b017b244.html
1681,20260131__amlak.mrud.ir__424cf1a0deef.html
1682,20260131__amoozeshbug.ir__eff5a2b8c719.html
1683,20260131__amsr.areeo.ac.ir__be0fddf4b316.html
1684,20260131__animalscience.tabrizu.ac.ir__10ec14311df7.html
1685,20260131__anjirtak.ir__543bdebfd476.html
1686,20260131__anzalweb.ir__69ecc64e23de.html
1687,20260131__api2.zoomg.ir__edaafc167ac3.html
1688,20260131__appkhuneh.ir__41f9d3cbad9c.html
1689,20260131__aqayepardakht.ir__88b124c3d492.html
1690,20260131__aqr.ir__e69b9d29a64c.html
1691,20260131__ar.isna.ir__2e8b171a3639.html
1692,20260131__arabic.khamenei.ir__7d361bb511ad.html
1693,20260131__archrazi.areeo.ac.ir__8cb0712d5d64.html
1694,20260131__ardabilcity.ir__96d252983494.html
1695,20260131__arenalearn.ir__02ca57c838d7.html
1696,20260131__ariaieboy.ir__9aa18b7c4e01.html
1697,20260131__ariya-co.rzb.ir__856c1e684b2d.html
1698,20260131__ariyanmaterials.ir__7f1242b94dd0.html
1699,20260131__armanmeli.ir__0c90da2c0aa7.html
1700,20260131__arsastore.ir__85dfbc625247.html
1701,20260131__arsmb.journals.pnu.ac.ir__5efc14cba45f.html
1702,20260131__arsnes.qom.ac.ir__fac6a296bc6e.html
1703,20260131__articlefarsi.ir__1b0e629b9fb9.html
1704,20260131__arww.razi.ac.ir__fe73f71804d3.html
1705,20260131__arya.mui.ac.ir__d362e597088c.html
1706,20260131__arya24.ir__b32a6a48992d.html
1707,20260131__as.yazd.ac.ir__b4fe98764a1c.html
1708,20260131__ascharter.ir__71f1ba2e3fd3.html
1709,20260131__asemanam.blog.ir__17efdfb6db03.html
1710,20260131__asfaltkari.ir__f687e1212e17.html
1711,20260131__ashayer-es.gov.ir__775d495b0287.html
1712,20260131__asoltani.ir__8bfa2334f620.html
1713,20260131__asrebank.ir__d736aae7f077.html
1714,20260131__asremasjedsoleyman.ir__271d13d0ed08.html
1715,20260131__asremrooz.ir__5b67726c8806.html
1716,20260131__asretarakonesh.ir__3afefe75ed87.html
1717,20260131__asroon.ir__38e7c192d19d.html
1718,20260131__astp.ir__fbec11f39c68.html
1719,20260131__ataair.ir__da82531677ac.html
1720,20260131__atlas.kheir.ir__dd8b52e27406.html
1721,20260131__atlastools.ir__9f2877c4ba39.html
1722,20260131__autokhabari.ir__423b55c7c040.html
1723,20260131__avalift.ir__ac21115dbff1.html
1724,20260131__azmoon.iau.ac.ir__226a398f3cc5.html
1725,20260131__baamardom.ir__77f01887ea61.html
1726,20260131__babia.ir__5996fe43e692.html
1727,20260131__baghestannews.ir__4d3845c00af5.html
1728,20260131__bahalmag.ir__fc821abd9e66.html
1729,20260131__bahmanbamzad.ir__f1833d15eb7d.html
1730,20260131__balootchap.ir__932e007662be.html
1731,20260131__bandolini.ir__cccf1209cfe5.html
1732,20260131__bank-maskan.ir__23078c823567.html
1733,20260131__bannersaaz.ir__5abb6e1090c7.html
1734,20260131__banooyekermani.ir__7bac2e4267a9.html
1735,20260131__bardaskan.khorasan.ir__6f35cefdc6c5.html
1736,20260131__barishnews.ir__bbff84fa5817.html
1737,20260131__barlitoy.ir__3a2312b24688.html
1738,20260131__bartarinjaha.ir__a04e5d9055ec.html
1739,20260131__barzinelectronic.ir__72835710d4f0.html
1740,20260131__basijnews.ir__ac6ee9bbc59a.html
1741,20260131__bastam.ir__09a66d694840.html
1742,20260131__bazar.irna.ir__32e6cbd6dd04.html
1743,20260131__bazaremina.ir__52f26b08a8c0.html
1744,20260131__bazrco.ir__31e0b5c182f1.html
1745,20260131__bazsaziafrasiabi.ir__987304197588.html
1746,20260131__behavsci.ir__5508c53150a5.html
1747,20260131__behnudtebarya.ir__d1b033cd793d.html
1748,20260131__benedito.ir__622250c9872c.html
1749,20260131__bestchoob.ir__e9fdb1eb6997.html
1750,20260131__bhrc.ac.ir__1dcf3a192db8.html
1751,20260131__bia2dj.ir__de0a4338915f.html
1752,20260131__bia4music.ir__b18eb5c24fef.html
1753,20260131__bigblogestan.alvandblog.ir__968c93e03ae8.html
1754,20260131__bigbusy.ir__44b67cd69b1f.html
1755,20260131__biknik.ir__f87e61eb8581.html
1756,20260131__bim.ir__a998b006a1cd.html
1757,20260131__biomechanics.iauh.ac.ir__332a565fad1e.html
1758,20260131__biot.modares.ac.ir__a532eee40aea.html
1759,20260131__birjandut.ac.ir__e6155d761002.html
1760,20260131__bitpin.ir__d11e206e09d7.html
1761,20260131__bizzone.ir__dadff74e54d4.html
1762,20260131__bjm.ui.ac.ir__1e5c7c2cfd19.html
1763,20260131__blubank.sb24.ir__c659cdd72395.html
1764,20260131__bojnord-city.ir__9427d9c5ca3c.html
1765,20260131__bonsaistudio.ir__791e41be1d2f.html
1766,20260131__book.icfi.ir__661e029de5f9.html
1767,20260131__bosgame.ir__043d3ee90137.html
1768,20260131__boursedan.ir__fec1c17fe2b2.html
1769,20260131__bs.ipm.ir__c0d6a9e4d52e.html
1770,20260131__bsi.ir__753251101573.html
1771,20260131__caa.gov.ir__0cfc26671a73.html
1772,20260131__cabinetoffice.ir__d42c7004919a.html
1773,20260131__cafehdanesh.ir__737ecacf9775.html
1774,20260131__cafemed.ir__b4261813778c.html
1775,20260131__carsgps.ir__9d987c745044.html
1776,20260131__caspianjp.ir__b33a20248afa.html
1777,20260131__cdn.tabnak.ir__eedf86c2a31d.html
1778,20260131__cdn2.tala.ir__1998ed3dfc89.html
1779,20260131__cer.qom.ac.ir__0245d0ca96be.html
1780,20260131__chaaboktrade.ir__d0788f36903b.html
1781,20260131__chaibakhsh.ir__474a3f5fefa6.html
1782,20260131__chalakapp.ir__08d0755bba52.html
1783,20260131__chapamoz.ir__87e77a9e92fc.html
1784,20260131__charisma.ir__0862054f8bca.html
1785,20260131__chat.samsungdigitalservice.ir__0abab7e5741e.html
1786,20260131__chatcas.ir__23c66bb8927b.html
1787,20260131__chenyadak.ir__b6b40fc9cef6.html
1788,20260131__chermahin.ir__c35ecc3c4f88.html
1789,20260131__cheshmeh.ir__2e8e4682bb01.html
1790,20260131__chicken-device.ir__e752f4387001.html
1791,20260131__chikav.ir__ee2b09dd8f25.html
1792,20260131__childmentalhealth.ir__2dfad2245b58.html
1793,20260131__chinesecarrepairshop.ir__4e241d5782ec.html
1794,20260131__chmc.tums.ac.ir__1b08fd74f0aa.html
1795,20260131__chtn.ir__2108b3c71317.html
1796,20260131__cinemamuseum.ir__8342b01dd475.html
1797,20260131__cinemapress.ir__8b15f8f107d7.html
1798,20260131__cjd.razavi.ac.ir__e7d3fc4ac50e.html
1799,20260131__cjhr.gums.ac.ir__0f150d402098.html
1800,20260131__clarotm.ir__46ecb1725f4f.html
1801,20260131__clk.journals.pnu.ac.ir__9276579401ed.html
1802,20260131__cmcma.sbu.ac.ir__ad4c06189673.html
1803,20260131__cmde.tabrizu.ac.ir__97bd1b10b368.html
1804,20260131__cmm.mazums.ac.ir__545e5e058e96.html
1805,20260131__cmstop.ir__f91f42dfea7a.html
1806,20260131__codecell.ir__3efc65d7bfbf.html
1807,20260131__codeigniter4.ir__c375d62c9188.html
1808,20260131__comingsoonmusic.ir__7d807ede93ba.html
1809,20260131__conference.khuisf.ac.ir__811db0245666.html
1810,20260131__congress2.iranology.ir__46906c04d44b.html
1811,20260131__cooling-tower.ir__45f780f140ee.html
1812,20260131__coopl.ir__74d8cb99946a.html
1813,20260131__corp.map.ir__927cbc5013d3.html
1814,20260131__cpap.shahed.ac.ir__e9dd0a19d5d1.html
1815,20260131__cryptoadventures.forexm.ir__12d1e4723a21.html
1816,20260131__cryptochain.forexautoexpert.ir__4e593d75d247.html
1817,20260131__cryptoengine.dragonforex.ir__aecec1b981b8.html
1818,20260131__cryptonodes.forex62.ir__93450f4639e5.html
1819,20260131__cryptotools.forex-expert.ir__6020ddaa2f54.html
1820,20260131__cryptowealth.forexrobotea.ir__55a3fe87d4be.html
1821,20260131__cs.shahed.ac.ir__bda50c91feec.html
1822,20260131__cse.guilan.ac.ir__cbcd776c43e2.html
1823,20260131__cso.iut.ac.ir__e02528934847.html
1824,20260131__cv.birjand.ac.ir__fdc8b210ca68.html
1825,20260131__cv.tums.ac.ir__61821c7aa172.html
1826,20260131__cwe.sbu.ac.ir__e212b9169a20.html
1827,20260131__cws.ut.ac.ir__7122b70a5dcf.html
1828,20260131__dailykish.ir__3ce71233e9fb.html
1829,20260131__daneshchi.ir__33b7ad30b291.html
1830,20260131__danotech.ir__b6887c38c5b4.html
1831,20260131__darman.khomeinums.ac.ir__5bbf1f58d8fc.html
1832,20260131__darman.sums.ac.ir__84a57d26ac3b.html
1833,20260131__daru.tums.ac.ir__23d9d1aa50e1.html
1834,20260131__databank.mefa.ir__71247aa97814.html
1835,20260131__dchq.ir__f5a58e2582a7.html
1836,20260131__decova.ir__1c2f1266196e.html
1837,20260131__dehgardi.ir__e38675cb9b05.html
1838,20260131__delonghigroup.ir__1dfd44fe1bf2.html
1839,20260131__denagallery.ir__9f0756507167.html
1840,20260131__dentjods.sums.ac.ir__d654e34d17b5.html
1841,20260131__dgwall.ir__8820a6cb14d0.html
1842,20260131__didgahnews.ir__072223147d1d.html
1843,20260131__digiro.ir__f6b99b5805dd.html
1844,20260131__digivisa.ir__4d2e5a5f2543.html
1845,20260131__digiwebu.blog.ir__4da53bd804fe.html
1846,20260131__ditty.ir__e05f2ddb4cab.html
1847,20260131__diyarmirza.ir__ce57d7c9b05e.html
1848,20260131__doctor-yab.ir__fbede1269547.html
1849,20260131__doorfa.ir__e09f7abeb5ba.html
1850,20260131__dosingpump.ir__828ee01f42a7.html
1851,20260131__downloadbookpdf10.blog.ir__5a5c266ae7af.html
1852,20260131__dr-habibsohrabi.ir__ef7fe4bfbff8.html
1853,20260131__dr-khodaparast.ir__9b0bb1061b20.html
1854,20260131__drdr.ir__90ff8ce17fe7.html
1855,20260131__drtajbakhsh.ir__32389f9a20f2.html
1856,20260131__du.ac.ir__c151531095e6.html
1857,20260131__e-ilam.ir__671e7ed4ed9e.html
1858,20260131__e-sanandaj.ir__9429b6842cd0.html
1859,20260131__ea-nosazimadares.ir__0a9871bc84e8.html
1860,20260131__eab.journals.pnu.ac.ir__e38916f39720.html
1861,20260131__eamo.ir__ab2965fc2893.html
1862,20260131__eazphcp.tbzmed.ac.ir__673cc430f6f7.html
1863,20260131__ebooker.4kia.ir__1925b2a29418.html
1864,20260131__economic.mofidu.ac.ir__c6e50a4bf0a2.html
1865,20260131__economics.ut.ac.ir__76e7d03089e7.html
1866,20260131__ecor.modares.ac.ir__ad3cea2a79b2.html
1867,20260131__ecut.ir__4877a7163480.html
1868,20260131__edc.iums.ac.ir__6cb98fd4c8eb.html
1869,20260131__edu.bojnourd.iau.ir__df93b4ecfe7a.html
1870,20260131__edu.ub.ac.ir__8ed7a44fd9aa.html
1871,20260131__edupsy.scu.ac.ir__133ec7294164.html
1872,20260131__eghtesadmihan.ir__4b990fbb21d6.html
1873,20260131__egsdejournal.sbu.ac.ir__2161bb2afc75.html
1874,20260131__ehsanbourse.ir__d35e7bc5f0c3.html
1875,20260131__eitaa.ir__07b5141fd344.html
1876,20260131__elamir.ir__c335e5842a1a.html
1877,20260131__elementorthemes.ir__e9d3722f50be.html
1878,20260131__elt.tabrizu.ac.ir__7507ad91fc0e.html
1879,20260131__emdadkhodrooesfahan.ir__30facd20972f.html
1880,20260131__emdadpajh.ir__c938f37903cd.html
1881,20260131__emobil.blog.ir__cd253efdd196.html
1882,20260131__emri.tums.ac.ir__b4c2f43e4dbd.html
1883,20260131__emsf.ir__8a7628a81524.html
1884,20260131__emt.medu.ir__0afa92d09c36.html
1885,20260131__emusicfa.ir__330a69d95e58.html
1886,20260131__en.atu.ac.ir__a6276b4bfcef.html
1887,20260131__en.icro.ir__9bb09269f9b0.html
1888,20260131__en.kntu.ac.ir__cf98746791a0.html
1889,20260131__en.mimt.gov.ir__124e9251ddd4.html
1890,20260131__en.otaghiranonline.ir__97d453306332.html
1891,20260131__en.symposia.ir__55b9517eb4b2.html
1892,20260131__en.tbzmed.ac.ir__5b6e9d0cacd2.html
1893,20260131__en.tums.ac.ir__99166235ecad.html
1894,20260131__enahalestan.ir__e543232f43a5.html
1895,20260131__eng.ub.ac.ir__8834a3b726bd.html
1896,20260131__english.ifsri.ir__8f33682066cb.html
1897,20260131__english.karaj.ir__177e1a7d23b4.html
1898,20260131__enigmaescaperoom.ir__33a3ce16d1d5.html
1899,20260131__enphysics.sbu.ac.ir__c9c3f169caee.html
1900,20260131__envs.sbu.ac.ir__a2024fb81764.html
1901,20260131__eoge.ut.ac.ir__8ed557d62979.html
1902,20260131__epicpixel.ir__c4260a72e3aa.html
1903,20260131__epolice.ir__954644cf79ac.html
1904,20260131__eqas.ir__f9c821f71f12.html
1905,20260131__erd.um.ac.ir__70e0387b774b.html
1906,20260131__erfanhydraulic.ir__88cbef547baf.html
1907,20260131__errormobile.ir__a9ef317756ff.html
1908,20260131__ertebatemrooz.ir__9b72e662485b.html
1909,20260131__esfahan-parcham.ir__feecc20aaec4.html
1910,20260131__esfpackage.ir__1cc2e8607f16.html
1911,20260131__esmn.ir__519e17a08747.html
1912,20260131__espadanakhabar.ir__9731814fe721.html
1913,20260131__estelam.iau.ir__89d55c30bc0c.html
1914,20260131__ethics.research.ac.ir__1c836820cf67.html
1915,20260131__etl.journals.pnu.ac.ir__b07f38dc0346.html
1916,20260131__ezmusic.ir__94fd4dfdfccd.html
1917,20260131__fa.wikifeqh.ir__5e226b01be31.html
1918,20260131__faceit.ir__f6e1432ad39b.html
1919,20260131__faculty.icrc.ac.ir__7660ee5de673.html
1920,20260131__faculty.kashanu.ac.ir__04cadb5053c8.html
1921,20260131__fardaart.ir__9a6f5731c337.html
1922,20260131__farsp.ir__e74308a7d80a.html
1923,20260131__fatemeh-kazemi.ir__a58d29b5f95f.html
1924,20260131__fdo.tums.ac.ir__cdb6f2933c0b.html
1925,20260131__feqh.semnan.ac.ir__e4abcfb70578.html
1926,20260131__feyz.kaums.ac.ir__fa0e34cf3906.html
1927,20260131__ffff.blog.ir__42141b14c378.html
1928,20260131__fid.tums.ac.ir__087d06d660c3.html
1929,20260131__filix.ir__4f7aab0926ff.html
1930,20260131__filmekade.ir__8c29c6520c42.html
1931,20260131__filmnet.ir__92396c1e4baf.html
1932,20260131__filmnews.ir__2e0d8a923855.html
1933,20260131__filmr.ir__8a710f0ae710.html
1934,20260131__fisheries.ir__1f6e22257e93.html
1935,20260131__fitanfood.ir__3683d4b46521.html
1936,20260131__flerbo.ir__94819762a673.html
1937,20260131__fna.ir__7ad1a12bfff8.html
1938,20260131__foodculture.ir__15970e94e823.html
1939,20260131__fooder.areeo.ac.ir__45647758b35c.html
1940,20260131__football360.ir__b0338f13a23e.html
1941,20260131__footballistars.ir__e9ae0867f280.html
1942,20260131__forum.oghyanos.ir__ce09689e4827.html
1943,20260131__fotona.ir__c1f96df15e5c.html
1944,20260131__foundationed.ir__ea3e1887be2d.html
1945,20260131__fouriyat.ir__3d567571e4d7.html
1946,20260131__freezones.ir__18e07d927eb9.html
1947,20260131__fronthooks.ir__91bcc29a2bc3.html
1948,20260131__frrw.ir__45da7d6fcdc9.html
1949,20260131__fut5al.ir__17f79c4515f5.html
1950,20260131__fvpresident.ir__33055fa6e784.html
1951,20260131__gameland98.ir__f1b19a0801b0.html
1952,20260131__gardeshbato.ir__1b5374aa33e7.html
1953,20260131__gardeshbook.ir__2a472e67eac4.html
1954,20260131__garmsar.ir__67da9d843a7c.html
1955,20260131__geneva.mfa.ir__c5665ffa6660.html
1956,20260131__getapp.izbank.ir__39363f52ae22.html
1957,20260131__gfrc.ir__74f82d46704c.html
1958,20260131__ghaemshahr.ir__6cb917b73cb4.html
1959,20260131__ghanoondaily.ir__2a558ca63458.html
1960,20260131__ghazali.ac.ir__5cd2ef003efd.html
1961,20260131__ghbook.ir__4683f03f7bf8.html
1962,20260131__ghesta.ir__1edb0a3b83a9.html
1963,20260131__ghobadschool.ir__5fdca37d1413.html
1964,20260131__gilan.isna.ir__d8bbff310d2e.html
1965,20260131__gilkhabar.ir__426f233f25fd.html
1966,20260131__glrw.ir__dee7c0e52d0a.html
1967,20260131__go.onescript.ir__b9651f357707.html
1968,20260131__golestanp.ir__a935a459e99e.html
1969,20260131__golgoharsport.ir__61e952cad3fc.html
1970,20260131__golparan.ir__0457fcbab7cf.html
1971,20260131__golsarmusic.ir__9457ff5b49f0.html
1972,20260131__gorgan.airport.ir__7fb2afdc4a23.html
1973,20260131__gorgan.ir__426806a95771.html
1974,20260131__gratech.ir__5ced8f8f3193.html
1975,20260131__gravity.ir__2fce2f4a3a84.html
1976,20260131__gstp.ir__e7de607d438d.html
1977,20260131__hadiz.ir__ed1e1e043fb7.html
1978,20260131__hajabbasi.iut.ac.ir__7bf9b52585d2.html
1979,20260131__harica.ir__4fbdbaa43cec.html
1980,20260131__hayat.ir__be4fa59ca4d7.html
1981,20260131__hayat.tums.ac.ir__9da92e23f2b7.html
1982,20260131__hcjournal.arums.ac.ir__d08281ff17f7.html
1983,20260131__health.umsu.ac.ir__e914bc8107d5.html
1984,20260131__health98.ir__9e7e55355bb1.html
1985,20260131__healthjournal.arums.ac.ir__244b4760bbe1.html
1986,20260131__hejabstore.ir__39e1ca9e5645.html
1987,20260131__hibitsoft.ir__70b8745f3097.html
1988,20260131__history.bojnourd.iau.ir__2514777cb207.html
1989,20260131__hotelato.ir__c105f337777d.html
1990,20260131__hotsnes.nasrblog.ir__b511b3dcfbdc.html
1991,20260131__hrtc.ir__5be2c6e9706b.html
1992,20260131__hyd.tabrizu.ac.ir__6a3a22a8bee6.html
1993,20260131__iaeej.ir__31a58553c849.html
1994,20260131__iana.ir__29c794736768.html
1995,20260131__iau.ac.ir__01d6530a2a26.html
1996,20260131__iaus.ac.ir__aff7d297cb53.html
1997,20260131__iawf.ir__f9431a39f058.html
1998,20260131__ibuynow.ir__278e5e828742.html
1999,20260131__icbar.ir__91e32d0f2b53.html
2000,20260131__icff.ir__93e638ea2151.html
2001,20260131__icopmas.ir__fc4e85fbbb7b.html
2002,20260131__ics.org.ir__f4870be222c5.html
2003,20260131__ictpress.ir__4e879bd0b04b.html
2004,20260131__idat.ir__ba1c5179deef.html
2005,20260131__iec.behdasht.gov.ir__efc6d59cd704.html
2006,20260131__ieda.alzahra.ac.ir__613a6d54f9b2.html
2007,20260131__ier.ut.ac.ir__e5a005db9aad.html
2008,20260131__ihoosh.ir__f4ec2125533a.html
2009,20260131__iie.co.ir__cd7d63c78ac9.html
2010,20260131__ijaaf.um.ac.ir__67bd30c9309c.html
2011,20260131__ijae.iut.ac.ir__af834bfb3a39.html
2012,20260131__ijbsm.zbmu.ac.ir__5a34be81ebc7.html
2013,20260131__ijcce.ac.ir__9ae274d9db8d.html
2014,20260131__ije.ir__f396f877555e.html
2015,20260131__ijeee.iust.ac.ir__d5f5cf7b396a.html
2016,20260131__ijer.ut.ac.ir__48407cde6782.html
2017,20260131__ijes.shirazu.ac.ir__7e1344301405.html
2018,20260131__ijhe.tums.ac.ir__c622d797e6fb.html
2019,20260131__ijhse.ir__b1ace13ff3b8.html
2020,20260131__ijicl.qom.ac.ir__5cdcc2689ea0.html
2021,20260131__ijict.itrc.ac.ir__b3601b0846e8.html
2022,20260131__ijiepr.iust.ac.ir__88f7007c78dc.html
2023,20260131__ijir.irc.ac.ir__b6b028ebaf98.html
2024,20260131__ijlt.ir__4e028e037228.html
2025,20260131__ijme.mui.ac.ir__1b7e11f35bdc.html
2026,20260131__ijmm.ir__0a480b89a64b.html
2027,20260131__ijmse.iust.ac.ir__ced69c8b2f01.html
2028,20260131__ijnv.ir__e52a02303a99.html
2029,20260131__ijoh.tums.ac.ir__5cb4dd2a5f4f.html
2030,20260131__ijorl.mums.ac.ir__b04c403e199a.html
2031,20260131__ijp.isca.ac.ir__88cf31753f98.html
2032,20260131__ijpho.ssu.ac.ir__785659aef1c4.html
2033,20260131__ijpp.areeo.ac.ir__408e9a14a49b.html
2034,20260131__ijpr.ir__4c69bedbea14.html
2035,20260131__ijrare.iust.ac.ir__2689c918ef5c.html
2036,20260131__ijrdr.areeo.ac.ir__c059421aa74b.html
2037,20260131__ijrm.ir__13af53c799b6.html
2038,20260131__ijt.arakmu.ac.ir__143ac49d1617.html
2039,20260131__ijtcs.usc.ac.ir__4769b8c2ce3c.html
2040,20260131__ijvm.ut.ac.ir__d72a64ab5eba.html
2041,20260131__ijws.areeo.ac.ir__11f44212d239.html
2042,20260131__ilearn.ir__48b789e363ed.html
2043,20260131__ilt.atu.ac.ir__c7cbce7d1dd1.html
2044,20260131__imenjak.ir__aaad822b69e8.html
2045,20260131__imgurl.ir__308f544f3010.html
2046,20260131__imi.ir__ff6ba7fb624a.html
2047,20260131__imi100.imi.ir__819e26c2a722.html
2048,20260131__implantbar.ir__e5344139638a.html
2049,20260131__inbo.ir__0bad5970d9ff.html
2050,20260131__infosci.um.ac.ir__cef536e23332.html
2051,20260131__inn.ir__f314ba7880b8.html
2052,20260131__inoor.ir__4b9d9db66032.html
2053,20260131__inpia.ir__c37e59ac2cef.html
2054,20260131__intamedia.ir__63832559d2d2.html
2055,20260131__intjsh.sums.ac.ir__5af6396fa03b.html
2056,20260131__ioh.iums.ac.ir__954df2949d9f.html
2057,20260131__iors.ir__7db0dadd1155.html
2058,20260131__ipresta.ir__414cd213aa2f.html
2059,20260131__iran-compressor.ir__dd1540bc63b9.html
2060,20260131__iran-history2500.blog.ir__6cd9890da806.html
2061,20260131__iranarchpedia.ir__f07286dfcf47.html
2062,20260131__iraneia.ir__6cd8c2048328.html
2063,20260131__iranjib.ir__e8aa8659a0c5.html
2064,20260131__iranjournals.nlai.ir__7a924120a640.html
2065,20260131__irankoran.ir__259903758e78.html
2066,20260131__iranpho.ir__a54f8b2ac237.html
2067,20260131__iranskating.ir__cf66bdbfc3c0.html
2068,20260131__iras.ir__ce1fcc0b94f3.html
2069,20260131__irchem.ir__e5d218403ede.html
2070,20260131__irct.behdasht.gov.ir__986c7e1364db.html
2071,20260131__irden.ir__d0af962b6fc6.html
2072,20260131__irea.ir__f123bbf2d012.html
2073,20260131__ireconomy.ir__4152b3b3e1ef.html
2074,20260131__iremco.co.ir__b8cd1a90f22c.html
2075,20260131__iribtv.ir__18ad0e3f5413.html
2076,20260131__iribu.ac.ir__9129099463ed.html
2077,20260131__irica.gov.ir__0605727ee365.html
2078,20260131__irica.ir__9402a45e1706.html
2079,20260131__iriff.ir__32c2f77780f7.html
2080,20260131__iripo.ssaa.ir__b5fc95dc3e16.html
2081,20260131__irisk.atu.ac.ir__85530c7b0ea6.html
2082,20260131__irmicrosoftstore.ir__801f3f240431.html
2083,20260131__irten.ir__78a4cc681074.html
2084,20260131__isaar.ir__0f6e6288199d.html
2085,20260131__iscl.ir__ace0c20ee959.html
2086,20260131__iseokar.ir__53bfb424eae4.html
2087,20260131__isfahanzon.ir__0cea12c20bf7.html
2088,20260131__islamicpsy.rihu.ac.ir__6dbcab26bf4a.html
2089,20260131__isqh.isu.ac.ir__41f88c3a761e.html
2090,20260131__issh.shahed.ac.ir__3dee56b626e3.html
2091,20260131__istt.ir__cd1cd46e6d83.html
2092,20260131__italservice.ir__8c357fe85831.html
2093,20260131__itjoo.ir__2a89781d0f87.html
2094,20260131__ito.gov.ir__8b6c708b3bc7.html
2095,20260131__itt.cfu.ac.ir__c61c6c380c08.html
2096,20260131__iums.ac.ir__cf09dc0d0c08.html
2097,20260131__iwpco.ir__d8f94595efd7.html
2098,20260131__iwrj.sku.ac.ir__de28940ad722.html
2099,20260131__j.skums.ac.ir__fcfef544ca7a.html
2100,20260131__jaarchee.ir__c8b8863316fd.html
2101,20260131__jabs.fums.ac.ir__41c2ac46402f.html
2102,20260131__jad.tums.ac.ir__cc314eecc02a.html
2103,20260131__jaehr.muk.ac.ir__c8596e92906d.html
2104,20260131__jaheshmusic.ir__2e26d988f141.html
2105,20260131__jahla.hatef.ac.ir__5213a4f5b27e.html
2106,20260131__jam.uok.ac.ir__1085f512f833.html
2107,20260131__jamejamdaily.ir__f6d9019e3d8b.html
2108,20260131__jap.alzahra.ac.ir__8c001efec7a6.html
2109,20260131__japan.mfa.ir__ac5e398ff4fd.html
2110,20260131__jarums.arums.ac.ir__3c7c6786b6e3.html
2111,20260131__jas.shahroodut.ac.ir__994f135a326e.html
2112,20260131__javadsajjadi.ir__4a5e17113f79.html
2113,20260131__javan-melody.ir__64703fb0f550.html
2114,20260131__javann.ir__e52da6eb6e88.html
2115,20260131__jayakala.ir__41a44f61cbf7.html
2116,20260131__jcb.sanru.ac.ir__f7b2ee176c83.html
2117,20260131__jcbr.goums.ac.ir__849120decaa8.html
2118,20260131__jce.shahed.ac.ir__a390c1bf49a3.html
2119,20260131__jcesc.um.ac.ir__baf2e02e70af.html
2120,20260131__jcp.modares.ac.ir__0fa1e89f4b66.html
2121,20260131__jcpp.iut.ac.ir__b17ad9b919af.html
2122,20260131__jcsm.atu.ac.ir__06393ce18c4d.html
2123,20260131__jcst.icrc.ac.ir__b96a7b0709fb.html
2124,20260131__jdesert.ut.ac.ir__197622ff6374.html
2125,20260131__jdmd.tums.ac.ir__ddf29d5795e6.html
2126,20260131__jdn.zbmu.ac.ir__ceb289191874.html
2127,20260131__jdscm.atu.ac.ir__06393ce18c4d.html
2128,20260131__jdt.tums.ac.ir__fde6e2d210a4.html
2129,20260131__jdtums.ir__cc335ffd53e8.html
2130,20260131__jem.atu.ac.ir__0d2c7d0e25ca.html
2131,20260131__jesi.areeo.ac.ir__8d938c96e2f7.html
2132,20260131__jess.ir__8fac4b197ec8.html
2133,20260131__jetfilm.ir__f434abde9adf.html
2134,20260131__jewe.ir__f9d62f1e912a.html
2135,20260131__jewelrynews.ir__75450cd0803e.html
2136,20260131__jfadram.ut.ac.ir__1bdbaa7bbd9c.html
2137,20260131__jfm.alzahra.ac.ir__89ed9bedb953.html
2138,20260131__jfmh.mums.ac.ir__ac574bae08b2.html
2139,20260131__jfrh.tums.ac.ir__d2a819109ce0.html
2140,20260131__jfsh.tums.ac.ir__2285fbeefa44.html
2141,20260131__jgq.isca.ac.ir__d699a3c94938.html
2142,20260131__jha.iums.ac.ir__db26ccf9b9ea.html
2143,20260131__jha.sums.ac.ir__db37f4d1497a.html
2144,20260131__jhad.kmu.ac.ir__7aa19fe92549.html
2145,20260131__jhap.du.ac.ir__f31497e5a37a.html
2146,20260131__jhc.mazums.ac.ir__d3ae1232e2ef.html
2147,20260131__jhic.ut.ac.ir__95061458e607.html
2148,20260131__jhistory.um.ac.ir__85d2cba6301d.html
2149,20260131__jhpr.birjand.ac.ir__f09fbb737be5.html
2150,20260131__jhpr.ir__e7f3e06de69e.html
2151,20260131__jhs.mazums.ac.ir__398fdfe35f96.html
2152,20260131__jhsss.sums.ac.ir__c444f9be3f8e.html
2153,20260131__jiee.atu.ac.ir__3d56f64bbbac.html
2154,20260131__jipm.irandoc.ac.ir__d27f01a73493.html
2155,20260131__jispp.iut.ac.ir__a5ee02588731.html
2156,20260131__jist.ir__e8298b46a7d8.html
2157,20260131__jkmaz.ir__4fde4f89a4ec.html
2158,20260131__jlts.um.ac.ir__5ce5ae393ffd.html
2159,20260131__jmarmed.ir__e59536f08d06.html
2160,20260131__jme.guilan.ac.ir__d3ff3f147c9e.html
2161,20260131__jmehm.tums.ac.ir__645f4a80982f.html
2162,20260131__jmlm.ut.ac.ir__e0a42a02fe65.html
2163,20260131__jmp.ir__43c69aa24a0f.html
2164,20260131__jms.thums.ac.ir__19eb1bf55838.html
2165,20260131__jmst.kmsu.ac.ir__2ba5e4184a8a.html
2166,20260131__jnanoanalysis.tms.iau.ir__8df6438c3df1.html
2167,20260131__joeppa.sbu.ac.ir__6a28cdaaaf22.html
2168,20260131__joge.ir__e8367fe449f5.html
2169,20260131__jol.guilan.ac.ir__0c8d26269503.html
2170,20260131__jomhooronline.ir__cfadac7b25d9.html
2171,20260131__jomi.scu.ac.ir__3c72d2ad1089.html
2172,20260131__joralh.nlai.ir__b0bc8d8acce4.html
2173,20260131__jost.tums.ac.ir__fd4712f0333a.html
2174,20260131__journal.eri.acecr.ir__d0a5f56fbd8c.html
2175,20260131__journal.gums.ac.ir__21eb5ba671c0.html
2176,20260131__journal.iag.ir__1cd92d30a074.html
2177,20260131__journal.ihepsa.ir__3036f606a7c5.html
2178,20260131__journal.isv.org.ir__6eedee6033be.html
2179,20260131__journal.richt.ir__90f1c54c71c3.html
2180,20260131__journalitor.ir__d704e24dcba7.html
2181,20260131__journals.modares.ac.ir__4713888b35a0.html
2182,20260131__journals.mui.ac.ir__7341f7408451.html
2183,20260131__jplr.atu.ac.ir__7d4335757204.html
2184,20260131__jpp.um.ac.ir__5621bfb3422e.html
2185,20260131__jps.ajaums.ac.ir__fba3eea03052.html
2186,20260131__jqe.scu.ac.ir__9b96b077c2b1.html
2187,20260131__jrag.shahroodut.ac.ir__750a63e9361f.html
2188,20260131__jree.ir__5040862911c6.html
2189,20260131__jrg.ut.ac.ir__b09d5dacfc97.html
2190,20260131__jrh.gmu.ac.ir__1a5282741919.html
2191,20260131__jrmam.sku.ac.ir__a7813a6a6c38.html
2192,20260131__jrrp.um.ac.ir__9fa7263767df.html
2193,20260131__jrsr.sums.ac.ir__09cbd9ea27a7.html
2194,20260131__jscc.yazd.ac.ir__a45a07fd5ad7.html
2195,20260131__jsce.ir__eda1b6a5ab9d.html
2196,20260131__jsciences.ut.ac.ir__4fff56438bf7.html
2197,20260131__jsmd.guilan.ac.ir__7677ec473207.html
2198,20260131__jsmt.khu.ac.ir__2a55e1b7e4a5.html
2199,20260131__jspi.iut.ac.ir__a644ae4e11f7.html
2200,20260131__jsr-e.isfahan.iau.ir__a736938bae1f.html
2201,20260131__jsri.srtc.ac.ir__c5063631e433.html
2202,20260131__jss.tums.ac.ir__66517f226a2a.html
2203,20260131__jsssi.iut.ac.ir__ee05401aa1dc.html
2204,20260131__jssu.ssu.ac.ir__7706c5d335e2.html
2205,20260131__jsw.um.ac.ir__f124b9d3a64c.html
2206,20260131__jtethys.journals.pnu.ac.ir__66e3266c64fe.html
2207,20260131__jthc.tums.ac.ir__2ed0dcb79cdb.html
2208,20260131__jti.atu.ac.ir__43e9d7010963.html
2209,20260131__jtie.semnan.ac.ir__45aa36399afe.html
2210,20260131__judperson.adliran.ir__060ee40a4043.html
2211,20260131__jurbangeo.ut.ac.ir__e8fe62eb2a84.html
2212,20260131__jvcp.tabriz.iau.ir__d037ab309250.html
2213,20260131__jwsd.um.ac.ir__9e70e08973af.html
2214,20260131__kamelmoshaver.ir__65d5e1ca1793.html
2215,20260131__kamva.ir__0642ac04f67b.html
2216,20260131__kanoonsobhan.ir__4fa678d9248e.html
2217,20260131__kapda.ir__80b9362c16a8.html
2218,20260131__kar.ac.ir__5f24890b5051.html
2219,20260131__kar50.ir__77c745353d26.html
2220,20260131__karmadio.ir__51d102a53dbd.html
2221,20260131__kartvisitirani.ir__b2638ee85ccc.html
2222,20260131__karunposter.blog.ir__65923b9de14f.html
2223,20260131__karynet.ir__624cab422b56.html
2224,20260131__kashmar.khorasan.ir__a07c3ff8faa5.html
2225,20260131__kavoshnameh.yazd.ac.ir__21514bf1ead0.html
2226,20260131__kebnanews.ir__78a817646949.html
2227,20260131__khabirnews.ir__4ef0b0f9ddc9.html
2228,20260131__khadamatfarsh.ir__0096208f3305.html
2229,20260131__kheiriran.ir__304f2a0d8dcb.html
2230,20260131__khodesajad.blog.ir__e6b7dd6bab6f.html
2231,20260131__khodrobarvahid.ir__27a0d6e5e372.html
2232,20260131__khodrofarsodeh.ir__85d9be94f6c9.html
2233,20260131__khoramabad.farhang.gov.ir__df8af21326d4.html
2234,20260131__khorasan.iqna.ir__94c840522012.html
2235,20260131__khorasan.ir__611394bd166f.html
2236,20260131__khouznews.ir__9cb27b2e9722.html
2237,20260131__kish.ir__f4c62ac93c63.html
2238,20260131__kishairport.ir__25edf4b20cfe.html
2239,20260131__kishhotel24.ir__f75f5e7e6c5e.html
2240,20260131__kishspeed.ir__57869d3ad8d7.html
2241,20260131__klidar.ir__1ee7f1b8de32.html
2242,20260131__kmsu.ac.ir__9b6d8d7e603b.html
2243,20260131__konkur.blog.ir__d96b6df063d1.html
2244,20260131__kurdistan.areeo.ac.ir__ec6788768a67.html
2245,20260131__kushanbook.ir__e008f96bad0b.html
2246,20260131__kwrank.ir__2b9ba5500830.html
2247,20260131__landing.web24.ir__befc4c6b68fd.html
2248,20260131__languageart.ir__9f4847842ac8.html
2249,20260131__laserdiscount.ir__683e6d1c4ab8.html
2250,20260131__lawecon.um.ac.ir__f35c7a315bfe.html
2251,20260131__lebasoposhak.ir__ce74ed994ab2.html
2252,20260131__lenz.ir__cb3c9ce3ae3a.html
2253,20260131__licenseha.ir__7fa448abab06.html
2254,20260131__liferoom.ir__5fa20112e71f.html
2255,20260131__likee.ir__2c09e3af22f9.html
2256,20260131__link.qazvin-gate.ir__1f463a1ebb64.html
2257,20260131__linuxfm.ir__3e312368028d.html
2258,20260131__logowiin.ir__900347d7a211.html
2259,20260131__lorestan.mcth.ir__8767f58bf231.html
2260,20260131__lorestan.mrud.ir__60424d33f579.html
2261,20260131__lrr.modares.ac.ir__e729b6cb0221.html
2262,20260131__luhmann.ir__b447cec0db18.html
2263,20260131__luxgardi.ir__7b1b3fd9a727.html
2264,20260131__madadelahi.iut.ac.ir__7dda49524551.html
2265,20260131__mag.cafebazaar.ir__e187cc7dd29c.html
2266,20260131__magazineno.ir__9253c92759f3.html
2267,20260131__magrooz.ir__ee0ad1f3672d.html
2268,20260131__mahalewp.ir__68af46fabb9a.html
2269,20260131__mahdavikani.ir__bd285bb72d05.html
2270,20260131__mahdiy.ir__dd21312bae0f.html
2271,20260131__mahpar.ir__30e37417b2e8.html
2272,20260131__mahshahr.aut.ac.ir__44e18b3db060.html
2273,20260131__majazi.ir__0d6514d752ce.html
2274,20260131__maku.ir__d4bae096006f.html
2275,20260131__manzel.ir__679f26494917.html
2276,20260131__mapedu.ir__97b217fc8072.html
2277,20260131__marand.ir__8c0c1490a7c1.html
2278,20260131__mardomsalari.ir__3ba49a275e06.html
2279,20260131__markazsalamat.behdasht.gov.ir__a1537bd5c366.html
2280,20260131__marvast.yazdedu.ir__6953b9d59d87.html
2281,20260131__mashal.ir__c6a994f20a6b.html
2282,20260131__mashhad.airport.ir__b8e0843fd234.html
2283,20260131__mashhadall.ir__d3ea78d5b110.html
2284,20260131__mashhadja.ir__e976b0633d36.html
2285,20260131__masir-online.ir__c2ecefee3df8.html
2286,20260131__maslahat.ir__c9397d596746.html
2287,20260131__mastertest.ir__fb3901611697.html
2288,20260131__maxchap.ir__83da2bf603e9.html
2289,20260131__mazandaran.bmn.ir__ddec4ad02266.html
2290,20260131__mazmet.ir__dbfcd96d13bf.html
2291,20260131__mbj.ssrc.ac.ir__bc950cd92904.html
2292,20260131__mbsp.sbu.ac.ir__8bc740fe8c45.html
2293,20260131__md1.ir__55e0b113b1ce.html
2294,20260131__mdehghani.ir__5c01be1d2f89.html
2295,20260131__mdmc.sbmu.ac.ir__1896703c46f1.html
2296,20260131__med.mui.ac.ir__21206ad84eb1.html
2297,20260131__media.hamshahrionline.ir__3be5bf6fb769.html
2298,20260131__media.isna.ir__87e47e7874a8.html
2299,20260131__medrehab.sbmu.ac.ir__600bdf403830.html
2300,20260131__megaerp.ir__9432a6e2d5d0.html
2301,20260131__mehdifaraji.ir__5f14f918eb73.html
2302,20260131__mehrabad.airport.ir__a82710cc0439.html
2303,20260131__mehranarji.ir__f97201e5476b.html
2304,20260131__mehrizco.ir__dd996ef768c0.html
2305,20260131__mehrnegin.ir__bf9d9c601493.html
2306,20260131__mercedeskhodro.ir__1d49de49e022.html
2307,20260131__mersanshop.ir__a8d832d599ca.html
2308,20260131__mespress.ir__84baa2079433.html
2309,20260131__middleeastbank.ir__ade8803e6d11.html
2310,20260131__migna.ir__66491244e71e.html
2311,20260131__mikhak.mfa.gov.ir__9bf416b4c0b8.html
2312,20260131__mindexcenter.ir__4731fd83f9ef.html
2313,20260131__mine.ut.ac.ir__370466040a65.html
2314,20260131__miofun.ir__fa8e084b9128.html
2315,20260131__mistersa.ir__ac1bee13ecb7.html
2316,20260131__miyaneemdad.ir__6f108d1c3f2e.html
2317,20260131__mjahangir.ir__ef4507b7f1fd.html
2318,20260131__mmbj.tabrizu.ac.ir__4a9ec4ccb4eb.html
2319,20260131__mme.modares.ac.ir__aa64857e46e4.html
2320,20260131__mobithamkar.ir__8ad5e0e483de.html
2321,20260131__modernfilm.ir__36fe1589c41e.html
2322,20260131__modireafkar.ir__b8652b7f7f48.html
2323,20260131__modiriran.ir__2438096b49ee.html
2324,20260131__mohajermag.ir__c928c7907b8c.html
2325,20260131__mohsenfallah.ir__212e40d93958.html
2326,20260131__mojtaba.jalambadani.ir__4c4cabcb690b.html
2327,20260131__mopon.ir__dce9d2864c9e.html
2328,20260131__mortezarastegar.ir__af29f990bdf8.html
2329,20260131__moshaverin.blog.ir__d3fae78b965c.html
2330,20260131__moviemag.ir__9df662015fa6.html
2331,20260131__mozafariyeh.ir__6c9cc633b7b1.html
2332,20260131__mp4.ir__4fdcf2e22e39.html
2333,20260131__mrj.tums.ac.ir__ee5b8dafbbd9.html
2334,20260131__mrplumber.ir__ff92c4646b58.html
2335,20260131__mseee.semnan.ac.ir__a102c0a82c7c.html
2336,20260131__mubam.ac.ir__f24494709461.html
2337,20260131__muk.ac.ir__86662a8b8fd5.html
2338,20260131__musicbazz.ir__c80746b0d7b3.html
2339,20260131__musicc.ir__8f8b01dfdd78.html
2340,20260131__musiceiranian.ir__34c7c311a268.html
2341,20260131__musicfc.blog.ir__9a2f116da784.html
2342,20260131__musicyo.ir__e5aa47607e04.html
2343,20260131__mvmco.ir__4382d2a56f0a.html
2344,20260131__my.tax.gov.ir__c512c021f41e.html
2345,20260131__myindustry.ir__0a71e71af33b.html
2346,20260131__mysephora.ir__4a58884bdb05.html
2347,20260131__mz724.ir__df1bc26d99b7.html
2348,20260131__nabi.ir__e8270d65cb06.html
2349,20260131__nabirice.ir__12617ab53d6f.html
2350,20260131__naderii.ir__c6755cd53785.html
2351,20260131__nafis1.ir__f3a342dd594c.html
2352,20260131__nama.ajaums.ac.ir__666ba83ed120.html
2353,20260131__namayeshtv.ir__4d8c969e2126.html
2354,20260131__nandina.ir__17f63f8c7ceb.html
2355,20260131__narni.ir__f22646a7a447.html
2356,20260131__naserbagheri.blog.ir__fe5b73d40fe3.html
2357,20260131__nastaliqonline.ir__0b18d42cd0fb.html
2358,20260131__nemashoon.ir__577fb89ae19f.html
2359,20260131__netrun.ir__45e8d8a927d8.html
2360,20260131__newkhane.ir__53baeb7b7576.html
2361,20260131__news.moe.gov.ir__b8c7ed90e84f.html
2362,20260131__nextoffice.ir__979a5d7a1b27.html
2363,20260131__nextoons.ir__b7c297ad9cc0.html
2364,20260131__ngfco.ir__51b8e6adf51b.html
2365,20260131__nhn.ir__3a9a6726b351.html
2366,20260131__niazshomal.ir__576a6130e8af.html
2367,20260131__nicava.ir__cb7d03007a09.html
2368,20260131__nikangasht.ir__c5088f3c38ba.html
2369,20260131__nikigasht.ir__986feee765ba.html
2370,20260131__nimaamin.ir__cc468ef4aac0.html
2371,20260131__niroomand.ir__c63811a181a8.html
2372,20260131__nobatesefarat.ir__2564fd19a618.html
2373,20260131__nod32license.ir__05489e1f0d1a.html
2374,20260131__noor-shop.ir__143bff9097b8.html
2375,20260131__norbertperformance.ir__3f06acc2416f.html
2376,20260131__notary-news.ir__9f8fa05e123a.html
2377,20260131__novinebtekar.ir__05aae35cc774.html
2378,20260131__noyanrestaurant.ir__09942db4506e.html
2379,20260131__npk.ir__26c220578399.html
2380,20260131__nri.ac.ir__3e9ae100b707.html
2381,20260131__nrr.tabrizu.ac.ir__81d753543273.html
2382,20260131__ntk.ir__9b22fff06cd8.html
2383,20260131__ofoghweb.ir__80dbd63c187a.html
2384,20260131__old.sci.org.ir__0c55e618dce2.html
2385,20260131__omidtv.ir__df9bf8732f62.html
2386,20260131__omidzahedi.ir__aec5b77b0c78.html
2387,20260131__onehow.ir__5c164b944ad1.html
2388,20260131__openmarket.ir__9723c453e19a.html
2389,20260131__oral-history.ir__ccf9d300e6e1.html
2390,20260131__originalsaffron.blog.ir__0d80296a1676.html
2391,20260131__ostan-ag.gov.ir__1f7dbb6417f8.html
2392,20260131__ostan-hm.ir__d7266c00868e.html
2393,20260131__ostan-lr.ir__2fa92f63be8c.html
2394,20260131__ostandari.khorasan.ir__72d4763c21ff.html
2395,20260131__ostanyazd.ir__fd1d2da06727.html
2396,20260131__ourpresident.ir__01e4a0f6054f.html
2397,20260131__p4164.ir__755dd810e611.html
2398,20260131__pa-kh.ir__317ea232fd88.html
2399,20260131__pacholl.ir__ace6a74307b7.html
2400,20260131__packmusic.ir__33a4e96f3867.html
2401,20260131__padmira.ir__f13cec877533.html
2402,20260131__paintball.ir__de9059d68c74.html
2403,20260131__pajoohyar.ir__f814154b371e.html
2404,20260131__paknevis.ir__dc260bfeb1d6.html
2405,20260131__pakpasabeghlim.ir__7e4945865857.html
2406,20260131__paladisrestaurant.ir__693e4f1b6ff1.html
2407,20260131__pana.ir__58833a9751cd.html
2408,20260131__panamarketing.ir__f78390c24d0a.html
2409,20260131__panelbaron.ir__000c0723b26a.html
2410,20260131__papionshopping.ir__976082f7b7f7.html
2411,20260131__paradisedesign.ir__e5dadf718291.html
2412,20260131__parsian-bank.ir__59e737ec1cf3.html
2413,20260131__parsijoo.ir__8221d5add15e.html
2414,20260131__parsizi.ir__4fdd7804b91b.html
2415,20260131__parsoctan.ir__e696604fd5d0.html
2416,20260131__partitionkar.ir__31cdb9de96a2.html
2417,20260131__pasejavan.ir__9dbd94fc784d.html
2418,20260131__pasmand.tabriz.ir__157af373d45c.html
2419,20260131__payju.ir__59192bff7802.html
2420,20260131__pbr.mazums.ac.ir__a4a36f996e64.html
2421,20260131__pcoiran.ir__9522f7c1dd30.html
2422,20260131__pcworms.ir__ec00a754dcea.html
2423,20260131__ped.atu.ac.ir__8922c2887363.html
2424,20260131__pep.moe.gov.ir__7767d9be6c07.html
2425,20260131__pezeshkivarzeshi.ir__12aa36ee0779.html
2426,20260131__phc.umsu.ac.ir__08b5185f7610.html
2427,20260131__phoenixconex.ir__677432704b36.html
2428,20260131__photo.nagsh.ir__f31a4f7725eb.html
2429,20260131__pikfree.ir__50f56bc6fef2.html
2430,20260131__pindo.ir__710ca88c1ca1.html
2431,20260131__pipe-iran.ir__f818baec3e05.html
2432,20260131__police.ir__8aa85b9fb540.html
2433,20260131__police10.blog.ir__50af8eb65b82.html
2434,20260131__pooleno.ir__ff8c4d20c480.html
2435,20260131__popupblocker.ir__c1e1eaa19c9c.html
2436,20260131__portal.saorg.ir__6b24bc65ee27.html
2437,20260131__portal.yazdcity.ir__83dab0f11847.html
2438,20260131__press.ut.ac.ir__9a5c77ed2daf.html
2439,20260131__pse.razi.ac.ir__01a91cb96a7c.html
2440,20260131__psri.ir__757b41ae4859.html
2441,20260131__qal-iran.ir__d65cd4805cb8.html
2442,20260131__qamus.inoor.ir__d4bd0cb6d3cd.html
2443,20260131__qeshmcity.ir__2e41218255a9.html
2444,20260131__qjie.ir__74ae35ee4454.html
2445,20260131__qjmn.farhang.gov.ir__23511a19cdc6.html
2446,20260131__qmb.ir__16b10605ab41.html
2447,20260131__qomnews.ir__85ed3b6a502f.html
2448,20260131__qoqnoos.ir__c6f9ee3bd54f.html
2449,20260131__qrbs.birjand.ac.ir__3401b42961dc.html
2450,20260131__quaem.mums.ac.ir__5c2646b579cd.html
2451,20260131__quickfit.ir__081b4263625d.html
2452,20260131__quranicstudies.ihcs.ac.ir__33024a55e7fd.html
2453,20260131__radiopayam.ir__7e23ed76f410.html
2454,20260131__radiovarzesh.ir__d56b4b8f40c4.html
2455,20260131__rahnava.ir__4a91cb5cba72.html
2456,20260131__rahyafteha.ir__5d5110ea3072.html
2457,20260131__raja.ac.ir__5ce2647b3112.html
2458,20260131__rapidcode.ir__b91dce4a6905.html
2459,20260131__rasanews.ir__98cf4b3815de.html
2460,20260131__rasht.airport.ir__d548536b13ce.html
2461,20260131__ravkadeh.ir__394cb8c9cb12.html
2462,20260131__rayaapp.ir__a407c8127c58.html
2463,20260131__rayapars.ir__9619a9986c34.html
2464,20260131__rayapuzl.ir__8860bee3673f.html
2465,20260131__rayastor.ir__a27de0f72ef4.html
2466,20260131__razebaghaa.ir__38b185a61678.html
2467,20260131__rcjl.qom.ac.ir__179dd143cd13.html
2468,20260131__rctall.atu.ac.ir__b50cda11c1c1.html
2469,20260131__rebirth.ir__ab4f7a4e1d8d.html
2470,20260131__reflab.yums.ac.ir__420663c4690b.html
2471,20260131__region3.tehran.ir__33d375f083c5.html
2472,20260131__renoyar.ir__32ce2d2da271.html
2473,20260131__repairgearbox.ir__068ceba89646.html
2474,20260131__rera.shahroodut.ac.ir__f7ccda49b0fa.html
2475,20260131__res.razi.ac.ir__23eacc03a506.html
2476,20260131__research.kut.ac.ir__0152bdb5a341.html
2477,20260131__research.uok.ac.ir__fc05d29b065d.html
2478,20260131__reymit.ir__50e6a13bb29c.html
2479,20260131__reza-nouri.ir__a6b35bf987a7.html
2480,20260131__rezamachine.ir__9d1dcecdefdd.html
2481,20260131__rightel.ir__122c50a4ceb9.html
2482,20260131__ringo.ir__f056e5066ebb.html
2483,20260131__rjhll.basu.ac.ir__7078a5c4ec75.html
2484,20260131__rjir.basu.ac.ir__dd2f6d017801.html
2485,20260131__rlf.atu.ac.ir__ce75c49a31f3.html
2486,20260131__rme.gums.ac.ir__04aba14d354e.html
2487,20260131__roboo.ir__95afb84a8a71.html
2488,20260131__robot.cfp.co.ir__83cd0485cbce.html
2489,20260131__romanbook.ir__92c6e9061127.html
2490,20260131__roozitaze.ir__23d5c95c693e.html
2491,20260131__rooziva.ir__f7966850c645.html
2492,20260131__rouhollah.ir__1433a983e5dc.html
2493,20260131__rslab.ut.ac.ir__d0ef1c131b9c.html
2494,20260131__s13.uupload.ir__c09955810fca.html
2495,20260131__s6.uupload.ir__d252d3f6687f.html
2496,20260131__s8.uupload.ir__a543eea86ac0.html
2497,20260131__sababattery.ir__5d4f674f9bb6.html
2498,20260131__sabtfori.ir__90c5d1fad175.html
2499,20260131__sabzevar.ir__0333be5e240e.html
2500,20260131__sabzlearn.ir__54ae58c242b4.html
2501,20260131__sadid.ir__e69385d80441.html
2502,20260131__sadmu.ir__5f2e541b48f8.html
2503,20260131__sadraii.ir__910ea234704e.html
2504,20260131__saeedsalehi.ir__58464769a9a8.html
2505,20260131__safarbuy.ir__5618326bf9d1.html
2506,20260131__sahamedalat.ir__33480f5aa002.html
2507,20260131__sahebkhabar.ir__3311772460c2.html
2508,20260131__sajadahmadiniat.ir__7d092cde762e.html
2509,20260131__sajadidev.ir__1cb0e6d6e2a2.html
2510,20260131__sakhtemanamooz.ir__c7f65552afaf.html
2511,20260131__sakhtemanqom.ir__eea2869a7907.html
2512,20260131__salamno.ir__508b8edf8433.html
2513,20260131__sales.kermanmotor.ir__2556bffbb593.html
2514,20260131__samair.ir__135a5a199471.html
2515,20260131__samandarnews.ir__de1a4b81a191.html
2516,20260131__samatoos.ir__e5b9a186247b.html
2517,20260131__sandalikhabar.ir__c2fa216916d8.html
2518,20260131__sandwichpanel.ir__c8ae3bec4434.html
2519,20260131__sapticstore.ir__179e6995ae39.html
2520,20260131__sari.airport.ir__e4a598ba76a4.html
2521,20260131__saricity.ir__dc65313f3f9b.html
2522,20260131__sarirtasvir.ir__ba9ca190a145.html
2523,20260131__satona.ir__766c59244c87.html
2524,20260131__sauleh.ir__e07c4ae3a5d7.html
2525,20260131__savice.ir__c4528a807c02.html
2526,20260131__saviscivil.ir__8522accb31f7.html
2527,20260131__sazart.ir__3cd338035878.html
2528,20260131__sbj.alzahra.ac.ir__eced5321cfc9.html
2529,20260131__sbportal.ir__c5f07d2d0717.html
2530,20260131__sbs.hsu.ac.ir__461e0e413012.html
2531,20260131__scanf.ir__1e0ddc0c08f1.html
2532,20260131__sccr.ir__3ee07e2fff6b.html
2533,20260131__scfr.ir__04128e0ea173.html
2534,20260131__science.ut.ac.ir__1ec9fb037960.html
2535,20260131__sdhprc.gmu.ac.ir__1c27cc526014.html
2536,20260131__searchinja.ir__dd14f358ebe3.html
2537,20260131__securitynews.ir__398a2c108387.html
2538,20260131__securitysystemco.ir__1b93f15e704c.html
2539,20260131__sedanmed.ir__25d598a04ab9.html
2540,20260131__sedayebourse.ir__c1d4627dfaf5.html
2541,20260131__semnanhotel.blog.ir__78dddc961fcd.html
2542,20260131__semsariitehrani.ir__22af3204304d.html
2543,20260131__seo48.ir__d7fbcd734a3d.html
2544,20260131__seocando.ir__1606f6e473cd.html
2545,20260131__seolab.ir__91392c50e8a8.html
2546,20260131__seositeisfahan.ir__ba884b2feea2.html
2547,20260131__sep.ir__94c2bf877532.html
2548,20260131__sess.shirazu.ac.ir__8a6a8550e990.html
2549,20260131__shabakkeh.ir__aa90e67320cd.html
2550,20260131__shad.ir__210b1a756766.html
2551,20260131__shadteb.ir__e25fb8bb02af.html
2552,20260131__shahr-bank.ir__aafa141fb49b.html
2553,20260131__shahrdari.isfahan.ir__b2617593e4b2.html
2554,20260131__shahrood.ir__8fb565a015c0.html
2555,20260131__shahrvand.ir__02111a740223.html
2556,20260131__shanoma.ir__f22e8e39c3c6.html
2557,20260131__shatel.ir__985ef6703688.html
2558,20260131__shereheyat.ir__64e22699eaf0.html
2559,20260131__shimali.ir__f8bb2fb8e468.html
2560,20260131__shirazishoo.ir__56e68b49bdc8.html
2561,20260131__shirazlug.ir__ba86b9c41b17.html
2562,20260131__shirinoo.ir__e62c5cfdb414.html
2563,20260131__shm.shahroodut.ac.ir__d02757ce17bd.html
2564,20260131__shooshan.ir__29718800979d.html
2565,20260131__shoptabib.ir__2bd9f95c4e65.html
2566,20260131__shora.tabriz.ir__595da935550c.html
2567,20260131__shoralr.eadl.ir__6db4ac51d02a.html
2568,20260131__shr.ir__ef51214d54d9.html
2569,20260131__simakade.ir__a5532c0b2263.html
2570,20260131__sinabank.ir__5d9537bc00d8.html
2571,20260131__sinapress.ir__5c62fac6f483.html
2572,20260131__sinijazireh.ir__d91528a4bd30.html
2573,20260131__sisillshop.ir__fea4d2616361.html
2574,20260131__sjh.umsha.ac.ir__1a69a1c7940c.html
2575,20260131__skhanzadeh.ir__0e9b0329a928.html
2576,20260131__slis.scu.ac.ir__40da4c891886.html
2577,20260131__smartak.ir__ff91aafff8ad.html
2578,20260131__smj.ssrc.ac.ir__9eac96f9b826.html
2579,20260131__smsjoks.ir__fbdb99ffb4ae.html
2580,20260131__smslar.ir__a8f688046672.html
2581,20260131__snappshop.ir__32b9849fd4b7.html
2582,20260131__sobh-eqtesad.ir__bf4947894965.html
2583,20260131__soci.rihu.ac.ir__79e2d77abeb2.html
2584,20260131__socialpsychology.ir__b9c5c460068e.html
2585,20260131__soft98.ir__5cabe24f02c2.html
2586,20260131__songha.ir__dbac44e24b2e.html
2587,20260131__sorkhabishop.ir__dcba85862fdf.html
2588,20260131__spicecenter.ir__f797685273d8.html
2589,20260131__sport.tabriz.ir__0e0eb2f52b45.html
2590,20260131__sportmedia.journals.pnu.ac.ir__ab9acc312a15.html
2591,20260131__spotify-acc.ir__f99048ced01d.html
2592,20260131__sraf.ir__4d8e057df0a3.html
2593,20260131__sstp.ir__12aefd760d8e.html
2594,20260131__ssweekly.ir__222332e3a324.html
2595,20260131__steeltandis.ir__87bffc05a2e4.html
2596,20260131__stennis.ir__f12d3d2e87ae.html
2597,20260131__stringcast.ir__943d6e3aa293.html
2598,20260131__sultanmusic.ir__cee367266c9d.html
2599,20260131__support.samsungdigitalservice.ir__4ac760647a6a.html
2600,20260131__tabletphone.ir__78068e9ab8f5.html
2601,20260131__tajhiztalarpaziraei.ir__4295888a9bbc.html
2602,20260131__talkhooncheh.ir__2334074c3c02.html
2603,20260131__tamin.ir__24df7b00aca2.html
2604,20260131__tanbalbashi.ir__6eaabccdc253.html
2605,20260131__tangestanhc.bpums.ac.ir__972c247fc40f.html
2606,20260131__taranesora2k11.blog.ir__f1eb12da7790.html
2607,20260131__tarjomeonline.ir__71e112a6fee6.html
2608,20260131__tarood.ir__b80c832599d1.html
2609,20260131__tasisatkade.ir__cbab9dd47179.html
2610,20260131__tasvirnet.ir__ba71d6210ffc.html
2611,20260131__tat.atu.ac.ir__af2cb3d01eb3.html
2612,20260131__tba.ir__1ae2ce4a6a63.html
2613,20260131__tbs.ir__ff75f1b0b80b.html
2614,20260131__tbtb.ir__d098d4804cd3.html
2615,20260131__technolife.ir__3a976c29a7b6.html
2616,20260131__technologyn.ir__e9c663dfd415.html
2617,20260131__technomite.ir__484e527bed29.html
2618,20260131__techtip.ir__02ee8532ebb7.html
2619,20260131__teclearn.ir__d84e345b3c1c.html
2620,20260131__teeto.ir__e616e9e11bb0.html
2621,20260131__tehranyaab.ir__33281164cdbb.html
2622,20260131__tesl.shirazu.ac.ir__875cbead651b.html
2623,20260131__tetherland.landin.ir__6d6251695bf5.html
2624,20260131__thc.tums.ac.ir__5a96277749db.html
2625,20260131__thrw.ir__7f198a9ec6b0.html
2626,20260131__titaniumlaser.ir__e3eb37a50e66.html
2627,20260131__titrhonar.ir__2662479aca3c.html
2628,20260131__tkj.ssu.ac.ir__564fac60ee57.html
2629,20260131__tmj.um.ac.ir__58372e2b9e29.html
2630,20260131__tms.atu.ac.ir__7312411fba71.html
2631,20260131__tmuj.iautmu.ac.ir__31d17336236d.html
2632,20260131__tokyo.mfa.ir__5f1978016611.html
2633,20260131__top.ir__2c38d99864bd.html
2634,20260131__toptena.ir__fcd2f66eae59.html
2635,20260131__torquemeter.ir__b13442c48591.html
2636,20260131__tosebrand.ir__47294ae352f2.html
2637,20260131__tourismbank.ir__eada1b84d226.html
2638,20260131__tr.irna.ir__8634b62738c0.html
2639,20260131__traffic.tehran.ir__fddd90b3746f.html
2640,20260131__translate68.ir__9ed620aa5c45.html
2641,20260131__trip.ir__8080a7a83402.html
2642,20260131__tuhistory.tabrizu.ac.ir__dab1ec1d7974.html
2643,20260131__tv1.ir__6a3a3d3c6cef.html
2644,20260131__tv3.ir__8f36d3fe9689.html
2645,20260131__umj.umsu.ac.ir__7e90e418d658.html
2646,20260131__uni-bme.ir__b6839cc3ec13.html
2647,20260131__urbanitybook.ir__d067097586ff.html
2648,20260131__urdp.atu.ac.ir__98648bbdf9da.html
2649,20260131__utcan.ut.ac.ir__ebf35d85141d.html
2650,20260131__utihs.ut.ac.ir__922f6bec10ab.html
2651,20260131__v28.ir__eb300528ee6c.html
2652,20260131__vacres.pasteur.ac.ir__299e998e13b2.html
2653,20260131__venousweb.ir__bf2e6ae41628.html
2654,20260131__videogameconsole.ir__3b9b7fa92e6a.html
2655,20260131__viraje.ir__6a52de077a4c.html
2656,20260131__vistafitness.ir__cdd2e5401348.html
2657,20260131__vj.areeo.ac.ir__f24c2b7c311f.html
2658,20260131__volleyball.ir__e1c5335745c7.html
2659,20260131__voxel3d.ir__35eb9a35e9ea.html
2660,20260131__vrf.iranjournals.ir__9c4d0c4b4260.html
2661,20260131__vssd.birjand.ac.ir__fbe23dbc336b.html
2662,20260131__wacom.ir__df641a5b2d5e.html
2663,20260131__weandroid.ir__8cb7373792c6.html
2664,20260131__web24.ir__4a108bd3498e.html
2665,20260131__webabc.ir__43fa81a26a41.html
2666,20260131__webmetric.ir__d24f4172c6de.html
2667,20260131__webzi.ir__995a20be255f.html
2668,20260131__whois.nic.ir__9f2d455dfdd0.html
2669,20260131__wikigardi.ir__07d619758b40.html
2670,20260131__wikinoor.ir__c90c007ff6d7.html
2671,20260131__women.gov.ir__57d71b00d2e8.html
2672,20260131__wonmarket.ir__ed0beb440c58.html
2673,20260131__wpbaran.ir__2d05945eaa7e.html
2674,20260131__wptop.ir__91441fbc4851.html
2675,20260131__wrm.ir__7e294e659135.html
2676,20260131__wtlab.um.ac.ir__98a39a6c7f05.html
2677,20260131__www.pezeshk-site.ir__7f7ce0c61e5f.html
2678,20260131__x25.ir__8e808d69dc2b.html
2679,20260131__xcoo.ir__44155013ad20.html
2680,20260131__xscript.ir__59c49e272903.html
2681,20260131__yabesh.ir__106ca8f7da1e.html
2682,20260131__yafte.lums.ac.ir__995b4b1a06fa.html
2683,20260131__yaftenews.ir__fbf0dc810432.html
2684,20260131__yarahmad.ir__e9786a9cdcca.html
2685,20260131__yektaelectronic.ir__594186157dca.html
2686,20260131__yu.ac.ir__2fefce0a737e.html
2687,20260131__zabanway.ir__1d5a35d77709.html
2688,20260131__zanjan.isna.ir__c6723beed64b.html
2689,20260131__zar.ir__255d0061ed27.html
2690,20260131__zeox.ir__6163d425b7d0.html
2691,20260131__zibaan.ir__a78ce2c3fb0e.html
2692,20260131__zibal.ir__2d56aa447c17.html
2693,20260131__zoomlife.ir__00f72ad74a7d.html
2694,20260201__1-kharid.ir__c56a222401ad.html
2695,20260201__1001home.ir__dd812bb61d95.html
2696,20260201__125.tehran.ir__54f47b2fd5c2.html
2697,20260201__1914.ir__2047a619f270.html
2698,20260201__195.cra.ir__1784112e6425.html
2699,20260201__1car.ir__5532687a18ec.html
2700,20260201__24onlinenews.ir__6d42c3051b80.html
2701,20260201__2ad.ir__f4e61481a203.html
2702,20260201__30ib.ir__90ae2d3c3e2c.html
2703,20260201__313-313.ir__a147d78d3390.html
2704,20260201__3danews.ir__ee9e987ccd82.html
2705,20260201__3dpe.ir__ade19c1c06df.html
2706,20260201__3drd.ir__94bba11bd874.html
2707,20260201__598.ir__a167d4f71011.html
2708,20260201__aacc.tums.ac.ir__69824152b4ae.html
2709,20260201__aadrin.ir__589d32e4afe4.html
2710,20260201__abanashop.ir__b9f1882a89c5.html
2711,20260201__abarsazegroup.ir__a81b2287113a.html
2712,20260201__abaspeech.ir__e89ad7211783.html
2713,20260201__abasvp.ir__f581366cbaa5.html
2714,20260201__abdarya.ir__fc3eb10221b8.html
2715,20260201__abin.ir__34139c7fbb84.html
2716,20260201__about.alimir.ir__31b28c0144d1.html
2717,20260201__acck.ir__4ce653300a20.html
2718,20260201__accountfa.ir__62f9801337bc.html
2719,20260201__accsell.ir__fd9d42cec5b7.html
2720,20260201__adibian724.ir__e1c68ff2308c.html
2721,20260201__adobe.art.ac.ir__da3f7ea22ea9.html
2722,20260201__afarineshdaily.ir__ee7c364c3e39.html
2723,20260201__afelacademy.ir__6eada1046016.html
2724,20260201__affilio.ir__157c3db5ce4b.html
2725,20260201__afran.ir__cde5da09ab18.html
2726,20260201__agahidivari.ir__3ec3d74b25ac.html
2727,20260201__agrieng.scu.ac.ir__06f7cdaa1724.html
2728,20260201__ahanresan.ir__79e30c7431d4.html
2729,20260201__ai.inamad.ir__ebd04fe33db1.html
2730,20260201__airpa.ir__1095e41f4657.html
2731,20260201__aiti.org.ir__8de409c40460.html
2732,20260201__ajce.aut.ac.ir__d6452c2fc96a.html
2733,20260201__akhale.ir__ae8b41066fa9.html
2734,20260201__akhbarday.ir__2a473de2d029.html
2735,20260201__akhbarelmi.ir__2b015b36da47.html
2736,20260201__akkasemosalman.ir__746a3684e844.html
2737,20260201__ako-upvc.ir__648d5c2709f0.html
2738,20260201__akpc.ir__90a97dc68514.html
2739,20260201__alborz.doe.ir__ee92d921d7d4.html
2740,20260201__alirezachupaniyan.ir__02152aa770d6.html
2741,20260201__alloahan.ir__a90d1b34826b.html
2742,20260201__aloobaar.ir__16ee63d18750.html
2743,20260201__alvand.ir__dc54e279a21e.html
2744,20260201__amar.tavanir.org.ir__bdfc018c76b2.html
2745,20260201__ameer.ir__c880238ae3eb.html
2746,20260201__amfm.ir__0d473bc26c5d.html
2747,20260201__amihan.ir__0b81bd6fa42e.html
2748,20260201__amirkabirpub.ir__a164030c847a.html
2749,20260201__amirlight.ir__026c93ce0691.html
2750,20260201__ammarfilm.ir__e89b9129f43c.html
2751,20260201__ammaryar.ir__9f2821a83b49.html
2752,20260201__amookhteh.ir__20500b789a51.html
2753,20260201__anaj.ir__2f76a12f53dd.html
2754,20260201__anajournal.ir__8e48fcd22c13.html
2755,20260201__analytics.upseo.ir__42f96414abec.html
2756,20260201__anarpress.ir__2a581a0a0ecc.html
2757,20260201__ani-turkiye.ir__62299cfec021.html
2758,20260201__anzalifz.ir__59c8be7c2478.html
2759,20260201__aoh.ssu.ac.ir__54f344372c41.html
2760,20260201__aojnmb.mums.ac.ir__65017292ff8c.html
2761,20260201__ap.isu.ac.ir__1ad58bf850f3.html
2762,20260201__appeto.ir__e32496e66c50.html
2763,20260201__appreview.ir__74754e998bb0.html
2764,20260201__apsy.sbu.ac.ir__573bb3cc0e27.html
2765,20260201__aradfood.ir__f9d501f8270c.html
2766,20260201__arak.airport.ir__132d78a7cfdf.html
2767,20260201__aramgroup.ir__fc2f82514021.html
2768,20260201__arasfidar.ir__62aa67a842f2.html
2769,20260201__archline.ir__1eff300f6df7.html
2770,20260201__ardebil.doe.ir__6a8107c2fe0c.html
2771,20260201__arel.ir__d336a91e591a.html
2772,20260201__aroosbahar.ir__a2deebd0f49b.html
2773,20260201__arse3.ir__74a758ae1e41.html
2774,20260201__arshnews.ir__a80f75bc137b.html
2775,20260201__artablog.ir__db1ecb775e78.html
2776,20260201__artebox.ir__959dd2febdb4.html
2777,20260201__artreza.ir__7566a761d856.html
2778,20260201__arums.ac.ir__a3d944684ffb.html
2779,20260201__arzdigital.blog.ir__72d66c5de3fd.html
2780,20260201__arzdigitals.vcp.ir__190eeb2a20f8.html
2781,20260201__asanpardakht.ir__e737acbe5c61.html
2782,20260201__ashwood.ir__5943c415c162.html
2783,20260201__asodeweb.ir__1a2329a3bc19.html
2784,20260201__aspodoor.ir__30d7e94cd132.html
2785,20260201__asrehamoon.ir__6b3be06c1607.html
2786,20260201__asreurmia.ir__a69f988e5ce5.html
2787,20260201__asrshargh.ir__63d2f4636acb.html
2788,20260201__atic.razi.ac.ir__dfe074fc2d2a.html
2789,20260201__atiehhospital.ir__d282864c7688.html
2790,20260201__atlas.tehran.ir__95d346a9a4ae.html
2791,20260201__audit.org.ir__079714aa5bca.html
2792,20260201__azadi-tower.ir__77213fcd0f20.html
2793,20260201__azinstock.ir__90ddfcc91ca0.html
2794,20260201__babol.ir__6c65c869b776.html
2795,20260201__badabsoort.ir__e1735780fafd.html
2796,20260201__bahesab.ir__df8cb70ff635.html
2797,20260201__bahjat.ir__504589ebd3f6.html
2798,20260201__bahoocaviar.ir__2acc429a8560.html
2799,20260201__bakoree.ir__4f175e6aea1f.html
2800,20260201__baladshim.ir__9feefe2bf8f6.html
2801,20260201__balagh.ir__ef3809c26b91.html
2802,20260201__balethon.ir__4b828edc8cff.html
2803,20260201__banionline.ir__84614fe472b5.html
2804,20260201__banki.ir__de795864bacb.html
2805,20260201__barcodereader.ir__45b85cbaa309.html
2806,20260201__bartaramouz.ir__47b58c901c87.html
2807,20260201__batumi.mfa.ir__fbd3ade651c6.html
2808,20260201__bav-co.ir__99eb75021b3e.html
2809,20260201__bazaar.presta-shop.ir__d9c2229521d6.html
2810,20260201__bazeest.ir__215a5268078e.html
2811,20260201__bazrsara.ir__db08b9a33e9d.html
2812,20260201__behshahr.ir__9b47e1d03b97.html
2813,20260201__berkeh.ir__1e70ce6e1850.html
2814,20260201__berlin.mfa.ir__9b5427dcd94f.html
2815,20260201__bestfarsi.ir__dd2ba9517c45.html
2816,20260201__beta-follower.ir__adad6e451409.html
2817,20260201__bgok.ir__d214af45d5f9.html
2818,20260201__bia2skin.ir__de6f34b82a50.html
2819,20260201__bibis.ir__5ebc43d96b49.html
2820,20260201__bikaran.monoblog.ir__65f35e649148.html
2821,20260201__bisms.ir__5f95f9b242ce.html
2822,20260201__bitcoiner.blog.ir__72f4411723d2.html
2823,20260201__bitpay.ir__1a245e5e2fa9.html
2824,20260201__bjcp.ir__e44f9569c463.html
2825,20260201__bloodjournal.ir__b3c523755e1a.html
2826,20260201__bmr.alzahra.ac.ir__7be0cb0f5f5a.html
2827,20260201__bmsd.ir__d0987ea34c67.html
2828,20260201__bolej.ir__b9905bf5ef7d.html
2829,20260201__booking.ir__5ee281505e01.html
2830,20260201__bookroom.ir__efa2639feff0.html
2831,20260201__bootesvoid.ir__63b40f895be5.html
2832,20260201__bornaabzarcnc.ir__5b0999aebb5a.html
2833,20260201__bornaandishan.ir__741e5c6a9c63.html
2834,20260201__borujerd.ir__5ef568021ddd.html
2835,20260201__boursenews.ir__36cba5fdbf52.html
2836,20260201__boursepress.ir__fb9d60120714.html
2837,20260201__bourstimes.ir__c65e91756f74.html
2838,20260201__boxpouch.ir__db9f12131e46.html
2839,20260201__brandsazi.ir__52908a61eb2b.html
2840,20260201__brussels.mfa.gov.ir__9139bfeaede7.html
2841,20260201__brussels.mfa.ir__4cce89598636.html
2842,20260201__bso.ir__c3503440d3c9.html
2843,20260201__bu.doe.ir__7097c317f058.html
2844,20260201__business.irancell.ir__ef4527d9e9f3.html
2845,20260201__car.ir__10e3274ecf3c.html
2846,20260201__carpet-uicc.ir__38e369792352.html
2847,20260201__carstan.ir__620776516a64.html
2848,20260201__cbc.ir__06259a2ddadc.html
2849,20260201__cbs.uok.ac.ir__2e34badd3d17.html
2850,20260201__ccled.ir__377eeafe7b1d.html
2851,20260201__cfl.modares.ac.ir__8d704eb1ea90.html
2852,20260201__chalderan-ag.ir__157872266f98.html
2853,20260201__chaltafarm.exportdepartment.ir__35ed2a352d7e.html
2854,20260201__chb.mcth.ir__92a8f8304eb1.html
2855,20260201__che.ir__dc57818f056e.html
2856,20260201__chemeng.tabrizu.ac.ir__315dd21bb5d8.html
2857,20260201__chikapet.ir__6221e031668a.html
2858,20260201__china.mfa.gov.ir__6cec15a14098.html
2859,20260201__chre.ir__d85e415bd3f7.html
2860,20260201__cilamag.ir__3684ad2179f7.html
2861,20260201__cinema-org.ir__37fa1ad3b218.html
2862,20260201__cinemajournal.ir__8324d7f03d83.html
2863,20260201__civa.ir__96f2645cefd5.html
2864,20260201__classnew.ir__83c306d5e848.html
2865,20260201__classtop.ir__007edbdd676f.html
2866,20260201__clinicdrfarzaneh.ir__c0f0a36c05ac.html
2867,20260201__clinicjarahi.ir__0c7f79097579.html
2868,20260201__clsn.ir__e4facd54cf3c.html
2869,20260201__cmess.ir__9cd1d176b251.html
2870,20260201__cofenews.ir__33b56cedfccb.html
2871,20260201__coffeeapps.ir__5663a2eb3ff6.html
2872,20260201__coffeete.ir__9bcfa5792238.html
2873,20260201__coico.ir__c9b6407957a2.html
2874,20260201__confnews.um.ac.ir__e3d401c96fd3.html
2875,20260201__controlmgt.ir__15e7d49c815d.html
2876,20260201__cooler-co.ir__5f5b1e0a0471.html
2877,20260201__coolerbane.ir__81312acf193c.html
2878,20260201__coth.ui.ac.ir__09ddea276a97.html
2879,20260201__covermobl.ir__62bb8c599355.html
2880,20260201__crmly.ir__a5df15f8e55e.html
2881,20260201__cs.um.ac.ir__0428401ab79c.html
2882,20260201__csiw.qom.ac.ir__385cba7fa021.html
2883,20260201__cspf.ir__0ea4677a804a.html
2884,20260201__css-tricks.ir__67a6f6216282.html
2885,20260201__cudras.ir__ba75b576b5e9.html
2886,20260201__culturalrelation.ir__927f3c284fa1.html
2887,20260201__custombrand.ir__ceb3290ccdf7.html
2888,20260201__cytogenome.ir__8abd7c0e55d5.html
2889,20260201__dadhesab.ir__19c4a6c041e2.html
2890,20260201__daewoo.ir__3571305d0ae3.html
2891,20260201__damghaniau.ac.ir__9db38e12b684.html
2892,20260201__dampezeshki.urmia.ac.ir__736643ad6128.html
2893,20260201__dana-news.ir__661738572c5e.html
2894,20260201__daneshnamehicsa.ir__443733f29e8b.html
2895,20260201__daneshvarmed.shahed.ac.ir__884d0c6dbbb5.html
2896,20260201__daregaz.khorasan.ir__f8d1b8f38be2.html
2897,20260201__darooyab.ir__98a8287f6183.html
2898,20260201__darurmiakojast.ir__6fc07ea7488d.html
2899,20260201__dashtenourdiesel.ir__428fd3135ef4.html
2900,20260201__dayadiamond.ir__ea5c5281cfef.html
2901,20260201__daylinews.ir__50697c9994d3.html
2902,20260201__defanews.ir__6fff1946f14f.html
2903,20260201__deltatools.ir__1147d593fc02.html
2904,20260201__delvar.ir__178663d86245.html
2905,20260201__den.ir__0c655af47730.html
2906,20260201__denizpet.ir__0dcf6408787a.html
2907,20260201__depomachine.ir__cd698ed3e4f6.html
2908,20260201__detec.ir__73c0ad495d46.html
2909,20260201__digido.ir__718495af205e.html
2910,20260201__digik.ir__4c5c3645f7ce.html
2911,20260201__direc.ircg.ir__ebdc168d17fd.html
2912,20260201__directam.ir__f06d32a22884.html
2913,20260201__divan-edalat.ir__f0434d9bc3dc.html
2914,20260201__divarban.ir__328352c8c760.html
2915,20260201__dl.nlai.ir__b792bec88e8f.html
2916,20260201__dlketab.ir__b9c96c8346d9.html
2917,20260201__dmk.ir__fe02fcdc28d1.html
2918,20260201__dnnplus.ir__7eb315716d5a.html
2919,20260201__dnws.ir__33820b2fecfa.html
2920,20260201__do-na.ir__113157087f76.html
2921,20260201__dobal.ir__564d32e923bf.html
2922,20260201__docs.zibal.ir__43e87faebb73.html
2923,20260201__doctv.ir__03e70a862bbd.html
2924,20260201__dpgm.ir__5f6b7df3e6f7.html
2925,20260201__drghahremanyclinic.ir__73b6851c4fbf.html
2926,20260201__drostovanvarise.ir__3455aa519100.html
2927,20260201__drshaghayeghdarvishi.ir__48435e225785.html
2928,20260201__dsrc.ir__f8f6f8b1b74d.html
2929,20260201__e-pishtaz.ir__c4a227aa3fca.html
2930,20260201__ebanking.bankmellat.ir__6867f8958e85.html
2931,20260201__ebcj.mums.ac.ir__0906a197b591.html
2932,20260201__ebratmuseum.ir__ca09700649ae.html
2933,20260201__ece.modares.ac.ir__4685140f72f5.html
2934,20260201__echista.ir__d6e67fe0121d.html
2935,20260201__ecn.atu.ac.ir__4b5f4067d29d.html
2936,20260201__eco.umz.ac.ir__156c94363392.html
2937,20260201__economics.ihcs.ac.ir__f89c1c9a1e6d.html
2938,20260201__ecsim.ir__b28fe6926582.html
2939,20260201__ecunion.ir__3370e0c1edf2.html
2940,20260201__edcbmj.ir__b2751c610880.html
2941,20260201__eeeng.ir__bd09389db7a6.html
2942,20260201__eghtesad.sndu.ac.ir__60f081a9cda7.html
2943,20260201__eghtesadsaramad.ir__aed86557a771.html
2944,20260201__ehda.sbmu.ac.ir__dc22029380c3.html
2945,20260201__ehj.ssu.ac.ir__91397078471e.html
2946,20260201__eirib.ir__5dc58e6a3c69.html
2947,20260201__eliya.ir__98c9cc190792.html
2948,20260201__elmifarhangi.ir__6ab90dc0cfe9.html
2949,20260201__eme.razi.ac.ir__4b09682e383a.html
2950,20260201__emrooznegar.ir__d241010ff9e3.html
2951,20260201__en.itrc.ac.ir__9fdb69bd775c.html
2952,20260201__en.sbmu.ac.ir__35d02ce5177b.html
2953,20260201__energypress.ir__b6e4486fbc67.html
2954,20260201__engjoy.ir__f3620ed1b208.html
2955,20260201__englandtour.ir__7e3477f5b4c8.html
2956,20260201__engpedia.ir__26ef9d82f825.html
2957,20260201__enin.ir__75a2b16adc88.html
2958,20260201__enline.ir__a17d27dc2f0f.html
2959,20260201__epl.um.ac.ir__2340fc154a02.html
2960,20260201__eramgarden.shirazu.ac.ir__2dbafbdf3ef9.html
2961,20260201__erfanhospital.ir__0fd8b54092d0.html
2962,20260201__ergostore.ir__a1ea8948779e.html
2963,20260201__es.irna.ir__31f66bb657ca.html
2964,20260201__esam.ir__fcd596c0ea4d.html
2965,20260201__esaricity.ir__cc4b7e7d1de8.html
2966,20260201__eservices.ito.gov.ir__c02af9efc48c.html
2967,20260201__eshia.ir__8da2ca2ed699.html
2968,20260201__esi.isu.ac.ir__21d432e32b40.html
2969,20260201__eslamabadkhabar.ir__27783947e6a6.html
2970,20260201__espash.ir__5f84c7d1c33d.html
2971,20260201__etedaal.ir__da65d04c56ea.html
2972,20260201__etemaadonline.ir__afc2395e6877.html
2973,20260201__evat.ir__c4ae105bf1f3.html
2974,20260201__extern.ir__7f3ecbf7435a.html
2975,20260201__fadakbook.ir__16a7fe68bf38.html
2976,20260201__famerom.ir__1a4fc50889a8.html
2977,20260201__fanoosweb.ir__0d6febc2a229.html
2978,20260201__faracavosh.ir__3dc3a28e506b.html
2979,20260201__faraz.ir__7f16e33ac1ae.html
2980,20260201__farhangeilam.ir__258dd808dcde.html
2981,20260201__farhangishu.ir__dad46a2f35ad.html
2982,20260201__farnet.ir__68e0307d06da.html
2983,20260201__farsfair.ir__ddec3a43cc4d.html
2984,20260201__farsiha.ir__4f72fe0b964e.html
2985,20260201__fbt.tums.ac.ir__25f483f9713c.html
2986,20260201__fcdamash.ir__bf12690fb5da.html
2987,20260201__fdn.ir__ca503d30ad03.html
2988,20260201__fdo.kaums.ac.ir__2ed3bc54ca42.html
2989,20260201__ffll.ut.ac.ir__690419c42810.html
2990,20260201__fidanfilm.ir__adc0073af826.html
2991,20260201__fileso.ir__49cd5cf513e4.html
2992,20260201__film2irani.ir__edca79da6994.html
2993,20260201__filmo.ir__129420aa59d1.html
2994,20260201__finearts.ut.ac.ir__8fb94b353f54.html
2995,20260201__fitf.theater.ir__2c3d3eaebd48.html
2996,20260201__flj.isu.ac.ir__48f8829f385b.html
2997,20260201__foadadeli.ir__b4bb66ee993f.html
2998,20260201__foia.farhang.gov.ir__df8af21326d4.html
2999,20260201__foia.iran.gov.ir__12c0add928ed.html
3000,20260201__follower-2020.royablog.ir__c6fc999907ae.html
3001,20260201__followerino.ir__07b7f3fd64a8.html
3002,20260201__fooladtechnic.ir__8b86e7c0f4d1.html
3003,20260201__footballtherapy.ir__5d0fa61f4da2.html
3004,20260201__foreignmedia.farhang.gov.ir__3ef242773867.html
3005,20260201__forum.arduino.ir__ace6828b0e07.html
3006,20260201__forum.arsacia.ir__09e961425625.html
3007,20260201__foto.ir__afaf468b4afb.html
3008,20260201__fpgallery.ir__f7c523ecb363.html
3009,20260201__france.mfa.ir__d14e5f6c1650.html
3010,20260201__frooyesh.ir__7887b4c6ea9a.html
3011,20260201__gabric.ir__8a91e83fa239.html
3012,20260201__gadgetstock.ir__307d4b120b09.html
3013,20260201__galleryinfo.ir__109e72c64d5f.html
3014,20260201__gamapack.ir__92ed3216b6c9.html
3015,20260201__garch98.ir__449a6993f07c.html
3016,20260201__gem-cctv.ir__c00ab7713f52.html
3017,20260201__geniranlab.ir__1d739e64ebc6.html
3018,20260201__georesearch.ir__4a23762b9ec4.html
3019,20260201__gerash.ir__ce93cbcce1fd.html
3020,20260201__germany.mfa.gov.ir__e041586286ac.html
3021,20260201__getappleid.ir__00d2cf67a1d2.html
3022,20260201__gheidar.ir__80932c533079.html
3023,20260201__gheymatmasaleh.ir__1f827cda9f9a.html
3024,20260201__giftmax.ir__dae40c89a4dc.html
3025,20260201__gil.mimt.gov.ir__730811092832.html
3026,20260201__gilan.doe.ir__ba7a708fa88b.html
3027,20260201__gilaniec.ir__7df5912fd444.html
3028,20260201__gilargroup.ir__8cc6a2a04a3b.html
3029,20260201__git.ir__5e94fa00f582.html
3030,20260201__gmj.ut.ac.ir__2116af105b53.html
3031,20260201__gnaf.post.ir__ca2c3f7eade5.html
3032,20260201__gndb.ncc.gov.ir__af5bc4f82cba.html
3033,20260201__goaldaily.ir__ab2e5cfbd555.html
3034,20260201__golestan.isna.ir__5dfbfa1b5b9d.html
3035,20260201__golishi.ir__8efba34b15bb.html
3036,20260201__gptt.ir__416d0b102468.html
3037,20260201__grad.saorg.ir__c20cad966ce7.html
3038,20260201__green.um.ac.ir__f5e635c93b7a.html
3039,20260201__gruccia.ir__ef6370e90f60.html
3040,20260201__gymarket.ir__f28deaf74b87.html
3041,20260201__hadinet.ir__4ddd51194e53.html
3042,20260201__hadith.inoor.ir__37e8592a0a73.html
3043,20260201__hajigame.ir__57eba1578e0b.html
3044,20260201__hamdelidaily.ir__6fcbccfae46d.html
3045,20260201__hamdir.ir__a6aba3df145c.html
3046,20260201__hamedan.doe.ir__8c1429d1622b.html
3047,20260201__hamilaw.ir__6dcdf9e04df0.html
3048,20260201__hamiwood.ir__110be15b6900.html
3049,20260201__hamrahbearing.ir__eb2731d81037.html
3050,20260201__hamta.ntsw.ir__71a5350c9450.html
3051,20260201__hamtanab.ir__2ba03edce3e3.html
3052,20260201__hamyar3ocial.ir__e26323ccb0d4.html
3053,20260201__hanakhabar.ir__f269af742178.html
3054,20260201__harferouz.ir__51c3156f5369.html
3055,20260201__hbrj.kmu.ac.ir__418ad9498496.html
3056,20260201__hdq.uswr.ac.ir__96f85c87b1ef.html
3057,20260201__hefazshakhgavazni.ir__1e0d9020f949.html
3058,20260201__hehp.modares.ac.ir__dffcafb4d981.html
3059,20260201__hemophilia-tabriz.ir__53449d0bd90c.html
3060,20260201__hemophilia.porsline.ir__3138ef5083c3.html
3061,20260201__herfehplus.ir__dd2d07b272eb.html
3062,20260201__hesabdaritbz.ir__7debedba6286.html
3063,20260201__hfe.irost.ir__3fde84b7f248.html
3064,20260201__higlc.ir__1b6d596856d7.html
3065,20260201__hihotel.ir__833841200a61.html
3066,20260201__historydocuments.ir__8285080f246e.html
3067,20260201__hitel.ir__377fc418daff.html
3068,20260201__hiword.ir__b70cfb2fb86a.html
3069,20260201__hmj.hums.ac.ir__1c40655d0a80.html
3070,20260201__hojrejo.ir__4d8e5c7d4a61.html
3071,20260201__honari.farhang.gov.ir__9c754f0d9045.html
3072,20260201__i-9.ir__dcfddb5e7b90.html
3073,20260201__i-cctv.ir__9cdb5ac90e6c.html
3074,20260201__iacpa.ir__c68af879b0bf.html
3075,20260201__iapps.ir__b3c9e9799dd0.html
3076,20260201__iatc.theater.ir__a64e0443c56d.html
3077,20260201__idea-soft.ir__9e5d94290843.html
3078,20260201__idj.iaid.ir__671a4bbd6d14.html
3079,20260201__ido.ir__319c13aab7f1.html
3080,20260201__idreams.ir__d257baa6da37.html
3081,20260201__ieco.usb.ac.ir__ad07dece8a83.html
3082,20260201__iee.rihu.ac.ir__84ad372288f9.html
3083,20260201__ieis.ir__7591c4858023.html
3084,20260201__iess.ir__662a712847b9.html
3085,20260201__ifco.ir__65a10ff99b70.html
3086,20260201__ifej.sanru.ac.ir__d9aa7cd175ed.html
3087,20260201__ific.org.ir__ac82463ae21d.html
3088,20260201__ifr.isu.ac.ir__1d6d5d42b719.html
3089,20260201__igs.ir__eaf9d28f6914.html
3090,20260201__ihht.ir__609e457c4200.html
3091,20260201__ihrc.ir__b3d046602666.html
3092,20260201__ihrd.sbu.ac.ir__c50796afb02b.html
3093,20260201__iid.org.ir__bfd7ec010eae.html
3094,20260201__ijab.um.ac.ir__678f5697aee0.html
3095,20260201__ijbc.ir__37882098abad.html
3096,20260201__ijbds.usb.ac.ir__5f84766c6180.html
3097,20260201__ijdld.tums.ac.ir__7c78aba201c2.html
3098,20260201__ijdo.ssu.ac.ir__6c43bbebb48b.html
3099,20260201__ijie.ir__03fb0877c8f0.html
3100,20260201__ijime.ir__b7b636b04198.html
3101,20260201__ijimes.ir__a44a72488d59.html
3102,20260201__ijme.tums.ac.ir__495d6a2ab217.html
3103,20260201__ijmpp.modares.ac.ir__e00bc77c21c6.html
3104,20260201__ijnc.ir__6e7046f29cfd.html
3105,20260201__ijoce.iust.ac.ir__9c99bdad8531.html
3106,20260201__ijpn.ir__bdd982c9b596.html
3107,20260201__ijrabms.umsu.ac.ir__cc53c6c5284e.html
3108,20260201__ijsp.ut.ac.ir__b9d9150e6dd4.html
3109,20260201__ijtihadnet.ir__1acee44c5d62.html
3110,20260201__ijwph.ir__10b3cc56a710.html
3111,20260201__ijwpr.areeo.ac.ir__5f0fb97c686a.html
3112,20260201__ilam.farhang.gov.ir__bc3f951e3422.html
3113,20260201__ilam.isna.ir__5655bd4c3e60.html
3114,20260201__images.khabaronline.ir__af6c84185c7a.html
3115,20260201__imereport.ir__1f67409240f8.html
3116,20260201__imj.ut.ac.ir__28fa32d2cfcd.html
3117,20260201__imobs.ir__56d782852942.html
3118,20260201__imps.ac.ir__4168b8c63e8f.html
3119,20260201__inamad.ir__9c21739d8cd2.html
3120,20260201__inax.ir__f6e7625dbd26.html
3121,20260201__indesign.nagsh.ir__6fa282b1ab72.html
3122,20260201__india.mfa.gov.ir__8402cef77a31.html
3123,20260201__infinity-cctv.ir__a371b561c6b6.html
3124,20260201__inio.ac.ir__0fe8541d0858.html
3125,20260201__instrucontrol.ir__8dda35130ced.html
3126,20260201__international-news.ir__9977a478f9b4.html
3127,20260201__ipma.ir__f327206e3793.html
3128,20260201__ipro.ir__c6061032bebb.html
3129,20260201__ir-graphic.ir__09e8174ee0e7.html
3130,20260201__iraf.ir__97d74e12e440.html
3131,20260201__iran125.ir__cb36fa04bc60.html
3132,20260201__iranbook.ir__98f77d6dd62d.html
3133,20260201__irancarpet.ir__ad305a7ef0e1.html
3134,20260201__irandoc.ac.ir__0e978bd4521e.html
3135,20260201__irandocfest.ir__e4e90b4a6c4f.html
3136,20260201__iranhdm.ir__82e09e1fbdcc.html
3137,20260201__iranian-architect.ir__0514a562da63.html
3138,20260201__irankhodro4301.ir__88fe9ec82ca8.html
3139,20260201__iranlover.ir__1ad86b13586c.html
3140,20260201__iranmezaj.ir__67cf1ce47d66.html
3141,20260201__iranpl.ir__b30ff28d9448.html
3142,20260201__iransdi.ncc.gov.ir__d79b06b25d70.html
3143,20260201__iranseda.ir__1903d364c744.html
3144,20260201__iranview.ir__cd954224d3f3.html
3145,20260201__ircfc.ir__1505f7028b4d.html
3146,20260201__irchap.ir__76cc5f7f72eb.html
3147,20260201__irenx.ir__a8248510f936.html
3148,20260201__irhf.ir__7f8f282d020c.html
3149,20260201__iribmediatrade.ir__2286e7a262b3.html
3150,20260201__irisweb.ir__15546ac7283d.html
3151,20260201__irje.tums.ac.ir__7890c3d07473.html
3152,20260201__irjnm.tums.ac.ir__784e2551255f.html
3153,20260201__irmoviedl.ir__9cce98011253.html
3154,20260201__irsf.ir__75efb6ce0766.html
3155,20260201__isa.org.ir__ae87777a0c80.html
3156,20260201__isfahan.iribnews.ir__5135c9b23051.html
3157,20260201__isih.ir__519c29a1be8f.html
3158,20260201__isongs.ir__413e9d8bc22c.html
3159,20260201__isr.ut.ac.ir__4187fd5adee3.html
3160,20260201__istgahekoodak.ir__c107e02f1ef4.html
3161,20260201__isti.ir__5128fd2c1f33.html
3162,20260201__italy.mfa.gov.ir__0672c6623a95.html
3163,20260201__ito.lib.eshia.ir__25e29b4378c0.html
3164,20260201__ivo.ir__ac91d7f22223.html
3165,20260201__iwrr.ir__41ff496e1346.html
3166,20260201__iycs.ir__d2ed992e2d3b.html
3167,20260201__jakharid.ir__4918e2af1647.html
3168,20260201__jamkaran.ir__870b6cae6ae8.html
3169,20260201__jap.iums.ac.ir__81b31ce7f7ab.html
3170,20260201__japr.ut.ac.ir__2ea623419673.html
3171,20260201__javaan-online.ir__95bcabbee8b5.html
3172,20260201__javacup.ir__7db0604e3515.html
3173,20260201__javadyasemi.ir__b24b8c0f75c5.html
3174,20260201__javidankherad.ir__574b71772efe.html
3175,20260201__jbe.tums.ac.ir__4c7c20270291.html
3176,20260201__jbrms.medilam.ac.ir__636420b06a05.html
3177,20260201__jccs.ir__5500ba27a0ec.html
3178,20260201__jcep.tabriz.iau.ir__3f7453c199a4.html
3179,20260201__jcl.uk.ac.ir__f3b447284a29.html
3180,20260201__jcp.semnan.ac.ir__42c240adf0be.html
3181,20260201__jcr.tums.ac.ir__8f0d58527099.html
3182,20260201__jcrir.ut.ac.ir__4a26d8d13c9c.html
3183,20260201__jdc.tums.ac.ir__5c3100ad4fbf.html
3184,20260201__jebhpme.ssu.ac.ir__1071a2a2ddbc.html
3185,20260201__jehsd.ssu.ac.ir__74e14d1da92d.html
3186,20260201__jfl.iaun.iau.ir__872d96d348e3.html
3187,20260201__jfqhc.ssu.ac.ir__4f08e02cb1b2.html
3188,20260201__jfr.ut.ac.ir__c3b948274751.html
3189,20260201__jfrd.urmia.ac.ir__f860f34da0cf.html
3190,20260201__jhosp.tums.ac.ir__aca915bb1a96.html
3191,20260201__jhpm.ir__65f2bd4d0e90.html
3192,20260201__jibm.ut.ac.ir__e3c6a21dc4e9.html
3193,20260201__jiera.ir__a2bad80bc626.html
3194,20260201__jise.scu.ac.ir__92b84f453352.html
3195,20260201__jisr.ut.ac.ir__585f68e6457d.html
3196,20260201__jjhjor.alzahra.ac.ir__51a993c4bb83.html
3197,20260201__jkrs.tabrizu.ac.ir__250497b832ad.html
3198,20260201__jlq.ut.ac.ir__cff66f8029fc.html
3199,20260201__jls.qom.ac.ir__bea7f631f872.html
3200,20260201__jmdp.ir__58effefc22bd.html
3201,20260201__jme.mbri.ac.ir__a6e2ed29d8a7.html
3202,20260201__jmed.ssu.ac.ir__a79c22a516ed.html
3203,20260201__jmme.um.ac.ir__1de3035919e3.html
3204,20260201__jmr.tums.ac.ir__1d0f0f8a217d.html
3205,20260201__jne.ir__fa0b02c45e3a.html
3206,20260201__jnfh.mums.ac.ir__88cdaa94869e.html
3207,20260201__jnfs.ssu.ac.ir__9b5456cc89b4.html
3208,20260201__jobteam.ir__4f9d8a08bf0a.html
3209,20260201__jordan.mfa.gov.ir__7522301bb32a.html
3210,20260201__journal.skums.ac.ir__45d8f31ad382.html
3211,20260201__journals.lu.ac.ir__8fea17fbc6b1.html
3212,20260201__journals.rifst.ac.ir__d6e232621820.html
3213,20260201__journals.semnan.ac.ir__8e44d4e80777.html
3214,20260201__journals.umz.ac.ir__ecbd8742120d.html
3215,20260201__journals.uok.ac.ir__02add0119d2c.html
3216,20260201__jpbud.ir__59d5f8c52f15.html
3217,20260201__jpm.hums.ac.ir__e8f2aaecb6a8.html
3218,20260201__jpmed.ir__dfc60ad56e69.html
3219,20260201__jpq.ut.ac.ir__217da2d0913c.html
3220,20260201__jqepo.shahed.ac.ir__5015f73b61ef.html
3221,20260201__jrds.ir__339437a8009b.html
3222,20260201__jria.iust.ac.ir__5f5c2eb9688b.html
3223,20260201__jrl.ui.ac.ir__4fde63acdf3a.html
3224,20260201__jroo.ir__77928ba464d9.html
3225,20260201__jstmt.ut.ac.ir__714f0783bd9e.html
3226,20260201__jstp.nrisp.ac.ir__187ab1bd04d5.html
3227,20260201__jtim.tums.ac.ir__58429a7dbbda.html
3228,20260201__jtpva.alzahra.ac.ir__a34a7e4b8620.html
3229,20260201__jusg.uk.ac.ir__0aacdab5d389.html
3230,20260201__juybar.ir__9d84f21d2f5d.html
3231,20260201__jwdp.ut.ac.ir__49def495c0f2.html
3232,20260201__kalaelm.ir__145556b8045c.html
3233,20260201__kasrataps.ir__0575bde32453.html
3234,20260201__kayhanravan.ir__5df74737f53d.html
3235,20260201__kazan.mfa.ir__0ebde23d99cc.html
3236,20260201__kermanshahmet.ir__a52c6a6754ff.html
3237,20260201__keshtokar.ir__4bb1bfd5c293.html
3238,20260201__ketabsal.ir__ececb5fca5d0.html
3239,20260201__kgut.ac.ir__26d2924927b1.html
3240,20260201__khabarevije.ir__dfb7b6a7a717.html
3241,20260201__khabargozarisaba.ir__4c8cc127f995.html
3242,20260201__khabarko.ir__ce17f8dee763.html
3243,20260201__khabarparsi.ir__7a5ca3a3d7a0.html
3244,20260201__khabrdagh.ir__a732797c509d.html
3245,20260201__khadamatino.ir__3c39a4a85dac.html
3246,20260201__khalijefars.isna.ir__6a4708344034.html
3247,20260201__khaneyeemad.ir__768150ab7f00.html
3248,20260201__kharaziha.iut.ac.ir__391f63d32318.html
3249,20260201__khargnews.ir__38751a7180b4.html
3250,20260201__kharidbacklink.ir__cf6a6c0d0341.html
3251,20260201__khodroshop.ir__cea7436f63d5.html
3252,20260201__khordadnews.ir__802d3502b965.html
3253,20260201__khorramsafe.ir__aaab54a5a6f8.html
3254,20260201__khorramshahr.ir__865fa7774579.html
3255,20260201__khoy-ag.ir__fe61e0d9ea02.html
3256,20260201__khu.ac.ir__c0de5401e088.html
3257,20260201__kishopland.ir__ada956b7d864.html
3258,20260201__kordavar.ir__1b4f984a388e.html
3259,20260201__kordha.ir__4d220eedf6f2.html
3260,20260201__kpic.ir__137d4f5105fe.html
3261,20260201__kplus.ir__f918e0108dd3.html
3262,20260201__ksc.ir__6d293782e18b.html
3263,20260201__kurdags.ir__2b5a7e994a0f.html
3264,20260201__kurdestan.ict.gov.ir__347c56034e15.html
3265,20260201__kurdtoday.ir__385898630f38.html
3266,20260201__labbaik.ir__f25e5cccb8bd.html
3267,20260201__lahig.ir__fa7c9ed479a6.html
3268,20260201__langarnews.ir__76f058e005de.html
3269,20260201__languagecentre.ir__7c4a51178b23.html
3270,20260201__larestan.airport.ir__78fd7a5d52b4.html
3271,20260201__lastech.ir__bac8d091425e.html
3272,20260201__lawpol.ut.ac.ir__f7358112c078.html
3273,20260201__laws.tehran.ir__1f976093ca24.html
3274,20260201__learn30t.ir__273a74063768.html
3275,20260201__learnit.ir__af2c71a2ac7e.html
3276,20260201__lgblog.ir__e7feb251b4c8.html
3277,20260201__lib.efatwa.ir__4c058d28cb39.html
3278,20260201__lib.ir__c80abd3443e1.html
3279,20260201__liber.ir__1638364cb6f8.html
3280,20260201__links.arshiyagroup.ir__5cf253596327.html
3281,20260201__lis.aqr-libjournal.ir__668302a9034d.html
3282,20260201__liste.ir__1e9f80aa6308.html
3283,20260201__literacy.mums.ac.ir__5ccaa7766ee8.html
3284,20260201__literature.ut.ac.ir__a2c45fc86d2b.html
3285,20260201__livecar.ir__e660791ad0ea.html
3286,20260201__lobolmizan.ir__5f123a36f55d.html
3287,20260201__local-news.ir__41a92957b033.html
3288,20260201__lorestan.isna.ir__36ba608697df.html
3289,20260201__lynks.ir__212d3f551865.html
3290,20260201__lypa.org.ir__2e63dc60f5a3.html
3291,20260201__m-lashini.ir__2c2f3dd6ab3e.html
3292,20260201__mag.noorgram.ir__3be2b0b5c9d7.html
3293,20260201__magnevis.ir__94774b199796.html
3294,20260201__mahurshop.ir__6eabcf2834a3.html
3295,20260201__mail.iran.ir__0dec22fe1a7d.html
3296,20260201__majalehirani.ir__d950d6eb37eb.html
3297,20260201__majidshop.ir__db3953258ff6.html
3298,20260201__malayer.ir__b86bc407a49b.html
3299,20260201__mamasite.ir__ea26013d855d.html
3300,20260201__management.ut.ac.ir__f83c1c47c9ee.html
3301,20260201__mandalamag.ir__e02bfc4e2d75.html
3302,20260201__maninimarket.ir__2ff0657d332d.html
3303,20260201__map.tehran.ir__4769bd3fca4a.html
3304,20260201__market.kheir.ir__7061b57f4fd9.html
3305,20260201__maryamhospital.ir__7ddcb58b77cf.html
3306,20260201__maryampalizgir.ir__1a8c649f8cce.html
3307,20260201__masireqtesad.ir__9871ce6f7d7d.html
3308,20260201__maslehat.ir__526b65a11727.html
3309,20260201__mastaneh.ir__3d45e9380611.html
3310,20260201__masterlaser.ir__156cadb4e67e.html
3311,20260201__matinboronsi.ir__c39f9a702fb9.html
3312,20260201__max-shop.ir__286f176cf572.html
3313,20260201__mbri.ac.ir__6c8e84012283.html
3314,20260201__medicaleducation-bulletin.ir__9b7b3917dc01.html
3315,20260201__medu.ir__fcde2d3d4625.html
3316,20260201__mehd.ir__1af7590d27cb.html
3317,20260201__mehrdasht.ir__b1164518ed44.html
3318,20260201__mehremihan.ir__a6903cc86d3d.html
3319,20260201__mersadnews.ir__e994e0a3938c.html
3320,20260201__mes-fc.ir__fe277827f607.html
3321,20260201__metrogroup.tehran.ir__c3738f119e81.html
3322,20260201__mett.ir__ae5f331137e5.html
3323,20260201__mexico.mfa.gov.ir__588b1c5de4bc.html
3324,20260201__meybodkhabar.ir__cf483048ef4d.html
3325,20260201__mfu.uok.ac.ir__4bb72e60e7ff.html
3326,20260201__miandoab-ag.ir__2e50be07b40c.html
3327,20260201__mianeh.gov.ir__9fc85b901f20.html
3328,20260201__mic.co.ir__7627f7b9a0f1.html
3329,20260201__mifa-music.ir__418650e12441.html
3330,20260201__mijik.ir__9e6765c3b2ea.html
3331,20260201__militarymedj.bmsu.ac.ir__f544c420a36d.html
3332,20260201__mimarket.ir__9590a098accc.html
3333,20260201__mintapp.ir__7c878af3b50a.html
3334,20260201__mir.kashanu.ac.ir__b87b9fb314ac.html
3335,20260201__mis.ito.gov.ir__f33687098b9e.html
3336,20260201__mj.tbzmed.ac.ir__5a666f4c2653.html
3337,20260201__mjms.modares.ac.ir__86cf2d14f44b.html
3338,20260201__mmp.sadadpsp.ir__ebd4eac7f934.html
3339,20260201__mo20.ir__8f7d698478ef.html
3340,20260201__mobile.ir__da176d42a4b6.html
3341,20260201__modafeharam.blog.ir__d848d088ff0a.html
3342,20260201__modara.ir__ef9aa357ab9e.html
3343,20260201__modireforosh.ir__b69d5e38ecf4.html
3344,20260201__modixo.ir__5458b7b1e1a8.html
3345,20260201__mohebanereza.ir__892e47a897cb.html
3346,20260201__mohsenjamei.ir__e59d1e84e545.html
3347,20260201__mohtavasazseo.ir__2420775cda63.html
3348,20260201__monadianmedia.ir__9bc1e9e79de5.html
3349,20260201__monta.ir__6a40820e1dc0.html
3350,20260201__mop.ir__1e43f512a2b8.html
3351,20260201__morriscoffee.ir__4d78d3a4b92b.html
3352,20260201__motionkade.ir__63f2de372cc0.html
3353,20260201__mowzo.ir__4c4238afacd0.html
3354,20260201__mrbug.ir__0901e0a21cbb.html
3355,20260201__mrcase.ir__d364ecced47b.html
3356,20260201__mrcharm.ir__16e0929fc678.html
3357,20260201__msfi.ir__4a1224dece5c.html
3358,20260201__mstajbakhsh.ir__90409e411a4d.html
3359,20260201__museums.ut.ac.ir__a549561d140c.html
3360,20260201__musicfeed.ir__70854bc9783d.html
3361,20260201__musicshab.ir__a67986f24a06.html
3362,20260201__musicw.ir__82815e5afc97.html
3363,20260201__musicya.ir__f75d6bfb0a24.html
3364,20260201__my.rightel.ir__aeb4cc11f574.html
3365,20260201__my.shatelmobile.ir__7aa621965cdd.html
3366,20260201__my.tehran.ir__4f9ab723f98c.html
3367,20260201__myfav.ir__969a62c73f1b.html
3368,20260201__nahaja.aja.ir__a843fb4b9100.html
3369,20260201__najatracking.post.ir__7e494c8a6107.html
3370,20260201__nakhchivan.mfa.ir__f9d52da26f18.html
3371,20260201__namafilm.ir__6b0e58cbc35d.html
3372,20260201__nashrenovin.ir__65ed734c6ccf.html
3373,20260201__naslmusic.ir__7770cca4a506.html
3374,20260201__navarak.ir__b37cb6d0f9ab.html
3375,20260201__navazmusic.ir__34afe96bef52.html
3376,20260201__naznews.ir__ff33e7f4901d.html
3377,20260201__ncc.gov.ir__ee4980838606.html
3378,20260201__ncoo.ir__89ffdc584627.html
3379,20260201__ndf.ir__590b9806a5b3.html
3380,20260201__neijournal.nour.iau.ir__b2ef5c20662b.html
3381,20260201__neiram.ir__ff44c66b626d.html
3382,20260201__nestle.ir__338fa83e14bb.html
3383,20260201__netboom.monoblog.ir__fd85c9ae9767.html
3384,20260201__netgam.ir__783061d80472.html
3385,20260201__netherlands.mfa.gov.ir__2c9bfb1d9860.html
3386,20260201__netplant.ir__a21f03fe204f.html
3387,20260201__newdesign.ir__eb3dd60ed8c9.html
3388,20260201__newhorizon.ir__98f2ace70b02.html
3389,20260201__news.nano.ir__44f1154755f0.html
3390,20260201__newseo.ir__b355e2d2947f.html
3391,20260201__newshere.ir__8e7d8b5b239f.html
3392,20260201__newsin.ir__4aff6fb25104.html
3393,20260201__newsong.ir__96b3a4fe54c7.html
3394,20260201__newyork.mfa.ir__375fceecef39.html
3395,20260201__neysan-arya.ir__86cc249ce723.html
3396,20260201__niazmashaghel.ir__f1f1ec622fd9.html
3397,20260201__nikanwp.ir__8ceb1b556347.html
3398,20260201__nikru.ir__e8695d9aeff1.html
3399,20260201__ninikadeh.ir__88f549d99cc9.html
3400,20260201__nipaco.ir__2ee7058293d7.html
3401,20260201__nipna.ir__69de5a988761.html
3402,20260201__nirweb.ir__4dd238796bef.html
3403,20260201__nit.ac.ir__34f5a311638f.html
3404,20260201__niyazmusic.ir__2f01456f45c8.html
3405,20260201__nkhorasan.ir__3847b906983a.html
3406,20260201__nmj.goums.ac.ir__bad780fb480b.html
3407,20260201__nooranvakil.ir__0ebf891c7e55.html
3408,20260201__noordoc.ir__1d88937735ab.html
3409,20260201__noorshop.ir__3237845976bc.html
3410,20260201__nopshop.ir__f835d9ce3acb.html
3411,20260201__notificate.ir__cb2a4cde8c98.html
3412,20260201__novintahviehsanat.ir__b02017aff2a6.html
3413,20260201__nullrefer.ir__d2f89a5fae79.html
3414,20260201__oajre.ir__6d4f396f3242.html
3415,20260201__oerp.ir__da9674616ac0.html
3416,20260201__offerto.ir__31b469812da4.html
3417,20260201__ofoghtv.ir__6f857867b753.html
3418,20260201__oghaf.ir__22a55e8b86ed.html
3419,20260201__ohhp.ssu.ac.ir__9e8e0944e163.html
3420,20260201__old.irannewspaper.ir__84a02dffac61.html
3421,20260201__old.nasrnews.ir__c11212b87de4.html
3422,20260201__olgou.ir__59d655ab9679.html
3423,20260201__omidvand.ir__cb7618b3d698.html
3424,20260201__omransoft.ir__eb87811f0242.html
3425,20260201__onescript.ir__df401ece2d04.html
3426,20260201__onlypet.ir__65cc0ab52c89.html
3427,20260201__ooneshan.ir__24208dc80e80.html
3428,20260201__opem.ecsim.ir__66d4071d4862.html
3429,20260201__optionplus.ir__23fe55db5c58.html
3430,20260201__oslo.mfa.ir__052ef11ee9ba.html
3431,20260201__ostan-kd.ir__f6cdbda42412.html
3432,20260201__otag.ir__810e9085af95.html
3433,20260201__otaghasnaftehran.ir__9a5a77d2c974.html
3434,20260201__p30download.ir__b384e170ea4a.html
3435,20260201__pakansanat.ir__3dfa7f46fd4d.html
3436,20260201__pakhshmandegar.ir__5d738cfc5b08.html
3437,20260201__panko.ir__b49884994565.html
3438,20260201__paralympic.ir__a29f4e40761e.html
3439,20260201__parks.yazd.ir__295e8d5f380f.html
3440,20260201__parsiaideh.ir__2ade98389cd8.html
3441,20260201__parsiportal.ir__0373dd56903c.html
3442,20260201__partseal.ir__a2b20883d10f.html
3443,20260201__payawp.ir__32d6eaa08e4f.html
3444,20260201__paydarymelli.ir__5c12c8533dca.html
3445,20260201__pdrsoheil.ir__b2158c57aeca.html
3446,20260201__pec.ir__98751c02c71f.html
3447,20260201__persiakhodro.ir__1146b1481784.html
3448,20260201__persianscript.ir__d7180b9dd225.html
3449,20260201__persiantext.ir__2a728c817604.html
3450,20260201__peykkhorshid.ir__c9e3a567f829.html
3451,20260201__pgu.ac.ir__b2b3245792bc.html
3452,20260201__php-bb.ir__5711b3ed9a49.html
3453,20260201__physioaramesh.ir__2f24460422ca.html
3454,20260201__pimw.ir__b208fcdb70e7.html
3455,20260201__pingado.ir__a8fffef06827.html
3456,20260201__pooldarsho.ir__654de83988df.html
3457,20260201__poollnews.ir__4fd4b6c42211.html
3458,20260201__portal.ir__af94ada7091e.html
3459,20260201__portal.uswr.ac.ir__16eb699ffb91.html
3460,20260201__portalhamlonaghl.ir__823f65476e64.html
3461,20260201__postbank.ir__e37d1ae63e48.html
3462,20260201__postmelk.ir__ab841dd255b9.html
3463,20260201__pprc.srbiau.ac.ir__cc3d6acde1e1.html
3464,20260201__pririb.ir__3f0568c47f5b.html
3465,20260201__prochess.ir__38f05246589e.html
3466,20260201__profiles.mui.ac.ir__5fb9f0b1472a.html
3467,20260201__programstore.ir__91717ed93704.html
3468,20260201__prrj.isu.ac.ir__b989ba1d9033.html
3469,20260201__pseez.ir__3985bcc4c5a3.html
3470,20260201__ptt.qom.ac.ir__987ccef0499d.html
3471,20260201__public.ut.ac.ir__6e3885831c55.html
3472,20260201__qjerp.ir__973eeea252b1.html
3473,20260201__qomuro.ir__7be82125c2b2.html
3474,20260201__qparsi.ir__92bd8adcb2ec.html
3475,20260201__radio.iranseda.ir__6db6768dfbed.html
3476,20260201__radio.masjed.ir__c01fec866d1c.html
3477,20260201__radioava.ir__224ccbc72a2f.html
3478,20260201__radiofarhang.ir__a56b24cb5e5a.html
3479,20260201__radioiran.ir__2c4010c71dd6.html
3480,20260201__radiomaaref.ir__5913e2937c3c.html
3481,20260201__radionamayesh.ir__f65ea492522f.html
3482,20260201__radioquran.ir__dd8e1e6f7cdf.html
3483,20260201__rah.ir__ea6eaf7de714.html
3484,20260201__rahbordemoaser.ir__d1ff9bb4c1c7.html
3485,20260201__rahe-hadi.ir__8a80e7c7285c.html
3486,20260201__rahnamayshahr.ir__0c8b93244355.html
3487,20260201__railassociation.ir__c7996b71cd42.html
3488,20260201__raj.smc.ac.ir__eb17509717f8.html
3489,20260201__ramzeobour.ir__f44507548c50.html
3490,20260201__rap.sanru.ac.ir__1e1ecec53e1c.html
3491,20260201__rasaneh.farhang.gov.ir__7232e0324565.html
3492,20260201__raz-music.ir__1ad163b1ad88.html
3493,20260201__razilab.ir__e0050ace9365.html
3494,20260201__rc.isu.ac.ir__9f7a29e0aa3a.html
3495,20260201__rcel.ir__0ab3da007b2b.html
3496,20260201__rctajhiz.ir__32bf177e6bdb.html
3497,20260201__rdsj.torbath.ac.ir__8f63568a8fdb.html
3498,20260201__reactconf.ir__0aa34734ef05.html
3499,20260201__rebec.ir__fbcb01ea6e83.html
3500,20260201__refah-bank.ir__0fd37daeab24.html
3501,20260201__refah.ir__df3082e86894.html
3502,20260201__region8.tehran.ir__9d260ca2dcb5.html
3503,20260201__renoone.ir__9b83e348fb1d.html
3504,20260201__rentlift.ir__f84162fac43b.html
3505,20260201__repairsamsung.ir__d32a8ab676b6.html
3506,20260201__repo.iut.ac.ir__d9900d1c58d3.html
3507,20260201__repository.alzahra.ac.ir__317531f1b476.html
3508,20260201__research.shirazu.ac.ir__b1c357cd9cc1.html
3509,20260201__reshtehkhoshkarmadar.ir__f6fab398ddb8.html
3510,20260201__resna.iut.ac.ir__2abff8cd7027.html
3511,20260201__respina24.ir__aef9c083e9a6.html
3512,20260201__rhetorical.semnan.ac.ir__102a9b17407f.html
3513,20260201__rhm.sums.ac.ir__a58ed82c0f93.html
3514,20260201__rivasjonoob.ir__021a4bfb47d5.html
3515,20260201__rmcharts.ir__7b146f336d13.html
3516,20260201__rmm.mazums.ac.ir__8beb7c6489f2.html
3517,20260201__rnpg.ir__a1b4ca5cfc58.html
3518,20260201__robeka.ir__2e00f43ca60f.html
3519,20260201__robord.ir__8e6120358ff6.html
3520,20260201__rohani.ir__a49d6fd890b2.html
3521,20260201__roocket.ir__f20de05ccb16.html
3522,20260201__roosta.ir__105a0736d1ab.html
3523,20260201__rouzegarekhodro.ir__84239f165b91.html
3524,20260201__rouzshomar.ir__7093702d77b4.html
3525,20260201__royalsite.ir__e929af3ab039.html
3526,20260201__rpll.ui.ac.ir__4eaff5116085.html
3527,20260201__rpsi.ir__de3c117edeea.html
3528,20260201__rrc.tums.ac.ir__e354f1fe3f69.html
3529,20260201__rsci.shahed.ac.ir__75782e8b9d4f.html
3530,20260201__rvt.agri-peri.ac.ir__a91314824f31.html
3531,20260201__s2.uupload.ir__5f3de448676c.html
3532,20260201__sactehran.ir__1439000af167.html
3533,20260201__sadad.co.ir__23d8668efbc2.html
3534,20260201__sahab.ir__acbd39bc6fe2.html
3535,20260201__sahartv.ir__17002071fa93.html
3536,20260201__sahebnews.ir__5b0f2e812094.html
3537,20260201__salam.web24.ir__d9a32ef80ec5.html
3538,20260201__saleauto.ir__0d389b30dd4f.html
3539,20260201__samah.haj.ir__bf34503969e5.html
3540,20260201__samesosk.ir__c25162390625.html
3541,20260201__sanat.ir__52a4379d8ca2.html
3542,20260201__sanjeshp.ir__d6e0dce3a999.html
3543,20260201__saorg.ir__e62ff3cfaa5a.html
3544,20260201__sarmashg.ir__ab0a6443726e.html
3545,20260201__sartar.ir__e22130901bae.html
3546,20260201__satra.ir__6547acc4abb5.html
3547,20260201__saveh125.ir__4fdafebdaa79.html
3548,20260201__sb24.ir__1e53a064f128.html
3549,20260201__sbank.ir__7ee7e0285c58.html
3550,20260201__scihub.ir__e2008699a1b8.html
3551,20260201__scimet.um.ac.ir__9fa8a4e1cefd.html
3552,20260201__scu.ac.ir__e5cbfa929d1b.html
3553,20260201__sdme.kmu.ac.ir__f2be8d217a87.html
3554,20260201__seba.ir__403830b372d9.html
3555,20260201__sedayemiras.ir__46bee2f55791.html
3556,20260201__sell.ir__d2f40b785ffc.html
3557,20260201__semnanihouse.ir__5c32af2abe1d.html
3558,20260201__semsaritehrann.ir__93f710df936e.html
3559,20260201__seoarzan.ir__ab83f26dd8f8.html
3560,20260201__seobehine.ir__de920b590bc6.html
3561,20260201__seoedu.ir__a46615c27543.html
3562,20260201__seofori.ir__4e8ac8ba0a84.html
3563,20260201__seomagg.ir__fb2a8db2fb6c.html
3564,20260201__seospecialist.blog.ir__694383361852.html
3565,20260201__sepantamag.ir__5f9739864727.html
3566,20260201__sepehrtv.ir__9a3bf274141f.html
3567,20260201__sepidaranweb.ir__483a31c46648.html
3568,20260201__servicekarantehran.ir__76cabc1aff06.html
3569,20260201__serviceloole.ir__12955378d8ca.html
3570,20260201__setad.ir__492abc6c3198.html
3571,20260201__setadiran.ir__1fbe43a57523.html
3572,20260201__setaresobh.ir__b81c63ed0f08.html
3573,20260201__seviilshop.ir__5c4b3a8ed40b.html
3574,20260201__sfd.fsug.ir__55fa916e9034.html
3575,20260201__sfim.ir__ff4f1f433c07.html
3576,20260201__sfonts.ir__a1b1586497cb.html
3577,20260201__sftools.ir__e12885894774.html
3578,20260201__shahinsorkh.ir__06e307e2a74f.html
3579,20260201__shahnamehpajohan.ir__ba2469a1212f.html
3580,20260201__shahrdariqods.ir__620662e2b7e3.html
3581,20260201__shahrestanbar.ir__44a9e67d8a72.html
3582,20260201__shahri.ostanyazd.ir__c89b55a92ec6.html
3583,20260201__shahriarcity.ir__9fe7cab07c0c.html
3584,20260201__shahrsamanco.ir__25cc7064cf25.html
3585,20260201__shalior.ir__5ee49569ca4a.html
3586,20260201__shaparak.ir__7bb3030bf9e7.html
3587,20260201__shbu.ac.ir__98a375f2aa8f.html
3588,20260201__shimishini.ir__5d8688fdade6.html
3589,20260201__shirazartu.ac.ir__2440baa6d924.html
3590,20260201__shirinpolo.ir__b2a36f02da39.html
3591,20260201__shoaresal.ir__81df5cef810e.html
3592,20260201__shop.irancell.ir__64f674d0c7ac.html
3593,20260201__shop.shatelmobile.ir__b82fde79d9f6.html
3594,20260201__shrines.ir__c9958868d3d2.html
3595,20260201__sigma.ir__8bd5b3d5a20b.html
3596,20260201__sirna.ir__419e59ad0482.html
3597,20260201__siterayan.ir__bdb8556e8730.html
3598,20260201__sitesazz.ir__c370459ade12.html
3599,20260201__sizpay.ir__9270557c4e4e.html
3600,20260201__sjku.muk.ac.ir__3da9bbfcc642.html
3601,20260201__sjnmp.muk.ac.ir__40adf1336c76.html
3602,20260201__sk-portal.ir__526dd16ab881.html
3603,20260201__smb.yazd.ac.ir__f0949021fcd5.html
3604,20260201__sms.ir__168ef4cb98f8.html
3605,20260201__smsnds.sndu.ac.ir__8deba8038844.html
3606,20260201__smto.ir__dc7d03ddf72a.html
3607,20260201__snapppay.ir__5c06a8d4ab71.html
3608,20260201__snowa.ir__5863aebf2a09.html
3609,20260201__soalcity.ir__2d3cc07350fd.html
3610,20260201__sobhe-no.ir__0809dc3024e8.html
3611,20260201__sobheqazvin.ir__1b90dac5c7cc.html
3612,20260201__social-admin.blog.ir__0397fa5beb07.html
3613,20260201__social-land.ir__a9073d007dcd.html
3614,20260201__social.ut.ac.ir__81e6e25f948f.html
3615,20260201__socialhistory.ihcs.ac.ir__0becc3f124c8.html
3616,20260201__soij.qazvin.iau.ir__c98e2e691af4.html
3617,20260201__sophosfirewall.ir__2e7b41185d77.html
3618,20260201__sorayatv.ir__ca3182f69f4f.html
3619,20260201__souket.ir__62989ed9e3d3.html
3620,20260201__spadcharter.ir__abb6da8c7894.html
3621,20260201__sph.tums.ac.ir__f94e3a940216.html
3622,20260201__sports.ub.ac.ir__45d298f8adfc.html
3623,20260201__sppl.ui.ac.ir__0b3199f2d34b.html
3624,20260201__sru.ac.ir__5b31a550a824.html
3625,20260201__ssaa.ir__a529e5681240.html
3626,20260201__ssic.ir__5498398365b6.html
3627,20260201__ssor.ir__7b24d4cc2449.html
3628,20260201__staff.alzahra.ac.ir__12a195c393ed.html
3629,20260201__startup360.ir__63e9b2600381.html
3630,20260201__std.basu.ac.ir__ea32e5995b6f.html
3631,20260201__stockpakhsh.ir__bec5e5f902b9.html
3632,20260201__store.office-learning.ir__a29e7a8427b2.html
3633,20260201__storestand.ir__b356aa7d121d.html
3634,20260201__styleup.ir__d6f249cde44c.html
3635,20260201__sunlycharm.ir__d27eb35a32ff.html
3636,20260201__sunrise.ir__9c46310974cc.html
3637,20260201__sustainagriculture.tabrizu.ac.ir__7e80ad7136be.html
3638,20260201__switzerland.mfa.gov.ir__a73ca9048adc.html
3639,20260201__taadolnewspaper.ir__2b5d17af865d.html
3640,20260201__tabnaktehran.ir__0cb38805eeca.html
3641,20260201__taci.ir__dcbfa21212e3.html
3642,20260201__tadbirgaranbm.ir__e48983c499d0.html
3643,20260201__takhasosameine.ir__ac3d2ebd3378.html
3644,20260201__taknaz.ir__7e576de08d45.html
3645,20260201__takniksabt.ir__628494059255.html
3646,20260201__talasea.ir__f3ca06a1e6b2.html
3647,20260201__tandishospital.ir__4fb476eec1c3.html
3648,20260201__tanzil.ir__3616f72d6017.html
3649,20260201__tarh.ir__3faebc1ede3e.html
3650,20260201__tarikh.inoor.ir__aa56eac0d333.html
3651,20260201__tarna.ir__ab9fa06901a2.html
3652,20260201__taxi.tehran.ir__6bf861f7cfe4.html
3653,20260201__taximaxim.ir__7dffa26e3676.html
3654,20260201__tazirat.gov.ir__0b6ea88987f3.html
3655,20260201__tdmmo.tehran.ir__a825cc4df0a8.html
3656,20260201__teater.ir__f81dcda988d5.html
3657,20260201__tech-news.ir__8036f0717e5d.html
3658,20260201__technofield.ir__e2dac8494390.html
3659,20260201__technonameh.ir__463e47b4cf92.html
3660,20260201__technooyar.ir__8f8397de245b.html
3661,20260201__technopol.ir__f1310bbceafd.html
3662,20260201__technosun.ir__32b2165de7c5.html
3663,20260201__tehc.ir__232580d8d372.html
3664,20260201__tehranapprepair.ir__fb6279c6e0e3.html
3665,20260201__tehrankit.ir__4f7a71227713.html
3666,20260201__tehrooms.ir__23070e75e8aa.html
3667,20260201__tejaratemrouz.ir__053262fd3dc9.html
3668,20260201__tejaratnoins.ir__999a42a549c8.html
3669,20260201__tejaratonline.ir__91fbc319aff9.html
3670,20260201__teknictv.ir__56ca80a6ffeb.html
3671,20260201__telescope.ir__6724e0550271.html
3672,20260201__theaftab.ir__d330134f0f52.html
3673,20260201__theaterforum.ir__c8baa9233022.html
3674,20260201__tik.ir__2e01a7696d93.html
3675,20260201__timapoo.ir__fa65729abf61.html
3676,20260201__titr-news.ir__32fba2ed5694.html
3677,20260201__titre24.ir__b23b927d1d09.html
3678,20260201__titrooz.ir__5819e4400d8e.html
3679,20260201__toc.ui.ac.ir__b958c0a8ee20.html
3680,20260201__toplin.ir__0c0cac9f0b29.html
3681,20260201__toranjdental.ir__85666c7c1ff4.html
3682,20260201__toseeirani.ir__450feff470ae.html
3683,20260201__tourism.tabriz.ir__274837f9efb4.html
3684,20260201__tqh.alzahra.ac.ir__1bae474922ca.html
3685,20260201__transport-international.ir__43c1757d5108.html
3686,20260201__triptoday.ir__1a07a4dddeab.html
3687,20260201__ttbank.ir__9ab147228e48.html
3688,20260201__tulun.ir__f28315952294.html
3689,20260201__turkey.mfa.gov.ir__7cd5bb412567.html
3690,20260201__tv2.ir__acc7f1f5ab60.html
3691,20260201__ub.ac.ir__e33a18d1c17a.html
3692,20260201__ubaar.ir__16669d83fbf8.html
3693,20260201__udrc.ir__94f95fed6a91.html
3694,20260201__uiold.ui.ac.ir__ec4468b6b396.html
3695,20260201__unidro.ut.ac.ir__e79927703024.html
3696,20260201__uok.ac.ir__12f139e4cb07.html
3697,20260201__ups-battery.ir__74e7d1b21ebf.html
3698,20260201__upvc2020.royablog.ir__a59d1c5a663d.html
3699,20260201__urbstudies.uok.ac.ir__b96bd38c0302.html
3700,20260201__urdu.sahartv.ir__7748f03f2068.html
3701,20260201__urolodoc.ir__4c2b5d0f2fcf.html
3702,20260201__utype.ir__3619cb2e0a70.html
3703,20260201__uvprint.ir__5d9b96b77e6a.html
3704,20260201__uxit.ir__cbc127a63f7f.html
3705,20260201__vakil-rahbarzare.ir__7c637cfdbd88.html
3706,20260201__vally.ir__0da74ca549f4.html
3707,20260201__vanaklaser.ir__ea8f0887babd.html
3708,20260201__varzeshtv.ir__f8b2c7f3b66a.html
3709,20260201__vat.ir__5e6d2528fdca.html
3710,20260201__vaznedonya.ir__80c87b8c922a.html
3711,20260201__veganism-school.ir__69430e439b2a.html
3712,20260201__vet.lu.ac.ir__30f78089ac63.html
3713,20260201__vet.razi.ac.ir__351b4df39d54.html
3714,20260201__vetmed.uk.ac.ir__e2f40452290a.html
3715,20260201__vg-store.ir__44e55f9645e2.html
3716,20260201__villanews.ir__2f3ae1a12617.html
3717,20260201__vinesh.ir__d506dad73071.html
3718,20260201__viranet.ir__fd503e2079e2.html
3719,20260201__virastyar.ir__68e6106bf47b.html
3720,20260201__virtualdr.ir__3a51a88b392a.html
3721,20260201__visabook.ir__a16b553cf56b.html
3722,20260201__vom.ir__bfe5602b4832.html
3723,20260201__vrhrc.tums.ac.ir__84fa44fb29dc.html
3724,20260201__vtg.rzb.ir__23f7f61b61ab.html
3725,20260201__vtsland.ir__355a9258149f.html
3726,20260201__warzeshkar.ir__f3f63f1fc5c5.html
3727,20260201__waterjournal.ir__a8734ee55742.html
3728,20260201__web.splus.ir__1354e8551ef2.html
3729,20260201__webda.ir__639aa2327f6a.html
3730,20260201__webf1.ir__2fef2c3d76ab.html
3731,20260201__webhostingtalk.ir__942694db3d0b.html
3732,20260201__webology.ir__fa802b1ec5f4.html
3733,20260201__westeros.ir__13f1d2cee7c3.html
3734,20260201__whc.ir__2b192c8c1fea.html
3735,20260201__wikidemy.ir__fa48ef2b031c.html
3736,20260201__wikiporsesh.ir__34a12e821a5a.html
3737,20260201__wikitolid.ir__dbf68646f79d.html
3738,20260201__workerhouse.ir__bdcc42101a9d.html
3739,20260201__wp-directory.ir__bfaa57b29f4e.html
3740,20260201__wpfile.ir__688125ed3109.html
3741,20260201__www7.isna.ir__7c885ce5700a.html
3742,20260201__xofice.ir__0a4360460892.html
3743,20260201__xvision.ir__21ab14c1209c.html
3744,20260201__yadak031.ir__b8852ec9891f.html
3745,20260201__yakhchal-freezer2020.royablog.ir__9ddd6b9f2069.html
3746,20260201__yaniche.ir__df8a50f5c34a.html
3747,20260201__yazd.ac.ir__a9d8c6db7d5e.html
3748,20260201__yazd.isna.ir__efd8ac465e8d.html
3749,20260201__yindex.ir__b208ca0d4982.html
3750,20260201__zarebin.ir__b30328ecc120.html
3751,20260201__zargroup.ir__24965d936ae2.html
3752,20260201__zedmovie.ir__497c8973e6b5.html
3753,20260201__zh.irna.ir__d19373272b62.html
3754,20260201__zi1plus.ir__b6bbe3b33533.html
3755,20260201__zsong.ir__5c839fd4dd86.html
3756,20260202__0-1.ir__86df6d54548b.html
3757,20260202__021khayati.ir__59abcbe9f04d.html
3758,20260202__1606.ir__6a81c800ff3a.html
3759,20260202__1ea.ir__7a2b890bd4a6.html
3760,20260202__1gamer.ir__4cd2d5bf4b5d.html
3761,20260202__340.ir__4b42dadcd215.html
3762,20260202__3canc.ir__faba798121b7.html
3763,20260202__4cc.ir__2d3f9494cca1.html
3764,20260202__8press.ir__eee78864d590.html
3765,20260202__9rang.ir__7d8f5c63ad69.html
3766,20260202__aabrothers.ir__d3af0fd24ed7.html
3767,20260202__aachen-bearing.ir__19378b294e6c.html
3768,20260202__aav-co.ir__c0a8a2eddbf9.html
3769,20260202__abidi75.ir__10e2019fae1b.html
3770,20260202__abrebaran.ir__b1bb7e860740.html
3771,20260202__academicstaff.uk.ac.ir__d5d2f4cdcb9a.html
3772,20260202__accland2019.ir__3c378152cf05.html
3773,20260202__acctgrev.ut.ac.ir__acc686811f0b.html
3774,20260202__acecr.ac.ir__cb16c6a8a247.html
3775,20260202__adabestann.ir__ccf2563287f2.html
3776,20260202__aecinema.ir__8f94cb0a2c41.html
3777,20260202__afshinfateh7.ir__ec1a41caf0fc.html
3778,20260202__aftab-arak.ir__c0fcb9d4d905.html
3779,20260202__aftabnetdaily.ir__ab863c039db0.html
3780,20260202__agp-pub.ir__790ed6ba06c8.html
3781,20260202__agri-peri.ac.ir__4da2a2935afd.html
3782,20260202__aharnews.ir__e8e33faa415b.html
3783,20260202__aharnoma.ir__215f63edfcf6.html
3784,20260202__ahmadness.ir__1f14296a7d2f.html
3785,20260202__airchange.ir__390f911cd29e.html
3786,20260202__airoot.ir__c1a2e811a503.html
3787,20260202__ais.airport.ir__4791735d0de7.html
3788,20260202__ajdr.umsha.ac.ir__f652c5e3d0c6.html
3789,20260202__ajnpp.umsha.ac.ir__ce43a529d0dd.html
3790,20260202__ak.sbmu.ac.ir__33585ced56a0.html
3791,20260202__akhtaranbook.ir__4b0237b95224.html
3792,20260202__alalamsyria.ir__50c4504367c1.html
3793,20260202__alawitravel.ir__114f74930300.html
3794,20260202__alfablog.ir__81ded6bf816d.html
3795,20260202__algool.ir__be7bd92feb0b.html
3796,20260202__aligoudarzcity.ir__172bf11874fa.html
3797,20260202__alisafi.ir__f82703d67a98.html
3798,20260202__all-mag.ir__7ddcfeaf7ca3.html
3799,20260202__almask.ir__fc1a70ca4582.html
3800,20260202__amatris.ir__e873f5201522.html
3801,20260202__aminnews.ir__5184120bcaf2.html
3802,20260202__amityblog.ir__725618fcb7de.html
3803,20260202__amlak-arshavin.ir__6e260d84d79c.html
3804,20260202__amrdesign.ir__02a740e370c9.html
3805,20260202__amseif.ir__bb1b03a42575.html
3806,20260202__anatomyjournal.ir__d9f87ed3f5ca.html
3807,20260202__ancientiranianstudies.ir__8c983f8ff2da.html
3808,20260202__angusblog.ir__b0a11a92ea79.html
3809,20260202__answerbook.ir__835f5d1b15f6.html
3810,20260202__anzaliport.pmo.ir__7d06b8037bda.html
3811,20260202__aped.ir__f41d4a7962ca.html
3812,20260202__applesp.ir__e2232828ce22.html
3813,20260202__aqms.doe.ir__b0eab3c865af.html
3814,20260202__ar.imam-khomeini.ir__99b8136abeca.html
3815,20260202__ar.mfa.ir__52cc9fb4753f.html
3816,20260202__ar.pdf.lib.eshia.ir__ef2b1bba091e.html
3817,20260202__aramesh-ins.ir__9ba3cfb5b2c9.html
3818,20260202__arateen.ir__3371dce2fd63.html
3819,20260202__arbitration.ir__10a3e440f4da.html
3820,20260202__architarm.ir__ba61b62cb2d7.html
3821,20260202__architecturalshop.ir__4d544526dd2b.html
3822,20260202__archoffice.ir__6ee11b66e054.html
3823,20260202__archurb.sbu.ac.ir__c20a60f865d4.html
3824,20260202__arcu.ir__951a9283b095.html
3825,20260202__ardenblog.ir__d9d03c7a17dc.html
3826,20260202__are.ui.ac.ir__230409dded7b.html
3827,20260202__ariabooking.ir__a4eaec135789.html
3828,20260202__arjang.ac.ir__256427e02275.html
3829,20260202__armandress.ir__123df317b67d.html
3830,20260202__armanshargh.ir__079acb000b75.html
3831,20260202__aro.gov.ir__c46f4be6dae8.html
3832,20260202__arsenal.ir__0fc1eb0de0f7.html
3833,20260202__artfest.ir__85e7f5e83a4f.html
3834,20260202__artgalleries.ir__cf2b57e8d951.html
3835,20260202__asanseminar.ir__72e107f98848.html
3836,20260202__asemandaily.ir__30e70b5f89dc.html
3837,20260202__asi.ir__9a011daa52ee.html
3838,20260202__aspbt.ir__3380d7c5679e.html
3839,20260202__asregsm.ir__0536027c4eb7.html
3840,20260202__asrepardakht.ir__6297cabbe6ca.html
3841,20260202__astaco.ir__06855ecad19f.html
3842,20260202__atamanemdad.ir__9614ef7ab5dc.html
3843,20260202__atlaskhabar.ir__99e2eb51416b.html
3844,20260202__atp24.ir__1234af34aaf6.html
3845,20260202__australia.mfa.gov.ir__96edf1a5d5f2.html
3846,20260202__avval.ir__a48ff5a5ae83.html
3847,20260202__ayateghamzeh.ir__fcda1953be0c.html
3848,20260202__azhandbearing.ir__dcd2aae2c7b7.html
3849,20260202__bahardaily.ir__f4dea0aaad24.html
3850,20260202__bamacamp.ir__94ce64de1ad3.html
3851,20260202__bamdad24.ir__0a37c3ab8de5.html
3852,20260202__bananews.ir__337c4003fb7b.html
3853,20260202__bandar-zalo.ir__ae2f4c44666f.html
3854,20260202__bankosanat.ir__661835c0d528.html
3855,20260202__baraneh.tehran.ir__8432d04b196b.html
3856,20260202__bargh021.ir__c2c63e641ac5.html
3857,20260202__bartu.ir__ae6c6ac067e9.html
3858,20260202__bazarnews.ir__cf5e6d909e72.html
3859,20260202__bazarol.ir__a5c7adc11651.html
3860,20260202__bazartokhmeh.ir__da3cf195e85e.html
3861,20260202__baziwood.ir__8ba64556f4ad.html
3862,20260202__beautycode.ir__ea2119b12f32.html
3863,20260202__bedonid.ir__2a3ad796745b.html
3864,20260202__behboodmodiriat.ir__023561a678c2.html
3865,20260202__behnamcharity.org.ir__17cbc453f304.html
3866,20260202__behshahrcity.ir__a5dc650f3a4c.html
3867,20260202__belarus.mfa.gov.ir__4e1b67ebc7b3.html
3868,20260202__bemusic.ir__226c4b3e3f69.html
3869,20260202__bestbut.ir__dec32a57ae71.html
3870,20260202__bestevent.ir__a7b47278365a.html
3871,20260202__bestlastsecond.ir__58942b6c2240.html
3872,20260202__bestmuseum.ir__40f95f7416ce.html
3873,20260202__bestwhiteboard.ir__b4ba0b1428eb.html
3874,20260202__bgcloob.ir__69db0e1323bd.html
3875,20260202__bigmotion.ir__f344dd57790b.html
3876,20260202__bimejo.ir__bc380fbd0bd5.html
3877,20260202__bingfilm.ir__164630b8ad48.html
3878,20260202__biotehran.ir__9a7f1ed5e104.html
3879,20260202__bizma.ir__51f5c92168d8.html
3880,20260202__blog.tapsi.ir__c58ca5e22cb8.html
3881,20260202__bonyadmaskan.ir__976142f220ff.html
3882,20260202__book.iranseda.ir__893596709e82.html
3883,20260202__bourse24.ir__9c0677032fe9.html
3884,20260202__bspc.ir__62f72c1f4f6f.html
3885,20260202__bustaneketab.ir__a9df925157de.html
3886,20260202__buy-instagram-page.blog.ir__58695a0dc954.html
3887,20260202__buypowerpoint.ir__c453a2a2ff82.html
3888,20260202__buzdid.ir__38e1a18f3da7.html
3889,20260202__cabinnet.ir__23e1361e96db.html
3890,20260202__cactusmusic.ir__9c975cfa5480.html
3891,20260202__calendar.nagsh.ir__3886774add2d.html
3892,20260202__calligraphers.ir__9da65c39838e.html
3893,20260202__candouj.ir__42b2311502de.html
3894,20260202__canunqom.ir__cdbc96694443.html
3895,20260202__cartonpack.ir__39d1bbb2c377.html
3896,20260202__ccri.ac.ir__28da3b37020b.html
3897,20260202__cctvalash.ir__eafa11daea64.html
3898,20260202__ceej.aut.ac.ir__f4c5aac5084e.html
3899,20260202__centralcoastblog.ir__d33702d1566f.html
3900,20260202__cfu.ac.ir__4185c233c3de.html
3901,20260202__chabaharport.pmo.ir__6b1db4c57d3b.html
3902,20260202__chapedana.ir__c2cb4583cd37.html
3903,20260202__chaponashr.ir__cdc47f8a5ab4.html
3904,20260202__chat.avalai.ir__289a09d3bc4c.html
3905,20260202__chistorys.ir__a6ce0a35f4f0.html
3906,20260202__chordblog.ir__977e3d44ddc7.html
3907,20260202__cinemasoren.ir__8f5618aa6559.html
3908,20260202__civilhouse.ir__c73391a5e9d4.html
3909,20260202__clashroyaleguide.ir__24fba1c86d82.html
3910,20260202__clinicbeton-ahvaz.ir__a98c74326459.html
3911,20260202__cmmagazine.ir__ddaacd1ee3c2.html
3912,20260202__coffeest.ir__e7739fc30fa4.html
3913,20260202__combinatorics.ir__96329da4c27e.html
3914,20260202__comic-city.ir__67f3d4a67cf2.html
3915,20260202__conf.mbri.ac.ir__f0b4613eee7f.html
3916,20260202__cpodcast.ir__646ebcadf256.html
3917,20260202__crouse.ir__2c0f9ab3f25a.html
3918,20260202__ctan.yazd.ac.ir__93d854793a8f.html
3919,20260202__dadgostari-kd.eadl.ir__0a1697c960c4.html
3920,20260202__dadgostari-th.eadl.ir__326272a16d08.html
3921,20260202__dailytec.ir__184aef2cedf7.html
3922,20260202__damadam.ir__065d868a5d1c.html
3923,20260202__danasabt.ir__6b5961632ae8.html
3924,20260202__danesh.dmk.ir__feaf3f91d267.html
3925,20260202__danone.ir__309c8b9d408e.html
3926,20260202__darr.ir__ce0747f3b16b.html
3927,20260202__davincii.ir__8b129a9e7ca1.html
3928,20260202__dcar.ir__1ca21cb42500.html
3929,20260202__decopart1.ir__b13ababfb656.html
3930,20260202__deej.kashanu.ac.ir__12668b71ea4d.html
3931,20260202__deerhome.ir__bb7656573d83.html
3932,20260202__defc.ir__f4ad798a0b83.html
3933,20260202__deltapajoh.ir__b9dad581fd14.html
3934,20260202__dementor.ir__7ee52a64ee8d.html
3935,20260202__dfsr.ir__1658d6bc00c1.html
3936,20260202__dgla.ut.ac.ir__d1666c654169.html
3937,20260202__didad.ir__85431bea0a50.html
3938,20260202__digi220.ir__63dc08b29faf.html
3939,20260202__digibacklink.ir__4c78faa45e86.html
3940,20260202__digiboy.ir__253bd70e9e48.html
3941,20260202__digikala.ir__03c1708ce30b.html
3942,20260202__digitalii.ir__7399318bac14.html
3943,20260202__dinehiran.ir__0406d3c5b6c9.html
3944,20260202__dizinskiresort.ir__b694879dcf0d.html
3945,20260202__dlib.sbmu.ac.ir__4736ab7208a2.html
3946,20260202__dnt.bpums.ac.ir__414cae773df1.html
3947,20260202__dobaresafar.ir__c94f98d6d96e.html
3948,20260202__doorcoo.ir__c4c63c9e90a8.html
3949,20260202__dosite.ir__49f0486d3c59.html
3950,20260202__doustdary.ir__b00429677950.html
3951,20260202__downloadme.ir__5fe73303bc87.html
3952,20260202__dpmk.ir__82ad452b4927.html
3953,20260202__dr-akarimi.ir__e61bd9fdc122.html
3954,20260202__dr-seo.ir__62334efa6cfa.html
3955,20260202__dr-zarabiha.ir__b3b8ec690c91.html
3956,20260202__drchek.ir__bf10b2d09db6.html
3957,20260202__dreamusic.ir__39037219977e.html
3958,20260202__drhaddadi.ir__1427de5e1208.html
3959,20260202__drmostafajavadi.ir__17b4fa2174bb.html
3960,20260202__ds.sndu.ac.ir__0a1997567d88.html
3961,20260202__dtfchap.ir__da04accc134c.html
3962,20260202__e-concert.ir__08601325de30.html
3963,20260202__e-yadgiri.ir__6e4b243e77f4.html
3964,20260202__eabbassi.ir__d106b0e0e831.html
3965,20260202__earn2.ir__a4c731bbbad6.html
3966,20260202__ebattery.blog.ir__12592ca101bc.html
3967,20260202__eco.sbu.ac.ir__b1adc2d8375b.html
3968,20260202__ecoj.sbu.ac.ir__4fd5944d901d.html
3969,20260202__econ.tabrizu.ac.ir__3b4a55aa254a.html
3970,20260202__economichistory.ihcs.ac.ir__5276009a7c6e.html
3971,20260202__edch.ir__7ceb01fed049.html
3972,20260202__edp.alzahra.ac.ir__656071089abf.html
3973,20260202__edu.irna.ir__f613f40c9464.html
3974,20260202__edu.uast.ac.ir__876a09eb75c9.html
3975,20260202__ee9.ir__dc6c2ecc2675.html
3976,20260202__ehsan911.ir__6d2324e851cf.html
3977,20260202__ehsj.skums.ac.ir__de7afbc0ae73.html
3978,20260202__ejip.ir__6c8491472ec9.html
3979,20260202__ejsms.gau.ac.ir__d40b56107623.html
3980,20260202__elearning.aut.ac.ir__5bf04eab00fc.html
3981,20260202__electrojazayeri.ir__195e254668be.html
3982,20260202__eligasht.ir__f332ddba2b95.html
3983,20260202__elm-kadeh.ir__75ecf3723861.html
3984,20260202__elsun.ir__dee7532663a2.html
3985,20260202__elt.journals.ikiu.ac.ir__0e2cb8994c48.html
3986,20260202__emdadkhodrofotoohi.ir__d7bd1856c623.html
3987,20260202__en.iict.ac.ir__99ccafa70056.html
3988,20260202__en.pasteur.ac.ir__7c80a7cb4991.html
3989,20260202__en.sharif.ir__f3843cb6a923.html
3990,20260202__en.webangah.ir__48af2f27e6eb.html
3991,20260202__enbank.ir__7779ac0bf6c0.html
3992,20260202__enevent.ipo.ir__7850c0fd9bbf.html
3993,20260202__eng.birjand.ac.ir__009db103542f.html
3994,20260202__engineyadak.ir__132dbe2739d9.html
3995,20260202__eorc.ir__df0f17c64b27.html
3996,20260202__eplaytrainer.ir__95acfb26fb97.html
3997,20260202__erfaneshargh.um.ac.ir__ecb07fa00009.html
3998,20260202__eset-ir.ir__b09b823620d9.html
3999,20260202__esfahan-package.ir__a85e9d51f825.html
4000,20260202__esfahanmet.ir__9d856eef2a92.html
4001,20260202__eshopaward.ir__84d283738065.html
4002,20260202__eskan.medu.ir__4322dfb231d8.html
4003,20260202__estjt.ir__9f18c9c7c6c8.html
4004,20260202__ethicshouse.ir__328e9cb81a40.html
4005,20260202__ethicsjournal.ir__dcee8c392b16.html
4006,20260202__etl24.ir__293e4e787f19.html
4007,20260202__ettehadkhabar.ir__607e5ca382a7.html
4008,20260202__exir.co.ir__90f31e041414.html
4009,20260202__fa.alkawthartv.ir__21b9f37a1aa3.html
4010,20260202__fa.icro.ir__7c514ac3532f.html
4011,20260202__facialmask.ir__5c30dc4eadea.html
4012,20260202__fan2gh.ir__d3fe936500a7.html
4013,20260202__fanap.ir__c914272574b3.html
4014,20260202__fantasyfans.ir__4fe47d2ba14e.html
4015,20260202__fara-download.ir__d8c20a85ab78.html
4016,20260202__farabiaward.ir__aaabb86877fd.html
4017,20260202__faraketab.ir__047211bbf4a2.html
4018,20260202__faravardeh-nasuzsobhan.ir__a747b6582069.html
4019,20260202__farhangi.msrt.ir__bbd0a6b9f158.html
4020,20260202__farhangi.tehran.ir__a4687fb35f84.html
4021,20260202__farmerz.ir__555094b92e4b.html
4022,20260202__farsadsanat.ir__fac5cc91c3f1.html
4023,20260202__farsanco.ir__1b44e1b50918.html
4024,20260202__farshkhoy.ir__a8e5f17e196b.html
4025,20260202__farsi-zirnevis.ir__5d8000b9a76b.html
4026,20260202__fashnews.ir__64cff4af9465.html
4027,20260202__fazelpc.ir__69805a11bb7a.html
4028,20260202__fbarj.ihu.ac.ir__087a572015b1.html
4029,20260202__fc-milad.ir__af61842e0d1c.html
4030,20260202__fdo.mui.ac.ir__733658ae052f.html
4031,20260202__feiri.ir__187674caa0f6.html
4032,20260202__fekrshahr.ir__e147aeabf4dd.html
4033,20260202__fiammco.ir__0597313b5e2c.html
4034,20260202__fidarpaya.ir__c5c4e5cec643.html
4035,20260202__filmba.ir__228c2722ff7d.html
4036,20260202__filmnegar.ir__32d2f0200474.html
4037,20260202__finetco.ir__59a79c6a399a.html
4038,20260202__fireproofing-iran.ir__09053b4ec32f.html
4039,20260202__fitbashim.ir__d9cca13d9023.html
4040,20260202__fitnessdoc.ir__e178b9145d72.html
4041,20260202__fitnessmagazine.ir__e4149c1c0e5c.html
4042,20260202__floreteen.ir__db13b7b69ddc.html
4043,20260202__fma.ihu.ac.ir__03d976a2d8e2.html
4044,20260202__followerpro.ir__1423c27d32b7.html
4045,20260202__foodonly.ir__4f6a218ebb61.html
4046,20260202__foolaz.ir__8df8fdc3786b.html
4047,20260202__footballdokht.ir__a1ea25e64cb7.html
4048,20260202__forsatrooz.ir__0c229b56238b.html
4049,20260202__forum.soft98.ir__8e111ca6cb9c.html
4050,20260202__fpoem.farhang.gov.ir__df8af21326d4.html
4051,20260202__france.tabrizu.ac.ir__e947842e689f.html
4052,20260202__fshabestar.ir__98071f8c680f.html
4053,20260202__ftp.yazd.ac.ir__5e0af080da92.html
4054,20260202__fums.ac.ir__9042c98b0171.html
4055,20260202__fupload.ir__10fb0326c641.html
4056,20260202__fws.ut.ac.ir__03e37ac04483.html
4057,20260202__gahr.ir__adc226a1b0b8.html
4058,20260202__gama20.ir__2f87ed3d20d3.html
4059,20260202__ganjineh.nlai.ir__74a063c63200.html
4060,20260202__ganudermabiz.ir__7fb4bb09e455.html
4061,20260202__gapfilm.ir__defc462a5bc6.html
4062,20260202__gardeshlines.ir__4944f730934d.html
4063,20260202__genetic.uswr.ac.ir__09dd6148af51.html
4064,20260202__geography.ut.ac.ir__9382dbb44ef8.html
4065,20260202__geomatics.kntu.ac.ir__4d669fe21b70.html
4066,20260202__geomorphologyjournal.ir__2719a51c24de.html
4067,20260202__ges.razi.ac.ir__457c7098652e.html
4068,20260202__ghuo.ir__2f8e32ca8514.html
4069,20260202__gilanestan.ir__82e925ba9764.html
4070,20260202__gitionline.ir__d0a3684b223f.html
4071,20260202__gmcp.ir__2cc997958f00.html
4072,20260202__goldencalendar.ir__117005a52cfc.html
4073,20260202__goldsit.ir__21848e13922d.html
4074,20260202__golesabzemisagh.ir__3b6bb08375e5.html
4075,20260202__golestan.doe.ir__bc4d03a62cf3.html
4076,20260202__golestan.emdad.ir__02f9b2783b3e.html
4077,20260202__golestanblog.ir__15ef60ab92a2.html
4078,20260202__gonbadgoldaste.ir__c8d90ae09fbe.html
4079,20260202__goneshhotels.ir__b273596946bc.html
4080,20260202__gorganmedj.goums.ac.ir__fbd40d90d912.html
4081,20260202__gozaldoor.ir__73b0f752b943.html
4082,20260202__gozine2.ir__7446227784db.html
4083,20260202__graphmedia.ir__7b970d13b58e.html
4084,20260202__grfs.urmia.ac.ir__6f3ade02e2ab.html
4085,20260202__gu.ac.ir__cbaaef885e98.html
4086,20260202__guilan-music.ir__fe75466833f7.html
4087,20260202__gymnastic.ir__b30a9562e6a8.html
4088,20260202__hadaf-schools.ir__0432b66669b0.html
4089,20260202__hadianalborz.ir__30b3e67dc7a5.html
4090,20260202__hadikhorramnejad.ir__0189f6858843.html
4091,20260202__haje.ir__3f9cb5321cfd.html
4092,20260202__hajj97.ir__68c0c6297d16.html
4093,20260202__hakimemehr.ir__c4068f207073.html
4094,20260202__hamshahritraining.ir__ace158baf021.html
4095,20260202__hamyab24.ir__002639796181.html
4096,20260202__hankh.ir__e5a0f0d41554.html
4097,20260202__harekatfest.ir__9b15739b3c59.html
4098,20260202__harfe-akher.ir__e54653b8f0cb.html
4099,20260202__hasanalmasi.ir__58256b1c4e15.html
4100,20260202__hbice.ir__6930178c111b.html
4101,20260202__hds.sndu.ac.ir__6f38cc193afd.html
4102,20260202__hefazmarket.ir__ead0889ef4bb.html
4103,20260202__helsinki.mfa.ir__0e4987f200d0.html
4104,20260202__hemayatonline.ir__a0920e6c32f8.html
4105,20260202__higraphics.ir__020225dd00c2.html
4106,20260202__hii.alzahra.ac.ir__c61e0d12c151.html
4107,20260202__hii.khu.ac.ir__bdf6b0afad54.html
4108,20260202__hiq.bou.ac.ir__212edb32fd56.html
4109,20260202__hmrw.ir__0188e11d6a0a.html
4110,20260202__home-gezhek.ir__bb7ab326cdc5.html
4111,20260202__honarcredit.ir__5bb3268b14a5.html
4112,20260202__hoopod.ir__c0d7437688a5.html
4113,20260202__horoofestan.ir__eda4d25ac1b9.html
4114,20260202__hoseinkeshavarz.ir__43cd2aa8f674.html
4115,20260202__hosseineslamimagd.ir__a22ea419bd85.html
4116,20260202__houshweb.ir__99786492b8d9.html
4117,20260202__hrmsociety.ir__2cd01d02b25e.html
4118,20260202__hsow.journal.araku.ac.ir__332000fe4f68.html
4119,20260202__hsr.mui.ac.ir__9f11a0ba1202.html
4120,20260202__htgh.ir__885191e28c90.html
4121,20260202__humanrights.eadl.ir__9a2934dcc65b.html
4122,20260202__hypertextstudio.ir__d10d1fad6b2f.html
4123,20260202__iacoo.ir__f97e811b778e.html
4124,20260202__iar.shirazu.ac.ir__2642902daa9f.html
4125,20260202__iau-shirvan.ac.ir__53e6475cfc95.html
4126,20260202__ibto.ir__055e0a00b08f.html
4127,20260202__icc.journals.pnu.ac.ir__0aa3e5af6481.html
4128,20260202__icccoop.ir__b7b9f19e5f5e.html
4129,20260202__iccnrt2.ir__cdba135e5e31.html
4130,20260202__ice.ir__0477ae3b08b6.html
4131,20260202__icmd.ir__111306595861.html
4132,20260202__iemt.ir__b07801d01dbd.html
4133,20260202__ifom.ir__dd1b41175bb8.html
4134,20260202__ihej.ir__1773e9dc5637.html
4135,20260202__iict.ac.ir__28cf843d5bf0.html
4136,20260202__iiie.ir__75dfca7b7cc5.html
4137,20260202__ijche.ir__a801154110dc.html
4138,20260202__ijme.iranjournals.ir__5617f903d5b3.html
4139,20260202__ijmt.iranjournals.ir__8c52d143408d.html
4140,20260202__ijpb.ir__f4aa3799fb9f.html
4141,20260202__ijrowa.isfahan.iau.ir__74a47a143e50.html
4142,20260202__indeng.ut.ac.ir__3c289be268db.html
4143,20260202__industrial-photo.ir__277390aa9f49.html
4144,20260202__inmost.ir__af29aa480d82.html
4145,20260202__innovationcomplex.ir__9025adb6236c.html
4146,20260202__inspection.tehran.ir__8cc1bbe00334.html
4147,20260202__instagramha.ir__f53bbc9a1f6c.html
4148,20260202__ipacbt.ir__f4560a8e2e6a.html
4149,20260202__ipause.ir__ec677aa73591.html
4150,20260202__ipes.razi.ac.ir__9846707dd52e.html
4151,20260202__iphonevideo.ir__d4843fbe426c.html
4152,20260202__iprojector.ir__25020379f277.html
4153,20260202__ipsa.ir__e65b305a0b4c.html
4154,20260202__iralco.ir__93e2750d5679.html
4155,20260202__iran-fun.ir__2ff27cb1a56b.html
4156,20260202__iranamlen.mefa.ir__a83254e5483f.html
4157,20260202__iranbirdrecords.ir__11a3353f4795.html
4158,20260202__iranchembook.ir__2dd924d7fd92.html
4159,20260202__iranian-today.ir__eb514a3518c7.html
4160,20260202__iraniansocialworkers.ir__c4f4bfc6d8b9.html
4161,20260202__iranianspeechtherapyassociation.ir__2a34fc41121c.html
4162,20260202__iranitb.ir__db263dc806dc.html
4163,20260202__iranmode.farhang.gov.ir__8f9216cbb20d.html
4164,20260202__iranmusic.ir__a5dc86a34486.html
4165,20260202__iransepid.ir__8aaedab18a3c.html
4166,20260202__irantheater.ir__5e1e80160545.html
4167,20260202__iranvmag.ir__0aa85d734f59.html
4168,20260202__iranykhodro.ir__4e9affaa7548.html
4169,20260202__ircha.tums.ac.ir__469754fdd0fd.html
4170,20260202__irfly.ir__bf6852669b62.html
4171,20260202__irijf.ir__93a609d10c01.html
4172,20260202__irip.ac.ir__e294985d00f6.html
4173,20260202__irneda.ir__fa1d0ffa6458.html
4174,20260202__irta.ir__ed15a0078216.html
4175,20260202__isatis-gaming.ir__7db30808d4d3.html
4176,20260202__isba.ir__730628993f60.html
4177,20260202__isdle.ir__10af3fd4d143.html
4178,20260202__isem.ir__97cfd6dc27a4.html
4179,20260202__isi.org.ir__705f15872d9d.html
4180,20260202__isic.ir__0e3b92ed1864.html
4181,20260202__isunny.ir__374a781a1c71.html
4182,20260202__isuntrade.ir__2246b6c839c6.html
4183,20260202__itema.ir__8d530dd9e402.html
4184,20260202__itlib.ir__e47d83d41c88.html
4185,20260202__itoyur.ir__0bbf6afb0a1e.html
4186,20260202__iwf.ir__0d2052768267.html
4187,20260202__iwsa.ir__3eafd11a24b3.html
4188,20260202__iwushu.ir__093cbdaca9b1.html
4189,20260202__ixel.ir__1a1b5e75eff3.html
4190,20260202__jabedl.ir__ac4184c481d7.html
4191,20260202__jackblack.ir__25ce3f58ca71.html
4192,20260202__jahan-link.ir__491e9197074d.html
4193,20260202__jahantest1.ir__bd6d319ebe45.html
4194,20260202__jahssp.azaruniv.ac.ir__2da27632e153.html
4195,20260202__jak.uk.ac.ir__fc8c0fd83015.html
4196,20260202__jamapps.ir__b8fe13ca9d04.html
4197,20260202__jamehirani.ir__459c7b526877.html
4198,20260202__jamt.ir__480d40f892eb.html
4199,20260202__jamtech.ir__4a5dbf3ff710.html
4200,20260202__japu.gau.ac.ir__7f3c9bad544e.html
4201,20260202__jaree.scu.ac.ir__e6990c1fb905.html
4202,20260202__javanpeyk.ir__9cd2a1f7a5b2.html
4203,20260202__javansb.ir__0c18817debc1.html
4204,20260202__jazeere-sabz.ir__3add9f7fbe7f.html
4205,20260202__jdmt.mums.ac.ir__1ad98dfe7a57.html
4206,20260202__jept.ir__77e868a8575d.html
4207,20260202__jfak.journals.ikiu.ac.ir__50d351c457f7.html
4208,20260202__jgk.imamreza.ac.ir__ee602d274457.html
4209,20260202__jgm.birjand.ac.ir__ae2dd4d9a414.html
4210,20260202__jh-per.halal.ac.ir__faf0ccaaf221.html
4211,20260202__jhgr.ut.ac.ir__cc6f85af6765.html
4212,20260202__jhr.usb.ac.ir__fa197313a293.html
4213,20260202__jhrs.uma.ac.ir__39640d16fd54.html
4214,20260202__jhss.ut.ac.ir__d05673a00380.html
4215,20260202__jhwe.shahroodut.ac.ir__ad43388ed2df.html
4216,20260202__jicl.ir__107e81d0364b.html
4217,20260202__jicr.ir__fee9b1efccae.html
4218,20260202__jiring.ir__a996b3346e13.html
4219,20260202__jjo.ir__54f5d9e41522.html
4220,20260202__jlcr.ut.ac.ir__fc1045095781.html
4221,20260202__jlj.ir__2813a6709181.html
4222,20260202__jll.uk.ac.ir__6ad0077f9f37.html
4223,20260202__jlr.alzahra.ac.ir__f387ff5481b1.html
4224,20260202__jmrels.journals.ikiu.ac.ir__6ff334cfe6f1.html
4225,20260202__jne.ut.ac.ir__aff958efef8e.html
4226,20260202__jns.kashanu.ac.ir__ab55b377c8a4.html
4227,20260202__jnssm.uk.ac.ir__56c907157aba.html
4228,20260202__jometo.ir__329380beb046.html
4229,20260202__jorjanijournal.goums.ac.ir__c160643622dc.html
4230,20260202__journal.alzahra.ac.ir__0bc81f26728b.html
4231,20260202__journal.ispg.ir__3ae1b3e74ebd.html
4232,20260202__journals.gums.ac.ir__fc964d3200b3.html
4233,20260202__journals.miu.ac.ir__bcab1774ee41.html
4234,20260202__journals.msrt.ir__d2010fd92819.html
4235,20260202__journals.mums.ac.ir__05387e158141.html
4236,20260202__journals.sndu.ac.ir__bbd81e7e0391.html
4237,20260202__journals.tabrizu.ac.ir__2f3f62ef1987.html
4238,20260202__joyamusic.ir__23ec33b6f430.html
4239,20260202__jpen.ir__1ace2573964b.html
4240,20260202__jpl.ut.ac.ir__6d6d9c3f3b12.html
4241,20260202__jpll.khu.ac.ir__b4fae365082f.html
4242,20260202__jref.ir__4cc1d3bf73e9.html
4243,20260202__jshsp.rasht.iau.ir__c72cebef734e.html
4244,20260202__jssr.ui.ac.ir__c2fad15924aa.html
4245,20260202__jtae.ari.ac.ir__43e4b9631b86.html
4246,20260202__jufgnsm.ut.ac.ir__6a7155738ab3.html
4247,20260202__jurs.znu.ac.ir__b22e772be3aa.html
4248,20260202__jvcbm.ir__928ea2a1cb27.html
4249,20260202__jwr.uok.ac.ir__dba918f73d26.html
4250,20260202__kaaam.ir__d520ee5ec114.html
4251,20260202__kadolin.ir__99a86de92e46.html
4252,20260202__kalaspeed.ir__7ba38f4be2c7.html
4253,20260202__kar-khrazavi.ir__2937bbfa744a.html
4254,20260202__karevanhayeqadir.ir__64151060733b.html
4255,20260202__kashanonline.ir__8d2ea12c09e4.html
4256,20260202__kashmarsalam.ir__86a75ad6f224.html
4257,20260202__kermaneno.ir__ff463356c8ea.html
4258,20260202__khabaredagh.ir__2f27972bbd1e.html
4259,20260202__khabargardoon.ir__a457db6e5e4d.html
4260,20260202__khabarroozaneh.ir__2bce8f023054.html
4261,20260202__khaf-tavan.ir__afecb0e7016f.html
4262,20260202__khanehkoshti.ir__98a6e149a0b0.html
4263,20260202__khanik.ir__875b862f8d76.html
4264,20260202__khatam.ac.ir__05b93a387345.html
4265,20260202__khodshow.ir__afb837721a4c.html
4266,20260202__khorasan.isna.ir__88ceb0c16575.html
4267,20260202__khouzestan.isna.ir__011e136f4aa6.html
4268,20260202__kianpga.ir__a05b2a81e41b.html
4269,20260202__kitset.ir__7fc77775cc72.html
4270,20260202__kolahgiss.ir__fc575e76cb2c.html
4271,20260202__koronanews.ir__75e1f98b1650.html
4272,20260202__kwup.ir__42146e98874a.html
4273,20260202__l.ble.ir__65e642ec83f5.html
4274,20260202__laitec.ir__97ee578433a5.html
4275,20260202__languagestudy.ihcs.ac.ir__f4c1f2e7e5ec.html
4276,20260202__lcq.modares.ac.ir__fd891e72d733.html
4277,20260202__lebanon.mfa.gov.ir__ebada197698c.html
4278,20260202__lemonpack.ir__29730a56a92d.html
4279,20260202__lghor.alzahra.ac.ir__e82a90964f9c.html
4280,20260202__likebaroon.ir__6174dc0f139a.html
4281,20260202__limado.ir__7f558b520b4e.html
4282,20260202__looox.ir__4f4f60e878a9.html
4283,20260202__ludico.ir__61ea232c12cf.html
4284,20260202__ma.iaumajlesi.ac.ir__2ae394f757d7.html
4285,20260202__maadcomplex.ir__05b6d7ee9e4b.html
4286,20260202__mad-wood.ir__6ae7b529dd2e.html
4287,20260202__mafiri.ir__884592b1d5d1.html
4288,20260202__mag-land.ir__19a3ce7afb9e.html
4289,20260202__mahdisaeedi.ir__58eee2e40fdb.html
4290,20260202__malitor.ir__b68f2c2c81d9.html
4291,20260202__manaboom.ir__4cc11aa1660a.html
4292,20260202__managerial.ir__01e5ae221fb3.html
4293,20260202__manimas.ir__54bb91ae0891.html
4294,20260202__mantoaysen.ir__14d1b9aeea9f.html
4295,20260202__manzoom.ir__222139dd47f7.html
4296,20260202__maps.jamasp.ir__367607eebe09.html
4297,20260202__maragheh.ac.ir__2b764714c6ee.html
4298,20260202__maragheh.ir__b9cfe9d0fde6.html
4299,20260202__maraghehee.ir__fed18824dd6b.html
4300,20260202__mardomiha.ir__5618a35ddf62.html
4301,20260202__math.ipm.ir__fcac68c36221.html
4302,20260202__mathstat.um.ac.ir__04b8395f81c7.html
4303,20260202__mathysc.ir__509a07dc0468.html
4304,20260202__mazaheb.ac.ir__8f8d7048363d.html
4305,20260202__mazandaran.isna.ir__7d032ea18291.html
4306,20260202__mbmti.ir__08c9d10c0f0e.html
4307,20260202__mbrc.shirazu.ac.ir__ca4aaaf6ab47.html
4308,20260202__mdezign.ir__685ad1892f1c.html
4309,20260202__mechanical.kntu.ac.ir__ce5f59317fbf.html
4310,20260202__med.bpums.ac.ir__8a654167bfad.html
4311,20260202__media.alalam.ir__7e270ece0ed1.html
4312,20260202__mediana.ir__4de42aa53744.html
4313,20260202__mednet.ir__2d5e9bcac209.html
4314,20260202__mefda.ir__350c81ae2f54.html
4315,20260202__meidoun.ir__335cf5397bba.html
4316,20260202__melodicenter.ir__601717c8568a.html
4317,20260202__method.rihu.ac.ir__ef729bba3cb5.html
4318,20260202__meybodmorvarid.ir__bd25105b0ad7.html
4319,20260202__mifec.ir__5c783f368e5e.html
4320,20260202__mihanscript.ir__7de441ec1fe1.html
4321,20260202__milani-tire.ir__d8c9e9f14a48.html
4322,20260202__minatajhiz.co.ir__4ebf1e7aa690.html
4323,20260202__mindacademy.ir__63594f88dbfd.html
4324,20260202__mizenaft.ir__bb36f1bb43c5.html
4325,20260202__mmsi.ir__20759f16665f.html
4326,20260202__mntech.ir__bd6d41516e88.html
4327,20260202__moalefyar.ir__eb0dc52f5507.html
4328,20260202__mobahesat.ir__c9650957046d.html
4329,20260202__mobileeonline.ir__b1b486166deb.html
4330,20260202__mobinnirookhz.ir__ef8cf9d1e460.html
4331,20260202__mocatech.ir__dec74240d674.html
4332,20260202__modkadeh.royablog.ir__3f773c176648.html
4333,20260202__modlex.ir__ac91f6073582.html
4334,20260202__mofri1400.blog.ir__637bf027e3c7.html
4335,20260202__moghandarb.ir__ec809d308247.html
4336,20260202__mohammadianservice.ir__e552ea205fe5.html
4337,20260202__mohsen-justyeganeh.ir__c11197e452c6.html
4338,20260202__mokhberan.ir__5a4e4fc09a7c.html
4339,20260202__moldingco.ir__75722d77d818.html
4340,20260202__moniban.ir__3e727fab8b82.html
4341,20260202__moshakhasat.ir__f6d82d045287.html
4342,20260202__moshaveranetehran.ir__f1398eb724ca.html
4343,20260202__moshaversoal.ir__27fa4339c351.html
4344,20260202__mpnu.ir__8f5d7eaac8af.html
4345,20260202__mr-zanan.ir__f84ff82f59ec.html
4346,20260202__mrgamification.ir__9eeabc7ea9bb.html
4347,20260202__mrkoffice.ir__6724d5a4af9b.html
4348,20260202__msbmusic.ir__d1293c1f989b.html
4349,20260202__mtlj.usc.ac.ir__a9b8c8d25952.html
4350,20260202__musicepars.ir__fbdb42f5bd1e.html
4351,20260202__musicsbaran.ir__22db16a6f31c.html
4352,20260202__musicviral.ir__625ec10d08b8.html
4353,20260202__my.tci.ir__5aded252bc5a.html
4354,20260202__myanswers.ir__a51e21c71918.html
4355,20260202__mycredit.ir__a9833b7d7336.html
4356,20260202__myganjamusic.ir__7688d1d4bda7.html
4357,20260202__mytourguide.ir__54573713525f.html
4358,20260202__naftiha.ir__ccd4255a631f.html
4359,20260202__naghdnews.ir__2b8526db9ba3.html
4360,20260202__nahadiran.ir__a4db866554b7.html
4361,20260202__nahaltv.ir__1d2320a5951a.html
4362,20260202__namayesh-pub.ir__decfff0ca334.html
4363,20260202__nasimeeghtesad.ir__4b710a5623be.html
4364,20260202__nastinfo.nlai.ir__81ad75fb8acf.html
4365,20260202__navasan.ir__d9857c9e75a7.html
4366,20260202__nazaninrabani.ir__337d47aff626.html
4367,20260202__nazhvanpark.ir__baffbc2c307b.html
4368,20260202__nedatech.ir__ba9be88f34ff.html
4369,20260202__news.livedata.ir__21a7691bde4e.html
4370,20260202__news.police.ir__5a6b171a0369.html
4371,20260202__news.razavi.ir__a01473df6473.html
4372,20260202__news.ut.ac.ir__b9cf1649361f.html
4373,20260202__newsit.ir__399d4980fd0b.html
4374,20260202__newspaper.inn.ir__2303cf65a3d4.html
4375,20260202__newsstars.ir__9903b4a0ee98.html
4376,20260202__nezaja.aja.ir__bf8d54f82d89.html
4377,20260202__nic.shahed.ac.ir__5b286def1bfa.html
4378,20260202__nihr.tums.ac.ir__d7c0b7ec4218.html
4379,20260202__niimnegah.ir__8373c7d09e50.html
4380,20260202__nisconf.ir__42e0b6361d31.html
4381,20260202__nisoc.ir__a759d2ededbf.html
4382,20260202__nitromusic.ir__7062c7bb6178.html
4383,20260202__noac.ir__3b98574a09fc.html
4384,20260202__noaradecor.ir__700f24c3462e.html
4385,20260202__nobident.ir__f84f91f037e7.html
4386,20260202__nod32-pass.ir__99cd3c6b5f82.html
4387,20260202__nofan.ir__a6e0e701e3cc.html
4388,20260202__noktechi.ir__fbb68b60122e.html
4389,20260202__noosh-teb.ir__33485aab4a53.html
4390,20260202__noostalgic.ir__95a3088107b9.html
4391,20260202__nopaidea.ir__b25061587fd3.html
4392,20260202__novindpfile.ir__64184ec2f206.html
4393,20260202__npps.ir__e7503155c37f.html
4394,20260202__nsft.sbmu.ac.ir__d0640a1265f7.html
4395,20260202__nums.ac.ir__507419b58f3a.html
4396,20260202__offerdaily.ir__c1558b58e4fe.html
4397,20260202__ofoghsoftwaregroup.ir__fbe46134a624.html
4398,20260202__omrani.tehran.ir__3e56c1c6aeec.html
4399,20260202__opark.ir__36607d11d6f1.html
4400,20260202__optioncar.ir__ce5afceb8357.html
4401,20260202__oshnavieh-ag.ir__da15112dc5e6.html
4402,20260202__ostan-ar.ir__dc01f1cafd2a.html
4403,20260202__ostan-khz.ir__af615f6d5f15.html
4404,20260202__ostan-ks.ir__48573d3ac243.html
4405,20260202__p30mororgar.ir__72753dfae9e4.html
4406,20260202__packaging.ihu.ac.ir__c233bf2cd7ec.html
4407,20260202__padidefb.ir__815f0725c8aa.html
4408,20260202__pajoohande.sbmu.ac.ir__982bb6963bf2.html
4409,20260202__pajoohe.ir__2766b005cc67.html
4410,20260202__pap.blog.ir__7509eca37447.html
4411,20260202__parseh.modares.ac.ir__f8fcc21b7cdf.html
4412,20260202__parsi-kala.ir__c36dd11dd198.html
4413,20260202__parsinsta.ir__043ca76732a0.html
4414,20260202__partosokhan.ir__da0e6de47dc8.html
4415,20260202__pasmand.tehran.ir__41058b575dc7.html
4416,20260202__patoghbaz.ir__0a06f08c8c70.html
4417,20260202__payabolt.ir__d73ab8a5f569.html
4418,20260202__pbiosci.ut.ac.ir__ef46619e78ac.html
4419,20260202__pdf.co.ir__f358f2b188c9.html
4420,20260202__pedec.ir__4128bfbe701d.html
4421,20260202__persian-computing.ir__6f7eab2c0909.html
4422,20260202__persicaforum.ir__82881f38ebe9.html
4423,20260202__pezeshkin.ir__2823b7b2441c.html
4424,20260202__pezeshkonline.ir__4c71b722259b.html
4425,20260202__pgpic.ir__03ae54276b76.html
4426,20260202__phc.mui.ac.ir__8927544da449.html
4427,20260202__phdk.ir__186926465c51.html
4428,20260202__phoneunlockers.ir__a8e7f131d225.html
4429,20260202__phypha.ir__143c34057ce3.html
4430,20260202__piranshahr-ag.ir__28bffc815cbf.html
4431,20260202__plusing.ir__f74ac7bb5e21.html
4432,20260202__pmcm.ir__6767b5792e9f.html
4433,20260202__pmem.ir__dc5a59879e2a.html
4434,20260202__polymerispadana.ir__4b531b29f816.html
4435,20260202__ponemusic.ir__9f716b9414a3.html
4436,20260202__pooyadanesh.ir__dff614dbb796.html
4437,20260202__porojeamadematlab.ir__6033e739357c.html
4438,20260202__portal.anhar.ir__230191e12db2.html
4439,20260202__portal.nums.ac.ir__c650e62e434e.html
4440,20260202__postyafteh.post.ir__ddec11497314.html
4441,20260202__pouyanshop.ir__dc0435fd5967.html
4442,20260202__pr.kntu.ac.ir__2764b69ba95a.html
4443,20260202__pretoria.mfa.ir__061409d4827c.html
4444,20260202__printercard.ir__f78631779909.html
4445,20260202__probity.ir__b6114d9b1863.html
4446,20260202__projeamar.blog.ir__401ff409ef2e.html
4447,20260202__pulbank.ir__d4a54d9411db.html
4448,20260202__purson.ir__666a31547949.html
4449,20260202__pwcag.ir__0746b897b9c4.html
4450,20260202__qarneno.ir__3b70f77a85d5.html
4451,20260202__qjfep.ir__cb7cfe67af2e.html
4452,20260202__qjsd.atu.ac.ir__f866838f44d6.html
4453,20260202__qr.mojavez.ir__fd3b29b0a6b1.html
4454,20260202__quito.mfa.ir__907213793c1a.html
4455,20260202__quran.anhar.ir__613491cfdabb.html
4456,20260202__qurantv.ir__fa2db35bcbf9.html
4457,20260202__raahcast.ir__b5252dff0ccb.html
4458,20260202__rabex.ir__5b65d3ff846e.html
4459,20260202__rabox.ir__9230d94a0956.html
4460,20260202__radjosh.ir__c17287203eb5.html
4461,20260202__radlin.blog.ir__1cd28dc5204c.html
4462,20260202__rah-ahan.ir__da705ff61b61.html
4463,20260202__rahva.ir__87bef3477387.html
4464,20260202__rall.ui.ac.ir__f7b74455d305.html
4465,20260202__rapidcharge.ir__74fba1a1f265.html
4466,20260202__rasademaragha.ir__2f160d6262c8.html
4467,20260202__rasamlaw.ir__45cab444879a.html
4468,20260202__rashteroyaiee.ir__b2028d1d5f9d.html
4469,20260202__ravan-web.ir__523ce575c11c.html
4470,20260202__ravcast.ir__becded7bfc07.html
4471,20260202__rayananews.ir__be79b0072d43.html
4472,20260202__rbtn.ir__a8b2dad87e56.html
4473,20260202__rcssita.ir__2853f019f89d.html
4474,20260202__reg.enamad.ir__781b578250bc.html
4475,20260202__region20.tehran.ir__89882ce7c6c0.html
4476,20260202__richt.ir__326d5a4f8a9b.html
4477,20260202__rohabmusic.ir__c59c8ac71408.html
4478,20260202__rojarent.ir__1e651d28a97b.html
4479,20260202__romaniran.ir__0a657f81bce3.html
4480,20260202__romaran.ir__b3fa49292ee6.html
4481,20260202__ronasproduct.ir__b88f3feb5f84.html
4482,20260202__roya-sazan.ir__07a3b4073df1.html
4483,20260202__rpc.tehran.ir__b996adf50f8d.html
4484,20260202__rssmag.ir__56badf7c668a.html
4485,20260202__rsummarize.ir__a60fab80f223.html
4486,20260202__rt-sky.ir__00da7d5089b4.html
4487,20260202__russian.khamenei.ir__00a1374c9ad8.html
4488,20260202__s-amini.ir__0176ae84258f.html
4489,20260202__s30p.ir__402ae346f749.html
4490,20260202__s9.uupload.ir__9842fa4f1df1.html
4491,20260202__saadatedu.ir__0ad2f8b8226f.html
4492,20260202__sabahdairy.ir__e2cf31f75255.html
4493,20260202__sabaseke.ir__6309206a647a.html
4494,20260202__sachob.ir__4e870a095bf2.html
4495,20260202__sadadpsp.ir__4146a903ccbe.html
4496,20260202__sadafwood.ir__b4f809c9683a.html
4497,20260202__safaronline.ir__c342e32ac602.html
4498,20260202__salamatikhabari.ir__33c5f39cdb40.html
4499,20260202__salamatweb.ir__14436fd56cd1.html
4500,20260202__samasharj.ir__08f6ab867ad2.html
4501,20260202__samfaa.ir__83f87dea1ee9.html
4502,20260202__sana.nlai.ir__ae1d5d06383c.html
4503,20260202__sanamshop.ir__97d347bbaba3.html
4504,20260202__sanatsabzsj.ut.ac.ir__ba2af308abfe.html
4505,20260202__sangelaj.theater.ir__3b467856503b.html
4506,20260202__sanjeshmoshaveran.ir__e0ba2322686f.html
4507,20260202__sarasari.khorasanonlin.ir__07e3e0160dba.html
4508,20260202__sarebanekavir.ir__37171eda8830.html
4509,20260202__satersaze.ir__83e0c2b2be97.html
4510,20260202__sbooki.ir__bbdaffd3182f.html
4511,20260202__scale-co.ir__9dc809234b89.html
4512,20260202__scwmri.ac.ir__bb4a78709289.html
4513,20260202__seacenter.ir__b070bf884dfe.html
4514,20260202__searoad.ir__a7e58db53f3e.html
4515,20260202__sedayemoallem.ir__f0759c2d0dd5.html
4516,20260202__segap.ir__4e5637c976a2.html
4517,20260202__sejam.ir__1adf6a900729.html
4518,20260202__semnani.iut.ac.ir__b87fc252ce16.html
4519,20260202__seo-pbn.ir__24f654f73608.html
4520,20260202__seraj24.ir__a69bfb5f2141.html
4521,20260202__service-epson.ir__9181e990f138.html
4522,20260202__sh-gharb.ir__9e91d1aedb0b.html
4523,20260202__shafaonline.ir__16517eeabc8f.html
4524,20260202__shahinpress.ir__29a952bb84c6.html
4525,20260202__shahrakmarket.ir__ddd67df9145f.html
4526,20260202__shahrdaddd.ir__53716836b3bf.html
4527,20260202__shahrdari-doroud.ir__64b39a1d1950.html
4528,20260202__shamstoos.ir__b6a6e83de8cc.html
4529,20260202__shandizasansor.ir__7661fff1aed7.html
4530,20260202__sharjeston.ir__f67a87a1e301.html
4531,20260202__shefayekhatam.ir__f165db34b6db.html
4532,20260202__shekoo.ir__3f5b9c837f33.html
4533,20260202__shelep.ir__7729d81c7a10.html
4534,20260202__shiaarts.ir__5695aabebecb.html
4535,20260202__shiayan.ir__f08d783e7923.html
4536,20260202__shoacast.ir__8e99c45c059a.html
4537,20260202__shomaha.ir__0f9700b253b6.html
4538,20260202__shop.mci.ir__0c35fe558f54.html
4539,20260202__shora.tehran.ir__cca7ff4f78dc.html
4540,20260202__shoraha.org.ir__4bb7663651b1.html
4541,20260202__shortfilmfest.ir__33570ae140fd.html
4542,20260202__shprint.ir__6ef8f0dc8251.html
4543,20260202__shrr.ir__da172d24273c.html
4544,20260202__signcompany.ir__9663e1dc4bfe.html
4545,20260202__signwebdesign.ir__49bfac11a72f.html
4546,20260202__silamusic.ir__b8fc7964a377.html
4547,20260202__simap.atu.ac.ir__b3f400e09911.html
4548,20260202__sirjantech.ac.ir__3058039f96aa.html
4549,20260202__slicer.ir__5677f85f9d96.html
4550,20260202__sma.atu.ac.ir__d8383871facf.html
4551,20260202__smart-team.ir__443103ff83b1.html
4552,20260202__smarthome-co.ir__5dab332c4e9a.html
4553,20260202__sms7000.ir__a5c3775c2893.html
4554,20260202__sndu.ac.ir__675954faf5cf.html
4555,20260202__snejatzadegan.ir__221687eb3918.html
4556,20260202__sobhezagros.ir__4a045b8c50b7.html
4557,20260202__soccerwave.ir__6fd3a92a29fc.html
4558,20260202__soshians.ir__6e316d03f442.html
4559,20260202__sosqazvin.ir__a4a5d5ef59c4.html
4560,20260202__sparkle.sirmerdas.ir__47e87dd7fb7e.html
4561,20260202__spre.stb.iau.ir__c6b1e2f9d14d.html
4562,20260202__sslazio.ir__9d2d3d65c8f8.html
4563,20260202__sso.my.gov.ir__a26fa758f13f.html
4564,20260202__sspp.iranjournals.ir__65d47997e3eb.html
4565,20260202__startupforum.ir__b4b81a05a278.html
4566,20260202__steelfood.ir__c08a13453afa.html
4567,20260202__sticker1.ir__0e56d2c2e8b0.html
4568,20260202__stockholm.mfa.gov.ir__998747d0d5b3.html
4569,20260202__stpl.ristip.sharif.ir__ae6185fa5d61.html
4570,20260202__surveying-co.ir__73481546f376.html
4571,20260202__sysislamicartjournal.ir__cd1267e43bc1.html
4572,20260202__tabnakardebil.ir__305e623ebee9.html
4573,20260202__tabnakesfahan.ir__b517addd822f.html
4574,20260202__tabnakkhozestan.ir__f495e545e24f.html
4575,20260202__tabnakkohkiluye.ir__66a32b706c94.html
4576,20260202__tabnakrazavi.ir__d4c2047ea5e2.html
4577,20260202__tabnaksistanbaluchestan.ir__9200b88ea686.html
4578,20260202__tabrizca.ir__ac51d64a4485.html
4579,20260202__tabrizengine.ir__cd50461c86da.html
4580,20260202__tabrizno.ir__d17939d29711.html
4581,20260202__tabrizscan.ir__2412d1811cb4.html
4582,20260202__tafahoseshohada.ir__1be247ff7b41.html
4583,20260202__tafrih98.ir__40bebbfd018b.html
4584,20260202__taghazaei.ir__20164c7f4b79.html
4585,20260202__tahaghafuri.ir__7ee64971ea51.html
4586,20260202__tajervenizi.ir__4ee45ec377a1.html
4587,20260202__takian.ir__21c625c9585c.html
4588,20260202__talash-fanar.ir__b68e281920fa.html
4589,20260202__tamashaonline.ir__f30d02e83250.html
4590,20260202__tanhaeman.ir__c2e53ddb877d.html
4591,20260202__tarane18.blog.ir__298b3c5b8de0.html
4592,20260202__tarezvan.ir__7f1e118bd95e.html
4593,20260202__targetedblog.ir__699e57fd75b3.html
4594,20260202__tavoosbt.ir__64a249134047.html
4595,20260202__tceo.ir__d12f507b62b4.html
4596,20260202__teb.police.ir__4d3a91b3ea26.html
4597,20260202__tec.mporg.ir__0b5f4713b6f9.html
4598,20260202__technoguard.ir__b099156a5e85.html
4599,20260202__technotice.ir__d4d846d075c9.html
4600,20260202__tehran.farhang.gov.ir__259d87fd8fd4.html
4601,20260202__tehranmoble.ir__e78d02ced9e4.html
4602,20260202__teknikenovin.ir__3ebd0432b0d4.html
4603,20260202__tellshowdo.ir__81104abe98d3.html
4604,20260202__tennisia.ir__c25286d38d78.html
4605,20260202__thesisaccounting.ir__d5928f4f27d1.html
4606,20260202__thmporg.ir__3f6d2f2fa649.html
4607,20260202__tilno.ir__1089725fd609.html
4608,20260202__titionline.ir__ccfdcaa4b751.html
4609,20260202__titr-avval.ir__fa1cf52bdc25.html
4610,20260202__titre1.ir__74d3a8a70c94.html
4611,20260202__titronline.ir__2da56a81df9a.html
4612,20260202__tlj.usc.ac.ir__1dfc529a1bce.html
4613,20260202__tlug.ir__4bab891245b3.html
4614,20260202__toloukermanshah.ir__129a35194f41.html
4615,20260202__tooska-choob-2020.ir__5ecc70e5e8d6.html
4616,20260202__toptojihi.ir__4b2b82f923db.html
4617,20260202__touristo.ir__5c0e741d20a0.html
4618,20260202__tptcycling.ir__0fa3f09754f8.html
4619,20260202__tpww.ir__dbc1c2aea577.html
4620,20260202__trafficcontrol.tehran.ir__6e9a4b50011b.html
4621,20260202__travelcounselor.ir__f76a527c5f56.html
4622,20260202__treatment.sbmu.ac.ir__d86d317194f3.html
4623,20260202__treetta.limoblog.ir__3046e77a5634.html
4624,20260202__trj.uok.ac.ir__5303f0b5c5ba.html
4625,20260202__trustech.ir__acc6bafa5119.html
4626,20260202__tsfc.ir__7ec43ea8a330.html
4627,20260202__tt-ej.ir__4b82604b0290.html
4628,20260202__ttckish.ir__d19446198fee.html
4629,20260202__tumspress.tums.ac.ir__adaec857036e.html
4630,20260202__turkmenili.ir__b9604286ca96.html
4631,20260202__tv5.ir__122809c10f27.html
4632,20260202__tv7.ir__5294a2820106.html
4633,20260202__tvnasim.ir__2719853e8301.html
4634,20260202__tvshoptv.ir__cc19b8d90a4a.html
4635,20260202__twbourse.ir__8bc7a0b0f4d0.html
4636,20260202__uapps.ir__cc4497d2c8b2.html
4637,20260202__uca.ac.ir__bbb1bdbfee09.html
4638,20260202__ujsas.ac.ir__2c62e96f3338.html
4639,20260202__upcity.ir__f3958d3b1d1c.html
4640,20260202__uptrack.ir__f9d9a98b3094.html
4641,20260202__ur.irna.ir__861406c572c5.html
4642,20260202__usc.ac.ir__313e8c150cb6.html
4643,20260202__usd.tehran.ir__dd4bedb479c3.html
4644,20260202__ustmb.ac.ir__6a9aed694db7.html
4645,20260202__utdlib.ut.ac.ir__42449bd72fa3.html
4646,20260202__vacum-target.ir__99326c5d0e4f.html
4647,20260202__vakawi.ir__25f349474153.html
4648,20260202__vakilbarttar.ir__83efbce48a83.html
4649,20260202__vappolymer.ir__55f3e9ab1544.html
4650,20260202__vazifeh.ir__1251b83a4a2b.html
4651,20260202__vcbr.uk.ac.ir__49aaf0fe52af.html
4652,20260202__vct.iums.ac.ir__7a0eceac446b.html
4653,20260202__vetbooks.ir__628f00ce328d.html
4654,20260202__vetmed.ut.ac.ir__4e1cdd6ef1f8.html
4655,20260202__vido.ir__0d6aeadd3045.html
4656,20260202__viennaun.mfa.gov.ir__8d8aaebe087d.html
4657,20260202__villasys.ir__9cc8d935ef34.html
4658,20260202__vistaapp.ir__06ae2841d8ea.html
4659,20260202__vnsmag.ir__b354b31b2464.html
4660,20260202__w3test.ir__b2f036e3ea72.html
4661,20260202__waldenblog.ir__669ab7555f64.html
4662,20260202__wallpaperswide.ir__070100d7b601.html
4663,20260202__watan.ir__cd23695577b7.html
4664,20260202__wbar.ir__192b9ccd41ba.html
4665,20260202__web.rubika.ir__d04a50f20996.html
4666,20260202__webanswer.ir__358185bf2b54.html
4667,20260202__webcando.ir__48e078774ecc.html
4668,20260202__webonyan.ir__05d7184968b2.html
4669,20260202__winstock.ir__eb594214a9df.html
4670,20260202__wnhb.mcth.ir__4d6d13d55b09.html
4671,20260202__yanarsoo.ir__9ebf0b241323.html
4672,20260202__yazd.airport.ir__faf985b1fcf7.html
4673,20260202__yazdnava.ir__d368b5e30e7f.html
4674,20260202__zabanstation.ir__d5d6afb84c6c.html
4675,20260202__zahedancity.ir__3ef0a732ac13.html
4676,20260202__zalosalam.ir__37e552aad1ef.html
4677,20260202__zanjan.pnu.ac.ir__b9dd6837cd69.html
4678,20260202__zbmu.ac.ir__a04cccfeb25f.html
4679,20260202__zhall.ir__d579d3e6816c.html
4680,20260202__ziaossalehin.ir__20b4af1c70b3.html
4681,20260202__zify.ir__e544467a3528.html
4682,20260202__zuken.ir__f21a4f9f8ead.html
4683,20260203__10cec.ir__45fde63c6a06.html
4684,20260203__22bahman.ir__ffe00b4e7616.html
4685,20260203__24nevis.ir__4027cb453d94.html
4686,20260203__30tandroid.ir__bf3ce5f891f3.html
4687,20260203__7namehkhoy.ir__b8ad81767d0a.html
4688,20260203__98patoghi.ir__226cf7ffbcff.html
4689,20260203__aaj.semnan.ac.ir__6412c34e16c3.html
4690,20260203__aazam9.ir__311fb153b294.html
4691,20260203__abanpress.ir__b4aebcbf0e57.html
4692,20260203__abarkouhiau.ac.ir__56cd4c066ead.html
4693,20260203__abook.ir__66f626695634.html
4694,20260203__about-translation.ir__6e3d886b546f.html
4695,20260203__aboutmore.ir__b567c69a0cae.html
4696,20260203__abru.ac.ir__9b7575b0f46e.html
4697,20260203__absarnews.ir__896a35398333.html
4698,20260203__acut.ir__cf09c5733a6c.html
4699,20260203__adabefarsi.ir__9c025b845805.html
4700,20260203__adabiyat.um.ac.ir__1678bb55e098.html
4701,20260203__adabiyatemoteahed.ir__dcdb660f3043.html
4702,20260203__adrh.ir__f6a39909d624.html
4703,20260203__adskg.ir__12c733a48420.html
4704,20260203__afathi.ir__f38b7cc539a6.html
4705,20260203__afsaranefarhang.ir__d8fffa6d8b1d.html
4706,20260203__agbiotech.ir__cc6e68ba5b92.html
4707,20260203__agrilib.areeo.ac.ir__f66a2fa57e63.html
4708,20260203__aharvesal.ir__2dd0bf95d7c5.html
4709,20260203__ahvaz.iau.ir__779107969dcc.html
4710,20260203__akma.ir__e15da12f6c9f.html
4711,20260203__aksegash.ir__1e7f1459f2f1.html
4712,20260203__albatrosgroup.ir__566622cdf08f.html
4713,20260203__alborzinvest.ir__53aa11914b9f.html
4714,20260203__aliarm.ir__8a8e2a91d948.html
4715,20260203__alifr.ir__7f13c8d4abe0.html
4716,20260203__aliparsaa.ir__746b65e301b4.html
4717,20260203__alsafir.ir__cba189b79aae.html
4718,20260203__alvand-ads.ir__b5d5e25a7c80.html
4719,20260203__amarm.ir__2f2d39c96c40.html
4720,20260203__amir-shopp.ir__4c5022fdd431.html
4721,20260203__amiralam.tums.ac.ir__bc71abd05a03.html
4722,20260203__amlaktaban.ir__04af262fb562.html
4723,20260203__ammi.ir__8864cf039488.html
4724,20260203__amohebali.ir__2d5fa40896af.html
4725,20260203__andishehcity.ir__f6b801385ab6.html
4726,20260203__andisheyeamari.irstat.ir__688e4f3cfe9f.html
4727,20260203__anjom.ir__5c662b281785.html
4728,20260203__anjomanesaba.ir__0b06d9bd45c0.html
4729,20260203__anjomanfarsi.ir__acf672bcf166.html
4730,20260203__aoapedia.ir__c8acfdd86715.html
4731,20260203__api2.zoomit.ir__0b5ed98e108a.html
4732,20260203__app.appleapps.ir__984081a5899b.html
4733,20260203__appsray.ir__775e1133df83.html
4734,20260203__aquaresorts.ir__cd1c1d25ae95.html
4735,20260203__arad-volleyball.ir__2531920818ab.html
4736,20260203__aradcover.ir__576f51dd7e88.html
4737,20260203__aramamini.ir__71c7be8d3d76.html
4738,20260203__arasshopcenter.ir__75c545b25703.html
4739,20260203__araztourism.ir__4ee52211e2d8.html
4740,20260203__arbaeen.ir__e511446763d6.html
4741,20260203__archcontest.ir__41db6490a0b6.html
4742,20260203__ardabil.iqna.ir__200654ea5f0d.html
4743,20260203__ardakan.ac.ir__14ab4e0b12d9.html
4744,20260203__ardakan.ir__660c3171c188.html
4745,20260203__aria.honar.ac.ir__df8f03f19fd9.html
4746,20260203__aris.atu.ac.ir__b51e82d96d47.html
4747,20260203__arkavaz.ir__10c2eb2ebfb1.html
4748,20260203__arktourism.ir__dce5062a3144.html
4749,20260203__armanekerman.ir__0c07a752abae.html
4750,20260203__arsalanse.ir__1e62ad3fb809.html
4751,20260203__arvandpvc.ir__dd55552aeb50.html
4752,20260203__asak-file.ir__fa4474f1ccb6.html
4753,20260203__asalbeheshti.ir__bcadb151a67c.html
4754,20260203__asanbaran.ir__85830c2a3696.html
4755,20260203__asaums.ac.ir__8a91ac7e6f9b.html
4756,20260203__asemanfars.ir__6a7c50592c8e.html
4757,20260203__ashrafirashedi.ir__37fa0125f292.html
4758,20260203__asianculture-artstudies.ihcs.ac.ir__c8886c716c0e.html
4759,20260203__asnow.ir__4e804659c16d.html
4760,20260203__asrehamedan.ir__23bd60aa58b5.html
4761,20260203__asrekazeroon.ir__ae25d5ae0374.html
4762,20260203__asrobotb.ir__3c37ea914d98.html
4763,20260203__astaan.ir__88faed8db044.html
4764,20260203__atlasbaroque.ir__46d17ce43d2c.html
4765,20260203__atna.atu.ac.ir__ef2acfed713c.html
4766,20260203__atnasr.ir__fbfb408e2638.html
4767,20260203__atrakdaily.ir__81f6378e198d.html
4768,20260203__atsizeducation.ir__65db18be05d1.html
4769,20260203__autobar-mehr.ir__2f0dc2093a9a.html
4770,20260203__ava-code.ir__dea40a051e57.html
4771,20260203__ava-phone.ir__e9e78afc632b.html
4772,20260203__avangard.ir__ee7567b3181a.html
4773,20260203__avarom.ir__315cb3bad46a.html
4774,20260203__avayebushehr.ir__9d52b29f0a14.html
4775,20260203__avizhehsaz.ir__08201393ce1d.html
4776,20260203__ayenejam.ir__bbf95a1744c3.html
4777,20260203__ayoubsys.ir__97045d9989f1.html
4778,20260203__azarsh.farhang.gov.ir__900e7f62f000.html
4779,20260203__azarwater.ir__290e5ec9756a.html
4780,20260203__azerses.ir__1696a42654ec.html
4781,20260203__azsharghi.mporg.ir__c29ebc8ea672.html
4782,20260203__azver.ir__1f80b44ffab1.html
4783,20260203__ba118.ir__15b5432a17d9.html
4784,20260203__babystart.ir__bceb19a688d5.html
4785,20260203__baggilady.ir__bb6ef9361865.html
4786,20260203__baghestan.ir__15ab76249fba.html
4787,20260203__bajestan.ir__db2be40948c9.html
4788,20260203__bamboblog.ir__52d603b5f9ed.html
4789,20260203__bammall.ir__0e2a6fd7e1bd.html
4790,20260203__banker.ir__c53cc0d1c3a1.html
4791,20260203__bardaskan.ir__28e7470b2bc0.html
4792,20260203__bargozidehweb.ir__0e4dbdf9245a.html
4793,20260203__bastak.ir__2f67b514fbb5.html
4794,20260203__bazaracademy.ir__d89ff40088bd.html
4795,20260203__bazare-amlak.ir__fd49306eaae1.html
4796,20260203__bazarionline.ir__9f3eba5bcd9b.html
4797,20260203__bazrpash.ir__522eec467db1.html
4798,20260203__beheshtiyan.ir__ffe53bd00c6d.html
4799,20260203__behtarin-vacum.ir__c32cabeea361.html
4800,20260203__betatarh.ir__bad6dae73d7f.html
4801,20260203__betonmachine.ir__b78ad19bdfe9.html
4802,20260203__bgrows.ir__515114dd78a8.html
4803,20260203__bijar.ir__6291971eb2f1.html
4804,20260203__binanews.ir__839b127aea8f.html
4805,20260203__biofa.ir__01757391ed6d.html
4806,20260203__biwatch.ir__9884f6c12470.html
4807,20260203__blogocial.ir__92bc603cc482.html
4808,20260203__bofi.ir__e1f7733b50aa.html
4809,20260203__bonyadroudaki.ir__b68e45645d47.html
4810,20260203__bookan-ag.ir__81f4e76f9e6b.html
4811,20260203__boreshha.ir__28ceab6ef522.html
4812,20260203__botmusic.ir__276b45b915c5.html
4813,20260203__bpita.doe.ir__e0a8b9e07390.html
4814,20260203__bus.tehran.ir__03227a3607ba.html
4815,20260203__buxnet.ir__e1617f886faf.html
4816,20260203__bzte.ac.ir__900c145a735a.html
4817,20260203__c82.ir__36266926d10d.html
4818,20260203__cadastre.ssaa.ir__4db8a4d23f7f.html
4819,20260203__canoepolo.ir__0f607d335742.html
4820,20260203__careonline.ir__f53680476a4e.html
4821,20260203__caucas.cgie.org.ir__dd6d5b0119b7.html
4822,20260203__cbs.ui.ac.ir__d1631828de1c.html
4823,20260203__ccr.gu.ac.ir__5f2190484e69.html
4824,20260203__ceat.ut.ac.ir__6c64c16f7356.html
4825,20260203__ceciranj.ir__08ba1d0e0e87.html
4826,20260203__cell.ijbio.ir__ef5da8ac909e.html
4827,20260203__celltech.ir__5d121fd6d7e3.html
4828,20260203__centlib.iums.ac.ir__4f378b1fab8e.html
4829,20260203__cgmaster.ir__42fa1f36abe9.html
4830,20260203__ch-fariman.mums.ac.ir__fc5a37d096ee.html
4831,20260203__chahkor.ir__36bc2b3d769f.html
4832,20260203__chahkowr.ir__2cbab91cec85.html
4833,20260203__chamran.ir__d8377342df83.html
4834,20260203__charoymagh.ir__863e3f2d97ae.html
4835,20260203__chashmak.ir__93300f33b4d4.html
4836,20260203__chbchess.ir__1a3d01887fb6.html
4837,20260203__chehrehaa.ir__2201154082ad.html
4838,20260203__chem.semnan.ac.ir__3a4717366868.html
4839,20260203__chemithesis.ir__4b2b69a6a221.html
4840,20260203__chenaran-market.ir__44e3767c9f02.html
4841,20260203__cheshmehsalamat.ir__e4fe8c44f3c0.html
4842,20260203__chessboard.ir__012a334aca37.html
4843,20260203__chikachoob.ir__1df70176abc0.html
4844,20260203__choghadaknews.ir__5af106fc3031.html
4845,20260203__chrs.richt.ir__065768b71d86.html
4846,20260203__cisum.ir__1ffb82825720.html
4847,20260203__citythesis.ir__c24b0de2ec16.html
4848,20260203__civilthesis.ir__b5d4a96a09cd.html
4849,20260203__classicallit.ihcs.ac.ir__c74a0bc26133.html
4850,20260203__clima.irimo.ir__8e0d3e2daf65.html
4851,20260203__clinictabriz.ir__8a4b4f85c98d.html
4852,20260203__cloudonlinenic.ir__80aa249b1f8d.html
4853,20260203__college.tapsell.ir__3e077c787272.html
4854,20260203__comp.ui.ac.ir__f6d0ca53fcd2.html
4855,20260203__computeralmahdi.ir__33a619dd3ea5.html
4856,20260203__conference.iramot.ir__91a21b51bcfc.html
4857,20260203__conquestblog.ir__657ced24c73e.html
4858,20260203__cr.guilan.ac.ir__1295a398621f.html
4859,20260203__cristianoronaldo-7.ir__7906acd97cd6.html
4860,20260203__criticalstudy.ihcs.ac.ir__ba08d60a5f68.html
4861,20260203__cs8.ir__a4ea9fbc7299.html
4862,20260203__csa.mui.ac.ir__69bf96d84059.html
4863,20260203__ctb.iau.ir__f7510f0c05d0.html
4864,20260203__ctc.tums.ac.ir__b6955c2ea55f.html
4865,20260203__cultural.ut.ac.ir__79b8612cdc81.html
4866,20260203__d-lib.atu.ac.ir__520e8b04dd6b.html
4867,20260203__daewoogilan-shop.ir__e5571482493a.html
4868,20260203__dahkedownload.ir__7c220bb67eca.html
4869,20260203__dailex.ir__f4ad01621091.html
4870,20260203__dailyfootball.ir__ab1c566c17c4.html
4871,20260203__dailysuite.ir__57db853be0a8.html
4872,20260203__daneshgu.ir__a7ea28e44866.html
4873,20260203__daneshpajoohan.ac.ir__124ea39d78d1.html
4874,20260203__danyar.ir__346fe7c232bf.html
4875,20260203__darab-ads.ir__ba2851932d1e.html
4876,20260203__darkoob.co.ir__9b19895091ff.html
4877,20260203__datacentertabriz.ir__02e933351070.html
4878,20260203__davaran.ir__272ba3a9e289.html
4879,20260203__ddj.hums.ac.ir__ff87f2f6bb39.html
4880,20260203__degar.ir__eab2b890a779.html
4881,20260203__del3da.ir__81bee13a9d11.html
4882,20260203__dentiiran.ir__37a80c700777.html
4883,20260203__deyseo.ir__d541e01d5975.html
4884,20260203__dezfulnama.ir__7f5310bc1a9c.html
4885,20260203__distinctiveblog.ir__bf0b426bf596.html
4886,20260203__dmdehghani.ir__10517455e6a8.html
4887,20260203__dmsonnat.ir__0770b96711b2.html
4888,20260203__donyaban.ir__2c89e6d0da23.html
4889,20260203__dooghabad.ir__35b9f030427b.html
4890,20260203__doostdaranesiahkal.ir__56a79e9b35d2.html
4891,20260203__doredanesh.ir__b14a08407591.html
4892,20260203__dorri.ir__538d64863c87.html
4893,20260203__download10.ir__f3fb0a3f9077.html
4894,20260203__downloadpluse.ir__6b462c950400.html
4895,20260203__dramco.ir__df688958575f.html
4896,20260203__drhesabisch.ir__1cb7dd3d5c94.html
4897,20260203__drlm.ir__860ae78ae8f2.html
4898,20260203__drmoodi.ir__fdc74ae2d27a.html
4899,20260203__drmotamednejad.ir__e6c2735e2e41.html
4900,20260203__drrasool-hosaini.ir__5a9a407ee6ce.html
4901,20260203__dtonline.ir__a5ceccdba06f.html
4902,20260203__e-aras.ir__ec5ad7333893.html
4903,20260203__eanjoman.ir__112eb96130bb.html
4904,20260203__earas.ir__697872b8a810.html
4905,20260203__easygeorgia.ir__a22ac162a336.html
4906,20260203__ecf.roshd.ir__511238a2c133.html
4907,20260203__echelonblog.ir__a2f90e5aef1e.html
4908,20260203__economyfile.ir__d7e5bd9a0c64.html
4909,20260203__edu.ui.ac.ir__799b0d5a92a4.html
4910,20260203__efarda.ir__2d2ba02612c0.html
4911,20260203__eghbalieh.ir__98e74b5f5f5b.html
4912,20260203__eghtesad.iict.ac.ir__36d20fe004e3.html
4913,20260203__eghtesad100.ir__bef64c4b2936.html
4914,20260203__eghtesadboominews.ir__141f452fbdf3.html
4915,20260203__eghtesadkerman.ir__4682e193bfd9.html
4916,20260203__ehsa30.ir__1ae0c0255bc0.html
4917,20260203__ekram.emdad.ir__5800bdbcb034.html
4918,20260203__elameharighearjmand.ir__1892c39b9141.html
4919,20260203__elearning.mums.ac.ir__ef2a6de5cd2c.html
4920,20260203__elschool.ir__e696f1861e07.html
4921,20260203__emamreza.mums.ac.ir__606148f9ce0a.html
4922,20260203__emamsadegh.ir__390e16fec639.html
4923,20260203__en.iraniansocialworkers.ir__0ebc2f7476e7.html
4924,20260203__english.semnan.ac.ir__ddc410a6bf24.html
4925,20260203__english4all.ir__60100865a394.html
4926,20260203__erathesis.ir__b138c9314cd5.html
4927,20260203__esc.ut.ac.ir__c1e1b54d42a3.html
4928,20260203__eshloon.ir__3c0b6303b75d.html
4929,20260203__eta90.ir__2b912c089a4d.html
4930,20260203__etolidnoor.ir__12aec561c37e.html
4931,20260203__etratona.ir__ccebe9aa8340.html
4932,20260203__eyc.ac.ir__0ce52cb42bd1.html
4933,20260203__fa.iwpco.ir__ca020e4e758b.html
4934,20260203__fa.neyshabur.ac.ir__3794d4c209ad.html
4935,20260203__fa.wikinoor.ir__ffd7ec80e084.html
4936,20260203__fanavarimag.ir__6d61cafcc68d.html
4937,20260203__far30tak.ir__6e2956ef29d0.html
4938,20260203__faraghat-kh.ir__46059e5cf3d2.html
4939,20260203__farang.ir__a5017c92dd25.html
4940,20260203__faraparde.ir__f8f0ddcf2391.html
4941,20260203__faratabriz.ir__cfd906c4e9fe.html
4942,20260203__farhangi.um.ac.ir__eb009427a38a.html
4943,20260203__fars.iqna.ir__7922004ea3dc.html
4944,20260203__fars.iribnews.ir__d43196971ef6.html
4945,20260203__farsi-download.ir__3433a6add527.html
4946,20260203__farsidept.um.ac.ir__41b969ef2e46.html
4947,20260203__farzandan3.ir__d881ffd83efd.html
4948,20260203__fasau.ac.ir__e9389536009f.html
4949,20260203__fcp.uok.ac.ir__bae51207bfbb.html
4950,20260203__fgn.ui.ac.ir__e21e559062df.html
4951,20260203__filmrain.ir__72e030819e04.html
4952,20260203__firas.ir__20d7aaa13e59.html
4953,20260203__flp.um.ac.ir__71d6dfb50c30.html
4954,20260203__forads.ir__5311388ac4da.html
4955,20260203__foroughevahdat.mazaheb.ac.ir__02da4b54b3a5.html
4956,20260203__forum.banianbehboodi.ir__6f421d0bfb52.html
4957,20260203__forum.zibatan.ir__637621a3f6fb.html
4958,20260203__foxtarh.ir__0605cda3421b.html
4959,20260203__free-links.ir__62efffd97c3c.html
4960,20260203__ftis.ut.ac.ir__504b811911b6.html
4961,20260203__fun30t.ir__bda9f266715b.html
4962,20260203__fun4all.ir__e102dc9c557b.html
4963,20260203__gaharseir.ir__3a792438af3c.html
4964,20260203__gaij.usb.ac.ir__65f6b08caacd.html
4965,20260203__game123.ir__110a4feccedf.html
4966,20260203__gandommusic.ir__070c3ac99e45.html
4967,20260203__garminstore.ir__1a4541ca2f04.html
4968,20260203__geg.ir__4d3ada2a9013.html
4969,20260203__genetics.uswr.ac.ir__496af301f02e.html
4970,20260203__geo.ui.ac.ir__043cfc5b00d8.html
4971,20260203__gerash.farsp.ir__a91c5d4d2496.html
4972,20260203__ghatrehebaran.ir__88b38f1ddc5b.html
4973,20260203__ghazvin.farhang.gov.ir__a4c43b1060be.html
4974,20260203__ghotur.ir__60207d21e16f.html
4975,20260203__gilanmobleh.ir__fccecb842ce4.html
4976,20260203__gilmet.ir__659e21ccecaf.html
4977,20260203__giltime.ir__5f4cf30b3c95.html
4978,20260203__givgym.ir__e4712d3f5cca.html
4979,20260203__globalchat.ir__5d2f4bb34fe7.html
4980,20260203__gloriacenter.ir__6573cbb0fdf2.html
4981,20260203__gokal.ir__d9aa111c62ad.html
4982,20260203__golbargdownlload.ir__34cdca154070.html
4983,20260203__golemanoto.ir__294248ad6db1.html
4984,20260203__golseir110.ir__3e9df68d9fcd.html
4985,20260203__gonabad.ac.ir__757ecc524c60.html
4986,20260203__gorgani.ir__703e56cfce6b.html
4987,20260203__gozareshekhabar.ir__1f2d155cfe3a.html
4988,20260203__grand.ir__53783ff89d39.html
4989,20260203__graphicworld.ir__51e1b2c64fb5.html
4990,20260203__h-ghasemkhani.ir__0e9ed7d859ca.html
4991,20260203__haddadadel.ir__2bb1c2552c27.html
4992,20260203__haftehayeman.ir__0e0b0d836b3a.html
4993,20260203__hajibabaei.ir__4d0f0653df43.html
4994,20260203__hamedan.iqna.ir__4e36bf31ed2a.html
4995,20260203__hamedan.isna.ir__3e6069a44431.html
4996,20260203__hamoont.ir__959097601430.html
4997,20260203__hapcoir.ir__0db146f94f26.html
4998,20260203__hashtagco.ir__c4818b0736e7.html
4999,20260203__haz.ir__2966b25671e2.html
5000,20260203__hazarak.ir__ee4f8675a324.html
5001,20260203__healtharticles.ir__2dec641f7835.html
5002,20260203__healthcarecenter.ir__2a5cf215fe3b.html
5003,20260203__hebelexardakan.ir__45db82232922.html
5004,20260203__hedayatmizan.ir__be3c372e78d8.html
5005,20260203__hemayat.mcls.gov.ir__64f8978c460e.html
5006,20260203__herman-agency.ir__55b324675ea0.html
5007,20260203__hfrjournal.ir__5e7b49f9743f.html
5008,20260203__hi-mobile.ir__918db3b09f23.html
5009,20260203__hirubsungharchak.ir__41150a0c66be.html
5010,20260203__his.ut.ac.ir__e28e24551cea.html
5011,20260203__hisunco.ir__f418256c511d.html
5012,20260203__hiuniforum.ir__cf77426553f0.html
5013,20260203__hkeshavarz.profile.semnan.ac.ir__23529bb8e16d.html
5014,20260203__holoo.co.ir__946c8fa925eb.html
5015,20260203__hompa.ir__32656e16382c.html
5016,20260203__honardorcheh.ir__d935c1ea105a.html
5017,20260203__honarmandonline.ir__05da2b3456f5.html
5018,20260203__honda-pakeshti.ir__98019f1f7b58.html
5019,20260203__honykhoy.ir__c1b44a4dfe68.html
5020,20260203__hoosk.ir__d164c449b1e6.html
5021,20260203__hostturk.ir__91ebfeea2d76.html
5022,20260203__hpnp.ir__29f6a20084a5.html
5023,20260203__humanities.cfu.ac.ir__09f724b14ed4.html
5024,20260203__humanrights.mofidu.ac.ir__b78000b51f17.html
5025,20260203__hyperaras.ir__90ac25f79d95.html
5026,20260203__hypertabriz.ir__e397dbb4e468.html
5027,20260203__iaall.iranjournals.ir__28a0fd313d80.html
5028,20260203__iaas.ir__cddbd0427386.html
5029,20260203__iap.ir__e86e0a77f824.html
5030,20260203__iau-neyshabur.ac.ir__3280d71f4aac.html
5031,20260203__iaurafsanjan.ac.ir__06e89e726c00.html
5032,20260203__iceia2015.ir__ebde0529d21a.html
5033,20260203__ichis.ir__975c01ca3c55.html
5034,20260203__ici.ir__813f37628115.html
5035,20260203__idefylelmi.ir__6b6e54177593.html
5036,20260203__ifmee.ir__e8438122f50a.html
5037,20260203__ifsri.ir__97168bb563bb.html
5038,20260203__ig114.ir__023083ea535d.html
5039,20260203__iha.ir__5fa2514ea11f.html
5040,20260203__ijar.ut.ac.ir__353c8604cc14.html
5041,20260203__ijbio.ir__940290bdffb8.html
5042,20260203__ijpp.ir__4e401a4574bc.html
5043,20260203__ilamph.ir__21b2f52ae5d1.html
5044,20260203__iltayco.ir__15257e002d10.html
5045,20260203__ime.org.ir__26df72dc5217.html
5046,20260203__imenhazrati.ir__d2af922c9bb1.html
5047,20260203__imprintblog.ir__558836c1a0d4.html
5048,20260203__inter2net.ir__1b9f9004f2c8.html
5049,20260203__iqc13.ir__7523b3b00f64.html
5050,20260203__iran-atca.ir__7a392965db32.html
5051,20260203__iran-night.ir__f50cf711f172.html
5052,20260203__iran4charkh.ir__98fd79eda96b.html
5053,20260203__irancook.ir__05e17c0a9ca9.html
5054,20260203__iranganje.ir__9fb795bcecc4.html
5055,20260203__irangeomorphology.ir__6a591cc6687f.html
5056,20260203__iranhoshdar.ir__82ab309caedf.html
5057,20260203__iraniaz.ir__81a299dddb80.html
5058,20260203__iranishenasi.ir__1ff17339382e.html
5059,20260203__irankhabar.ir__8d68b9300448.html
5060,20260203__iranology.ir__fc6c4fef4360.html
5061,20260203__iranprisons.ir__408843f898ce.html
5062,20260203__iransys.ir__d9f8609b3aa9.html
5063,20260203__irantpm.ir__7b2c5b825838.html
5064,20260203__iranturkmenleri.ir__b311601965b7.html
5065,20260203__irasin.ir__59a532390012.html
5066,20260203__irc.ac.ir__1eaa01b5f19c.html
5067,20260203__irc.fda.gov.ir__8ce5fe595c6e.html
5068,20260203__irca.uswr.ac.ir__7fb95bc30f00.html
5069,20260203__iri.dte.ir__e3dd546b990b.html
5070,20260203__irihf.ir__ac306e2981d4.html
5071,20260203__irmandegar.ir__8b785cf8c2c0.html
5072,20260203__irmarket24.ir__0a14be9899fe.html
5073,20260203__irota.ir__f7c17c46e3ac.html
5074,20260203__isapa.org.ir__4c44cbd01281.html
5075,20260203__isee.ui.ac.ir__e66a420ca224.html
5076,20260203__isfahan.iau.ir__a329eae8b745.html
5077,20260203__isfahan.iqna.ir__5ad7520dde12.html
5078,20260203__isfahancycling.ir__bb5720257ff1.html
5079,20260203__iskdesign.ir__83c7e06797f8.html
5080,20260203__isop.ir__b11028b07c7a.html
5081,20260203__ispet.ir__e3e0c7b65fbb.html
5082,20260203__istanbul1.ir__a9b75fce6271.html
5083,20260203__itlovers.ir__1b50c7ea550d.html
5084,20260203__itsairanj.ir__42213629a243.html
5085,20260203__jadoyebavar.ir__8bfd981d118f.html
5086,20260203__jahatpress.ir__a1803200c752.html
5087,20260203__jamcity.ir__09b282b9bfdb.html
5088,20260203__janjalynews.ir__422efcab0743.html
5089,20260203__javm.iribu.ac.ir__b38dfdfb1b4e.html
5090,20260203__jbiaban.ut.ac.ir__12fa0ca1dc92.html
5091,20260203__jccl.razi.ac.ir__a394ea3657be.html
5092,20260203__jcr.shirazu.ac.ir__c29f6a43c0f1.html
5093,20260203__jf.isca.ac.ir__19f4cceb6166.html
5094,20260203__jfisheries.ut.ac.ir__b65cb66828c1.html
5095,20260203__jiac.ir__7b8aae66efe2.html
5096,20260203__jiitm.ir__1f82140fa38f.html
5097,20260203__jiraeg.ir__69a91f52c084.html
5098,20260203__jjfil.ut.ac.ir__def5bc4f0e76.html
5099,20260203__jlkd.um.ac.ir__ddd7d4e85408.html
5100,20260203__jllr.usb.ac.ir__9a6ff8e98f29.html
5101,20260203__jls.uok.ac.ir__ab29739ceda1.html
5102,20260203__jmu.ac.ir__8b56c04d390b.html
5103,20260203__jo0k.ir__1bfa04335e28.html
5104,20260203__jolfanet.ir__f682cba88226.html
5105,20260203__jolr.ut.ac.ir__70340d56b4d8.html
5106,20260203__jop.ut.ac.ir__84eda4e2de78.html
5107,20260203__journal.hydropower.org.ir__fd89e334b7e9.html
5108,20260203__journal.pte.ac.ir__4d5f493d3ba9.html
5109,20260203__journals.guilan.ac.ir__a66db0b2b9e9.html
5110,20260203__journals.ui.ac.ir__10a0ef631714.html
5111,20260203__jpht.ut.ac.ir__7bf0e6f19cd4.html
5112,20260203__jpll.ui.ac.ir__ed7815fd4bb7.html
5113,20260203__jpmm.marvdasht.iau.ir__a15d326563f3.html
5114,20260203__jpsh.ir__87a9434e113b.html
5115,20260203__jsfc.ir__368860b228cf.html
5116,20260203__jstandardization.ir__2f2178407c40.html
5117,20260203__jut.ut.ac.ir__f8b22de896cc.html
5118,20260203__jwsq.ut.ac.ir__761046d9fe7e.html
5119,20260203__jwss.ir__4f99bce35df9.html
5120,20260203__kahrizsangcity.ir__3d9c502b06b9.html
5121,20260203__karafarin-insurance.ir__49157714bbb9.html
5122,20260203__kardoon.ir__71b172ba1a52.html
5123,20260203__karkado.ir__6eb16d27dd6c.html
5124,20260203__karkevand.ir__477d6548145f.html
5125,20260203__karunair.ir__625993a803db.html
5126,20260203__karyabifahim.ir__f31513edf9a7.html
5127,20260203__kayhanvarzeshi.ir__2c8f83671bf9.html
5128,20260203__kazerunsfu.ac.ir__146283315f0c.html
5129,20260203__kconf.ir__906759f27fd7.html
5130,20260203__kenya.mfa.gov.ir__1f5d7f44547d.html
5131,20260203__kepdc.co.ir__b6e15f5564c7.html
5132,20260203__kerman.iribnews.ir__fccd33726abe.html
5133,20260203__kerman.kr.ir__40b79361633c.html
5134,20260203__kermanshah.airport.ir__75e618165ee8.html
5135,20260203__kermanshah.doe.ir__9e7782472b8b.html
5136,20260203__kerna.ir__e390da8e2ccb.html
5137,20260203__ketabejamkaran.ir__bef6cd9730c5.html
5138,20260203__kfmisagh.ir__cdf6f6c1fc91.html
5139,20260203__khaneye-sabz.ir__1e5377ecbed1.html
5140,20260203__khccsc.ir__1e482b567dc0.html
5141,20260203__khoozna.ir__c409ce8431ac.html
5142,20260203__khoyhony.ir__d9bd9a979c54.html
5143,20260203__khoyweb.ir__93a0877551c2.html
5144,20260203__khrazavi.mporg.ir__92b1c9b19cf7.html
5145,20260203__khuzestankhabar.ir__528d9972e6b3.html
5146,20260203__khz.farhang.gov.ir__da00d3b39b57.html
5147,20260203__kiancaviar.ir__363b14872bfd.html
5148,20260203__kimiarank.ir__de374033dd67.html
5149,20260203__kiofood.ir__132ca8635bf0.html
5150,20260203__kj.sbu.ac.ir__2b5c02ec6458.html
5151,20260203__kms.bou.ac.ir__e88af6c30e04.html
5152,20260203__kohnaninews.ir__50dac42e7fa3.html
5153,20260203__konarsandal.ir__4b5ec79cbe1c.html
5154,20260203__koodakpress.ir__2585e352da56.html
5155,20260203__kooshaa.ir__05b09382a4c9.html
5156,20260203__kosar.ac.ir__f83849f87409.html
5157,20260203__ks-co.ir__dcc5983efd78.html
5158,20260203__kub.ac.ir__05f6399d1030.html
5159,20260203__ladnarticley.ir__f1a0921c0e8d.html
5160,20260203__lah.sbu.ac.ir__835701cbd36d.html
5161,20260203__lampshadi.ir__d5f3bacca48a.html
5162,20260203__landa-sme.ir__ed37eed3aacf.html
5163,20260203__languagedl.ir__6aa3dd985f3e.html
5164,20260203__lapri.sbu.ac.ir__0531952d31d9.html
5165,20260203__lar.ac.ir__34f111cb488f.html
5166,20260203__lavdan.ir__ca7a652f07cf.html
5167,20260203__law.tabrizu.ac.ir__4096808f5e3d.html
5168,20260203__lengehport.pmo.ir__7bbc24b57356.html
5169,20260203__liar.ui.ac.ir__dfcdd53fa43c.html
5170,20260203__lib.modares.ac.ir__0a5f4ed07604.html
5171,20260203__lib.sbu.ac.ir__0ab96840b26c.html
5172,20260203__lib.scu.ac.ir__00ad07e87330.html
5173,20260203__lib.ui.ac.ir__d16dce5a68ca.html
5174,20260203__library.aui.ac.ir__46fd81d258aa.html
5175,20260203__library.sbu.ac.ir__972da25209ca.html
5176,20260203__lifevent.ir__733ae1cf09b4.html
5177,20260203__linka.ir__4aee5e3d24c4.html
5178,20260203__lorestan.doe.ir__b04274cafca0.html
5179,20260203__lsi-linguistics.ihcs.ac.ir__2433f72827d8.html
5180,20260203__lsi.ir__08d524d687ea.html
5181,20260203__luxesoft.ir__f4ab13856bb3.html
5182,20260203__luxuryweek.ir__2a4f8c58e6a9.html
5183,20260203__m-mobini.ir__a8a2ea22d5d2.html
5184,20260203__m1.tabriz.ir__6e2080e7eb84.html
5185,20260203__m10.tabriz.ir__1422c9f0cc45.html
5186,20260203__m3.tabriz.ir__5734e26a59b3.html
5187,20260203__m5.tabriz.ir__86bfa5b3437e.html
5188,20260203__m6.tabriz.ir__52ffa4f66862.html
5189,20260203__m7.tabriz.ir__8ae6865845c1.html
5190,20260203__m8.tabriz.ir__42abc709e28f.html
5191,20260203__m9.tabriz.ir__85797076c1ea.html
5192,20260203__maarefeaqli.nashriyat.ir__7fdefe207cf2.html
5193,20260203__madaresonline.ir__76e75b9bc0b7.html
5194,20260203__madraseonline.ir__9422bce2f53c.html
5195,20260203__magazine4you.ir__c377a7115176.html
5196,20260203__maghalateisi.ir__5f632ea32ff1.html
5197,20260203__magicfile.ir__51c11e124cbf.html
5198,20260203__mahaksadrlab.ir__c2e992dd718d.html
5199,20260203__mahannet.ir__c642eae7eaf0.html
5200,20260203__mahdi.jafari.siavoshani.ir__fe9c61f20af8.html
5201,20260203__mahdidevotees.ir__3073f75d39cc.html
5202,20260203__mahmoodabad.ir__004da1ac8a6d.html
5203,20260203__majalekhanevade.ir__1a9cf5ee4c20.html
5204,20260203__majidshakeri.ir__a4683ba9d3d0.html
5205,20260203__makhtootat.ir__409aef876aaa.html
5206,20260203__malavan.ir__c4944906f59e.html
5207,20260203__maleysiatour.ir__cdb55f9ba23b.html
5208,20260203__mamanha3.ir__3008a7a1005f.html
5209,20260203__mamuniehcity.ir__3d2333b9c067.html
5210,20260203__manablock.ir__607a8a35b543.html
5211,20260203__managerfile.ir__8d7c2d5866fe.html
5212,20260203__manosport.ir__3afc18482250.html
5213,20260203__manp.ir__d3a9ccb2f516.html
5214,20260203__mapscale.ir__8200d6eaa3c4.html
5215,20260203__marifat.nashriyat.ir__785de795cf0d.html
5216,20260203__markazi.bmn.ir__c119be8e4444.html
5217,20260203__markazi.isna.ir__d6f96bb330fe.html
5218,20260203__market-aras.ir__b3eef79b75f3.html
5219,20260203__marketnikta.ir__af1c44c9e2c8.html
5220,20260203__masaleh0-100.ir__8d51886b39e6.html
5221,20260203__maskanqom.ir__6566cdff59b0.html
5222,20260203__mathpub.ir__81ae3cd1acb7.html
5223,20260203__matn.honar.ac.ir__c45b964e4422.html
5224,20260203__mazaheb.urd.ac.ir__9e8b07b63ffe.html
5225,20260203__mazandaran.iqna.ir__a04d21d89dc7.html
5226,20260203__mazhabbook.ir__fd0c8accd059.html
5227,20260203__med.iau.ir__b08c7ce94b8d.html
5228,20260203__mediastudy.ihcs.ac.ir__963d1e748b3b.html
5229,20260203__medical.mums.ac.ir__aaf1002a2b51.html
5230,20260203__medodarman.ir__fefcb3840f70.html
5231,20260203__mehranplastic.ir__b4f9bd6c7617.html
5232,20260203__memaesculapacademy.ir__1d77087cb8e4.html
5233,20260203__mesbahrc.ir__509856a68fc9.html
5234,20260203__meybod.ac.ir__af28e13ec8c6.html
5235,20260203__mihang.ir__54a3961ad083.html
5236,20260203__mihanstoreshop.ir__b2f4f7ccd00f.html
5237,20260203__miladlabs.ir__393feb85ae03.html
5238,20260203__miralishahidi.ir__42281b0bb8ac.html
5239,20260203__mirdamad.ac.ir__aaa6f4fc49e9.html
5240,20260203__mirror.arvancloud.ir__dc1aced653c3.html
5241,20260203__mishkat.islamic-rf.ir__c9c9bc01c2a2.html
5242,20260203__mivnet.ir__b9a5d6f37a7b.html
5243,20260203__miyaneh.ir__3b3d7ba02ec1.html
5244,20260203__mizan-law.ir__13d3a212f00e.html
5245,20260203__mjavadgol.ir__3923fff03abb.html
5246,20260203__mjh.ir__fc5d81646e51.html
5247,20260203__mobinmedia.ir__a6cc7ddcd465.html
5248,20260203__moderntecknic.ir__b055d4372571.html
5249,20260203__modiransystems.ir__8442c389d72d.html
5250,20260203__mohamadsoufi.ir__1c147dd19703.html
5251,20260203__moheban128.ir__eede1302b2b9.html
5252,20260203__mohebid.blog.ir__d8554746c198.html
5253,20260203__mojen.ir__605c5d56611d.html
5254,20260203__monadi.isc.org.ir__c374b3875aec.html
5255,20260203__monaghesatiran.ir__ca4d33e29425.html
5256,20260203__moqawama.ir__4840f75bd369.html
5257,20260203__motarjemjournal.ir__02684913fa56.html
5258,20260203__moveshop.ir__fe9f47397e59.html
5259,20260203__mpo-zn.ir__f6cf12d8c5f6.html
5260,20260203__mr-mohandes.ir__cd013573a50d.html
5261,20260203__msa.ir__c892db115995.html
5262,20260203__msfars.ir__304336dd14f8.html
5263,20260203__mtif.ir__9fc707eb3369.html
5264,20260203__mtrc.mums.ac.ir__9f81c29297db.html
5265,20260203__mubonit.ir__e7d5b2c6457f.html
5266,20260203__muhammadfilmfestival.ir__336be2dab089.html
5267,20260203__mumbai.mfa.gov.ir__244ee69163de.html
5268,20260203__music.iranseda.ir__baf25c397e87.html
5269,20260203__mvcportal.ir__57e691f66522.html
5270,20260203__my-channels.ir__06675b96f7fb.html
5271,20260203__mycustomer.ir__9602c99d8e26.html
5272,20260203__mymoble.ir__313e9fa0268d.html
5273,20260203__naeen.mui.ac.ir__eaf5ff5bb1cd.html
5274,20260203__nafis-co.ir__5a9dacfa32a1.html
5275,20260203__naghshmasti.ir__7bc9efd785c2.html
5276,20260203__naragh.ir__5612e5a2c4f7.html
5277,20260203__nasherbook.ir__c0472a5759fe.html
5278,20260203__nashr.majles.ir__67ff481d5e91.html
5279,20260203__nasimeqaen.ir__f870bc4f2fcb.html
5280,20260203__nasir-wood.ir__98499ab1e991.html
5281,20260203__nativeiran.ir__a5fe74759b26.html
5282,20260203__natural.doe.ir__5015e97bed74.html
5283,20260203__naubahar.ir__c5366abda1cb.html
5284,20260203__nbo.ir__0fd2c18245c1.html
5285,20260203__ncema.ir__51ace4258798.html
5286,20260203__ncii.ir__ee70afbd5a1f.html
5287,20260203__nedayostan.ir__699dde689e3b.html
5288,20260203__negarestan.ut.ac.ir__eafce8e3e912.html
5289,20260203__nehzat.ir__84d63ae616a3.html
5290,20260203__neka.ir__f52359b81653.html
5291,20260203__neskaenergy.ir__9dabe495b566.html
5292,20260203__news.arvancloud.ir__45011a1a18fe.html
5293,20260203__news.esra.ir__9618b4d81234.html
5294,20260203__news.msy.gov.ir__0963c0c38884.html
5295,20260203__news.um.ac.ir__c8baac3f4551.html
5296,20260203__news.znu.ac.ir__44a248098559.html
5297,20260203__newsabe.ir__0fd36151e74c.html
5298,20260203__nex1matlab.ir__5788d43ced68.html
5299,20260203__neyshabur.ac.ir__d29d29e9a9b4.html
5300,20260203__nezamat.ir__e1d74416b4c5.html
5301,20260203__nh.doe.ir__84a80221fe2f.html
5302,20260203__niazsara.monoblog.ir__9cbee3b11408.html
5303,20260203__nibs.ir__8d869747eb75.html
5304,20260203__nigc-fars.ir__7f1a1f8fcc74.html
5305,20260203__nimaadvertise.ir__13b64786a314.html
5306,20260203__nkstp.ir__023d4380e321.html
5307,20260203__nmrj.ui.ac.ir__710a5bc7db0a.html
5308,20260203__nobel2020.ir__83fa83d8fb2a.html
5309,20260203__nomaratonline.ir__cd07d3051b20.html
5310,20260203__nomrehonline.ir__6b2e7d1eb8a9.html
5311,20260203__nooreravand.ir__2f8ed684e939.html
5312,20260203__novinlaserclinic.ir__0e2707157135.html
5313,20260203__novinshaarj.ir__1cab713b0768.html
5314,20260203__novinyaban.ir__9a53e7142be8.html
5315,20260203__npwjm.ajaums.ac.ir__86d7f850bffa.html
5316,20260203__nrgs.ui.ac.ir__455d6d22b3ff.html
5317,20260203__ohwm.ir__2008d9c97867.html
5318,20260203__oilindustry.ir__e47de1c509af.html
5319,20260203__omranrco.tehran.ir__0f9f4a0fee7d.html
5320,20260203__oneaa.ir__93597c7f170f.html
5321,20260203__onlinik.ir__ba8f81acbedf.html
5322,20260203__oration.ir__62c03a329e20.html
5323,20260203__otobarnet.ir__b576850eecdb.html
5324,20260203__owjnews.ir__ac066803751e.html
5325,20260203__oxime.ir__c011e3366f04.html
5326,20260203__pajohesh.nashriyat.ir__0cb40a0ccd45.html
5327,20260203__pajooheshnameh.itsr.ir__d360ce5b1277.html
5328,20260203__parandstudio.ir__06dd04b483a6.html
5329,20260203__pardisrah.ir__dc099bbbbc81.html
5330,20260203__parks.tabriz.ir__502db94633bc.html
5331,20260203__parmisseed.ir__c56c091770b1.html
5332,20260203__parscamp.ir__e80f1ba57d5f.html
5333,20260203__parsiandej.ir__205fd5dda9f2.html
5334,20260203__parstourism.ir__28f3dcb89744.html
5335,20260203__pay4sell.ir__3e93aa441654.html
5336,20260203__payamekhoor.ir__7ec32cdd2485.html
5337,20260203__payannamedl.ir__4524f9cfe07f.html
5338,20260203__pcci.ir__ec99cf78f46e.html
5339,20260203__pcmis.ir__9ea6c17d9f54.html
5340,20260203__pdf.lib.eshia.ir__d24fea3811f8.html
5341,20260203__persianok.ir__813004839e13.html
5342,20260203__persicabar.ir__c080050d8296.html
5343,20260203__petroleum-eng.ir__87c9dffd08bd.html
5344,20260203__philosophy.ihcs.ac.ir__838d7d1dae92.html
5345,20260203__pir.shahreza.iau.ir__e0359de0cdf0.html
5346,20260203__pishgamanedu.ir__21d045232b45.html
5347,20260203__plant.ijbio.ir__2f8ca874aa26.html
5348,20260203__pnrc.uswr.ac.ir__7ae23251812a.html
5349,20260203__pokes.ir__b3a169f4c9e4.html
5350,20260203__polkanhaml.ir__48a7c0473597.html
5351,20260203__porsesh.mfa.ir__372038ddf8bb.html
5352,20260203__portal-zn.ir__05c34f631840.html
5353,20260203__portal.arakmu.ac.ir__5cfb89414798.html
5354,20260203__portal.scu.ac.ir__0433ab87d2fe.html
5355,20260203__pounezar.ir__6974fcbd4be3.html
5356,20260203__pourzarandian.ir__66c7e04ff879.html
5357,20260203__priw.ir__9b340faf8d0f.html
5358,20260203__prog.msrt.ir__930f50e177da.html
5359,20260203__projectstatistics.blog.ir__beaabbb31983.html
5360,20260203__prophic.ir__198d2eceb8dc.html
5361,20260203__psychology.riqh.ac.ir__fd9a5b996b46.html
5362,20260203__pt30.ir__641b781c595c.html
5363,20260203__publicrelations.tums.ac.ir__8872c4b750bc.html
5364,20260203__qazvin.iribnews.ir__ee0f74648a8e.html
5365,20260203__qom.iqna.ir__1aa91eaea24a.html
5366,20260203__qomikala.ir__5e1fb7b8a35b.html
5367,20260203__qoooqle.ir__a9ab9652ae57.html
5368,20260203__quran.azaruniv.ac.ir__29f1d4a80636.html
5369,20260203__quran.isca.ac.ir__7cc48537e38e.html
5370,20260203__qut.ac.ir__c0a7d292078e.html
5371,20260203__qzrw.ir__d57e9f275749.html
5372,20260203__raadchoob.ir__e3b895b5642b.html
5373,20260203__raastan.ir__40f5e59f9a9c.html
5374,20260203__rafeeds.ir__f34bd87a2b48.html
5375,20260203__rasalinux.ir__fd92e4292d5a.html
5376,20260203__rastannews.ir__823e876b687e.html
5377,20260203__rayanpejvak.ir__08bd19cdc787.html
5378,20260203__raycostore.ir__3cd67958b9bd.html
5379,20260203__raycotec.ir__6ace585ff94d.html
5380,20260203__rayct.ir__de80a4a28bbe.html
5381,20260203__raysoft.ir__4dfebf5e18d8.html
5382,20260203__raytc.ir__752022ff1ec5.html
5383,20260203__rbt-pishvaz.ir__0da3842bbdce.html
5384,20260203__rcedh.uswr.ac.ir__65bb4e87059b.html
5385,20260203__redcircle.ir__cb50cacf66b4.html
5386,20260203__refquiz.ir__893ffa31f19d.html
5387,20260203__region1.tehran.ir__0fb4f1b6681a.html
5388,20260203__region10.tehran.ir__ed193c7de04e.html
5389,20260203__region13.tehran.ir__e1c488fe609d.html
5390,20260203__region18.tehran.ir__81632b8e6cb5.html
5391,20260203__region2.tehran.ir__d52b839416f2.html
5392,20260203__region22.tehran.ir__c0b98b875b78.html
5393,20260203__rehab.iums.ac.ir__a5a8f5d2c254.html
5394,20260203__rehab.sbmu.ac.ir__b1c86fb4094e.html
5395,20260203__research.basu.ac.ir__0ac1dbadbba2.html
5396,20260203__research.pgu.ac.ir__3335955959d4.html
5397,20260203__reyhaneco.ir__7497dd482ee1.html
5398,20260203__rezaebadolahi.ir__a7b3c8c15a61.html
5399,20260203__rezvanflower.ir__dbb76b8e8d86.html
5400,20260203__rgb.ir__7adfbea3c377.html
5401,20260203__riasaba.ir__571e601963b7.html
5402,20260203__riemp.ut.ac.ir__ab422fbb8d11.html
5403,20260203__rjls.journals.umz.ac.ir__0e271df07ae2.html
5404,20260203__roce.isfahan.iau.ir__1c5a2e8de3fe.html
5405,20260203__rofeideh.uswr.ac.ir__170a68b3c6b4.html
5406,20260203__roobar.ir__8cbbc4b48e5a.html
5407,20260203__roostatish.ir__32db38aec41c.html
5408,20260203__rosetowel.ir__890be75ef294.html
5409,20260203__roshd.balagh.ir__8a04465dcba3.html
5410,20260203__rouydad360.ir__c13ce120b337.html
5411,20260203__royalbacklink.ir__e11e8d2bccf6.html
5412,20260203__royan.ir__59e1bf5f2dd2.html
5413,20260203__rsct.ir__c3f03ba8dcb2.html
5414,20260203__rsg24.ir__0d7acb6a86e2.html
5415,20260203__russwood.ir__dd400da4fdcd.html
5416,20260203__rvsri.ac.ir__ef64ba0de7c2.html
5417,20260203__s-erfani.kashanu.ac.ir__0693d0681373.html
5418,20260203__saadpub.ir__f7969357adf9.html
5419,20260203__sabir.ir__8a2504651af1.html
5420,20260203__sabkezendeg.ir__51f58ae2c3cb.html
5421,20260203__sabtorotbe.ir__84130fdb6e88.html
5422,20260203__sadaf-officecenter.ir__610969724a4d.html
5423,20260203__sadra.ac.ir__30fb2776360e.html
5424,20260203__sadrc.uswr.ac.ir__76d27b8843e7.html
5425,20260203__saeedsun.ir__53d3d13f5b27.html
5426,20260203__safadasht.ir__39641b8ca316.html
5427,20260203__safariran.ir__05b156d6a8d8.html
5428,20260203__salas.ir__30a6c43e2614.html
5429,20260203__salehiyeh.ir__8af479aedd05.html
5430,20260203__salehmedia.ir__59937b330c6e.html
5431,20260203__salmasbazari.ir__ebbf798e8581.html
5432,20260203__samanpl.ir__0f04e2ffebda.html
5433,20260203__sanad.um.ac.ir__5773d0c1ceb5.html
5434,20260203__sanattabriz.ir__cc57d425a6ee.html
5435,20260203__sanru.ac.ir__594ade0f198c.html
5436,20260203__santtabriz.ir__05895af3c50e.html
5437,20260203__saref.ir__1045d5b62d89.html
5438,20260203__sarms.ir__ec015098d57e.html
5439,20260203__sarvlanguage.ir__6ff346d1ca27.html
5440,20260203__savalankhabar.ir__e704489aa5e6.html
5441,20260203__savehums.ac.ir__852954490835.html
5442,20260203__sayeb.ir__c8e5586fd5dc.html
5443,20260203__sazefelezipaydar.ir__5794e196d081.html
5444,20260203__sazeposh.ir__8767ddb45ef8.html
5445,20260203__sb.iqna.ir__732d7d43fd96.html
5446,20260203__sbde.ir__3693e1a9336c.html
5447,20260203__sce.ir__016134e262c4.html
5448,20260203__scoliose.ir__d63150b27c9f.html
5449,20260203__sdh.uswr.ac.ir__493844a58ae3.html
5450,20260203__secretjob.ir__a50b186a55f8.html
5451,20260203__semsaridaniel.ir__6317c8901344.html
5452,20260203__sepehrportal.ir__79a1c19bbac2.html
5453,20260203__seven-studio.ir__5212929324b7.html
5454,20260203__sh-fariman.ir__621f42d3fe32.html
5455,20260203__sh-poldokhtar.ir__7831860f2b68.html
5456,20260203__sh-varnamkhast.ir__6724c4a9ec0c.html
5457,20260203__shaer.ir__e4261fee8c78.html
5458,20260203__shahedieh.ir__fe4d23472413.html
5459,20260203__shahrdari-dolatabad.ir__0271bf203d71.html
5460,20260203__shahrdari-gonabad.ir__78e4226f0833.html
5461,20260203__shahrdari-sadra.ir__531188b68e48.html
5462,20260203__shahrekord.iqna.ir__56f73a516e5d.html
5463,20260203__shastoon.ir__5ca70f35a180.html
5464,20260203__shazand.ir__7a09c9708e77.html
5465,20260203__shecan.ir__bcac8e29fc20.html
5466,20260203__shervinpardaz.ir__b2de29e7f18e.html
5467,20260203__shiraz1400.ir__ee5834d516e4.html
5468,20260203__shopivery.ir__61a4bb526bc2.html
5469,20260203__shoratehran.ir__7f06618fecac.html
5470,20260203__shout-ag.ir__3466a2d7c33f.html
5471,20260203__shushtarnews.ir__fef220f94298.html
5472,20260203__simayedanesh.ir__3bea8cdae505.html
5473,20260203__simayemohandes.ir__1256adab689d.html
5474,20260203__sirikcenter.ir__150849f0bf2c.html
5475,20260203__sitepopup.ir__656ff9d37305.html
5476,20260203__skyhope.ir__112153b00b53.html
5477,20260203__smart.tehran.ir__d9bd5b578e49.html
5478,20260203__sms-contest.ir__438620f21ec4.html
5479,20260203__sms-inbox.ir__2a42db33a019.html
5480,20260203__smscontest.ir__bc8248a0542b.html
5481,20260203__socialstudy.ihcs.ac.ir__7ae2576a4ef3.html
5482,20260203__socialworkmag.ir__fe4c9331866d.html
5483,20260203__sohasys.ir__3b17165850c3.html
5484,20260203__sooremag.ir__544a88583933.html
5485,20260203__sootak.ir__ce473df30206.html
5486,20260203__souzanchi.ir__59bd7374b957.html
5487,20260203__spci.ir__2f400d300418.html
5488,20260203__speaking.ir__9399728bc1e3.html
5489,20260203__sportedu.um.ac.ir__0c15206b2761.html
5490,20260203__sportingshop.ir__c8c28422e3fd.html
5491,20260203__spr.ui.ac.ir__e0181ab50dc8.html
5492,20260203__ssa.co.ir__fcedd3543487.html
5493,20260203__ssis.sci.org.ir__4b9bc5cab106.html
5494,20260203__stic.ir__6caa4b858d6f.html
5495,20260203__stnews.ir__0658d2d38d41.html
5496,20260203__strategicclub.ir__21ed672098aa.html
5497,20260203__student.alzahra.ac.ir__b292722194fb.html
5498,20260203__studio-cut.ir__ad080cf85463.html
5499,20260203__successdl.ir__9a868359f47e.html
5500,20260203__sufi.ac.ir__8c1d6eff4e62.html
5501,20260203__swrc.uswr.ac.ir__c207fac7b1b5.html
5502,20260203__symfony4u.ir__0f9c60a7f8cf.html
5503,20260203__taati.ir__c5da2786a5b7.html
5504,20260203__tabloosazi.ir__b61131e945dd.html
5505,20260203__tabnak4mahal.ir__8accb3b49682.html
5506,20260203__tabnakfars.ir__7a0742dd6ae3.html
5507,20260203__tabnakgolestan.ir__2903de969d2f.html
5508,20260203__tabnakkermanshah.ir__39b27454c3ca.html
5509,20260203__tabnaklorestan.ir__2e1d0d84b1dc.html
5510,20260203__tabnakmazani.ir__9b88fd210ad0.html
5511,20260203__tabnakqom.ir__393c7fdd18c9.html
5512,20260203__tabriz.iqna.ir__58b72823e9c3.html
5513,20260203__tabrizcall.ir__39c06c15197a.html
5514,20260203__tabrizcar.ir__ced9d009c3f9.html
5515,20260203__tabrizgame.ir__e286be84eb59.html
5516,20260203__tabrizhelp.ir__10fb479e860b.html
5517,20260203__tabrizhouse.ir__808886f8a4a6.html
5518,20260203__tabrizmarktabrizmaster.ir__057beae45105.html
5519,20260203__tabrizmoble.ir__321ebae4f80c.html
5520,20260203__tabrizmodir.ir__3ec698772462.html
5521,20260203__tabrizpark.ir__6682c15c6012.html
5522,20260203__tabrizpizza.ir__c4298308aa9a.html
5523,20260203__tabrizstudio.ir__72813cac29de.html
5524,20260203__tabriztools.ir__603dddab447d.html
5525,20260203__tabrizwork.ir__36a60a795010.html
5526,20260203__tabrizyab.ir__1e7fc7daddfd.html
5527,20260203__tadbir24.ir__63cb086b64e0.html
5528,20260203__tahghigh20.ir__cb6676689c49.html
5529,20260203__takestan-ads.ir__ea3c6d6708cf.html
5530,20260203__talarhashtbehesht.ir__2686805726e1.html
5531,20260203__taleghan.ir__f8c9223d896b.html
5532,20260203__talisweb.ir__d0cd03f93fb3.html
5533,20260203__talkbot.ir__87435637eb40.html
5534,20260203__tanavar.ir__76095977b536.html
5535,20260203__tannazghorbani.ir__5b5c4bcff6c8.html
5536,20260203__tanravanfarhang.ir__540402750ddd.html
5537,20260203__tanzdownload.ir__9ea6c17d9f54.html
5538,20260203__tashrifatalmas.ir__05997e0c6a26.html
5539,20260203__tebsonatitabriz.ir__371f416158ac.html
5540,20260203__tebtabriz.ir__0acdb3c538f1.html
5541,20260203__tehran-animafestival.ir__4b952aff4d8b.html
5542,20260203__tehran.ostan-th.ir__613afa65ef0d.html
5543,20260203__tejaratgardan.ir__8244b7b1f9df.html
5544,20260203__thebaronhotels.ir__1b8620c9e511.html
5545,20260203__thermowoods.ir__83d23f977389.html
5546,20260203__tim.mums.ac.ir__2b131b11919a.html
5547,20260203__titan-system.ir__03103bd7db3b.html
5548,20260203__tobuy.ir__6988d207dad4.html
5549,20260203__tokhmehcenter.ir__ca300cfa032a.html
5550,20260203__toluehagh.ir__4afb14d060a8.html
5551,20260203__toochalseir.ir__ae5e86a2beb8.html
5552,20260203__toofanezard.ir__5ebd7da0e56e.html
5553,20260203__tourdubai20.ir__c89824fcf2e9.html
5554,20260203__trafficorg.tehran.ir__5410f6ce214c.html
5555,20260203__transnet.ir__e03cba7b08c8.html
5556,20260203__treat.bpums.ac.ir__64b2862540c5.html
5557,20260203__tristarblog.ir__148eeae8dce9.html
5558,20260203__tshs.tabriz.ir__45130ae03f44.html
5559,20260203__ttbol.ir__8f1a4d14613d.html
5560,20260203__turkshopcenter.ir__42cb17950b59.html
5561,20260203__uncutfarsi.ir__982f300d186d.html
5562,20260203__uniqueads.ir__47ce50abcb7d.html
5563,20260203__usid.research.ac.ir__cab3cdb56d4d.html
5564,20260203__v-education.mums.ac.ir__1d91ad1dada8.html
5565,20260203__vacumetarget.ir__19781a2ee97e.html
5566,20260203__vacuumgt.ir__34158e16e642.html
5567,20260203__vala-design.ir__01cb9eeac310.html
5568,20260203__vank.ir__cbbb4e8923ef.html
5569,20260203__varaminnameh.ir__311c731ad347.html
5570,20260203__vet.um.ac.ir__7ba70472222b.html
5571,20260203__videonma.ir__9258cc4e1c1a.html
5572,20260203__vmusic.ir__a468cfb7107e.html
5573,20260203__vpb.um.ac.ir__fd0a5f3f2a03.html
5574,20260203__waghe-e.ir__90b9bca56dbf.html
5575,20260203__water-iut.ir__0836149fdd1b.html
5576,20260203__webhostsearch.ir__0dc15c7ac95b.html
5577,20260203__webiweb.ir__a6d7b14825fb.html
5578,20260203__weblogcity.ir__13b06667ec25.html
5579,20260203__webmah.ir__b0e1a9b369b4.html
5580,20260203__webmastertabriz.ir__dfe2b38f0abc.html
5581,20260203__weecharge.ir__9543b1a9b290.html
5582,20260203__wiki.sts.ir__24967a5de625.html
5583,20260203__wikibin.ir__beda0bec6809.html
5584,20260203__winbest.ir__e9c51afa45fd.html
5585,20260203__worldofmusic.ir__6458b7fd4cec.html
5586,20260203__worldtheme.ir__6a372b38fd65.html
5587,20260203__wtiau.ac.ir__c960766c172c.html
5588,20260203__www1.bpi.ir__35a153af1538.html
5589,20260203__yahoo-shop.ir__e7c25c37249e.html
5590,20260203__yebrahimian.ir__a0c0738e4dea.html
5591,20260203__yekita.ir__e3dc7f9f9a36.html
5592,20260203__yphc.ir__86fed7a737e4.html
5593,20260203__ysc.medu.gov.ir__4b79e747b212.html
5594,20260203__zabax.ir__7485cdaceb11.html
5595,20260203__zahir1700.ir__ba526409e73d.html
5596,20260203__zanerouz.ir__692e93c06c88.html
5597,20260203__zangiabad.ir__ea27543b5b68.html
5598,20260203__zanjan.cfu.ac.ir__b59d0775bdb9.html
5599,20260203__zanjanli.ir__dc63f178d9f5.html
5600,20260203__zarasang.ir__e6f00ab55870.html
5601,20260203__zarghoonia.ir__a650f3170436.html
5602,20260203__zeighami.profile.semnan.ac.ir__7f21f389a0e9.html
5603,20260203__zendegi4321.loxblog.ir__1fb17941117e.html
5604,20260203__zendegi4321.lxb.ir__e5f1e337b107.html
5605,20260203__zibasazi.tehran.ir__decb5e098a2e.html
5606,20260203__zmpr.ir__5a5d4b740e20.html
5607,20260204__1-20.ir__10ea814e67eb.html
5608,20260204__academist.ir__3f1448383519.html
5609,20260204__adabemahali.yasuj.iau.ir__61bf9d2c2482.html
5610,20260204__aliland.ir__a8acdf502503.html
5611,20260204__amirabadport.pmo.ir__bfd83f34e513.html
5612,20260204__anten.ir__85d2b674e212.html
5613,20260204__aranmachine.ir__5a933ae50de8.html
5614,20260204__asremahahwaz.ir__454c131b44a1.html
5615,20260204__asrjahan.ir__efa7b0975600.html
5616,20260204__asta.ir__baf3bec39889.html
5617,20260204__astrologyfarsi.ir__3e34a6078081.html
5618,20260204__atusocialscience.ir__3ce39b72bc43.html
5619,20260204__bankemardom.ir__83d5c2fef965.html
5620,20260204__bastanpazhouhsj.ut.ac.ir__5dea6da176d2.html
5621,20260204__beatmastering.ir__98bbce2d1b1b.html
5622,20260204__bikport.pmo.ir__ffacafad402f.html
5623,20260204__bkatu.ac.ir__7d675778b617.html
5624,20260204__bme.aut.ac.ir__8cba7053c9ce.html
5625,20260204__borujerd-gov.ir__bd59d12e79b3.html
5626,20260204__braingym.ir__bd39cb5f42aa.html
5627,20260204__choobest.ir__4403445d963f.html
5628,20260204__conferencealert.ir__92ebce4a38bf.html
5629,20260204__damna.ir__d4510938f1f2.html
5630,20260204__danialtaherifar.ir__2d77aef79e54.html
5631,20260204__daroovasalamat.ir__6b72c8f885e5.html
5632,20260204__deylaman.ac.ir__b4765576b01f.html
5633,20260204__digitaldoorlock.ir__63a07e452b57.html
5634,20260204__drnasrinshahbazian.ir__4cb45ca1f02a.html
5635,20260204__dystrophy.ir__5cfa0cae4458.html
5636,20260204__ecosystem.ir__4c13bd834e77.html
5637,20260204__edbi.ir__2cf5850aeafc.html
5638,20260204__eeer.ir__e907b5f7e12f.html
5639,20260204__ems.umsha.ac.ir__1eb3e3b87f8a.html
5640,20260204__eng.pgu.ac.ir__86f86306f2c6.html
5641,20260204__esfarayen.ac.ir__6fe3d3a03659.html
5642,20260204__fajrf.ir__ded43a2d316b.html
5643,20260204__fardayetaze.ir__b4004c1622be.html
5644,20260204__farhangemelal.icro.ir__13482d3ea773.html
5645,20260204__farvardinemruz.ir__9afd2288f3a2.html
5646,20260204__fdl.ir__c54cccd1e48c.html
5647,20260204__fishbase.ir__4302fb2198ff.html
5648,20260204__fniavaran.ir__e91103193b34.html
5649,20260204__fnre.um.ac.ir__4f44b5d2dc1b.html
5650,20260204__gardeshban.ir__225ca2698610.html
5651,20260204__goldnews.ir__0332886e2ce1.html
5652,20260204__guilanian.ir__fb4977352ac1.html
5653,20260204__hafez.ac.ir__a075c1894569.html
5654,20260204__hamedan.mcls.gov.ir__8abb2e42ac36.html
5655,20260204__hamivakil.ir__33596cdbe460.html
5656,20260204__hamrahpress.ir__12cf68732286.html
5657,20260204__hormozganmet.ir__d62e1915660c.html
5658,20260204__hosco.ir__6052da201f90.html
5659,20260204__human.semnan.ac.ir__1075924423ac.html
5660,20260204__ibis.org.ir__bb523fad414d.html
5661,20260204__ies.ui.ac.ir__2fb277bfa625.html
5662,20260204__infoyadak.ir__5389cdfaf195.html
5663,20260204__inventor.ir__897f4f11a8f0.html
5664,20260204__iran-kasb.ir__a155f76aa39a.html
5665,20260204__iranheart.ir__c3e9a71ab505.html
5666,20260204__irgmg.ir__c899dba6518e.html
5667,20260204__iribuhd.ir__da35aa51750f.html
5668,20260204__irmp3.ir__625e03fd229e.html
5669,20260204__irpa.ir__afdb68c04062.html
5670,20260204__irpsychiatry.ir__f7ca44278c7e.html
5671,20260204__irsasayna.ir__fdf22e99e474.html
5672,20260204__isfahan.isna.ir__66c3ccc959bb.html
5673,20260204__isfahan.mcls.gov.ir__48800be09923.html
5674,20260204__isfahan.rai.ir__a8926817ea6b.html
5675,20260204__jalc.sbu.ac.ir__25c94c47bdb2.html
5676,20260204__jflh.ut.ac.ir__9cce1533b0dc.html
5677,20260204__jmb.ut.ac.ir__197ac4e4ca71.html
5678,20260204__johs.jseas.ir__eec618ca4ea0.html
5679,20260204__journals.alzahra.ac.ir__bef30e0ebb1f.html
5680,20260204__kafebook.ir__89604440443c.html
5681,20260204__kakheaseman.ir__70ed96f10d5f.html
5682,20260204__kalamislami.ir__466dff8c63b2.html
5683,20260204__kau.ac.ir__691775f33566.html
5684,20260204__kazeroon.sums.ac.ir__8e9e09c8c9c7.html
5685,20260204__ketabsal.ketab.ir__ececb5fca5d0.html
5686,20260204__khorasan-online.ir__0b490c2fa533.html
5687,20260204__koolakmag.ir__c99014c3a0d8.html
5688,20260204__kurdistanmet.ir__f1bbb619dac5.html
5689,20260204__lamerdhec.ac.ir__126b80715e4c.html
5690,20260204__litmap.ir__518bb6c986b2.html
5691,20260204__magtech.ir__98229061574b.html
5692,20260204__manesht.ir__f50f81b3ef1e.html
5693,20260204__marefatfalsafi.nashriyat.ir__ac3ef66fbb51.html
5694,20260204__markazimet.ir__6b680d515ed6.html
5695,20260204__maseeh.ir__1ee123905962.html
5696,20260204__matlaelfajr.ir__8c7779d3e0e6.html
5697,20260204__mayadin.tehran.ir__7451cf660be4.html
5698,20260204__mazust.ac.ir__1958d5ac77be.html
5699,20260204__mehrvarzanmusic.ir__4cc5874bdfcf.html
5700,20260204__metrica.ir__0233add5b58a.html
5701,20260204__miandoabpress.ir__8071e25e7446.html
5702,20260204__mizan.ir__3701a80424d0.html
5703,20260204__mmdic.ir__cedf67ac2cc5.html
5704,20260204__mohammadfazeli.ir__cc9c16fed2c1.html
5705,20260204__musicefars.ir__0289133e28b9.html
5706,20260204__my.isfahan.ir__d850abfe6e55.html
5707,20260204__nahad.iums.ac.ir__fa03613e3fdf.html
5708,20260204__naigo.ir__89a7e895f7fa.html
5709,20260204__namotenahi.monoblog.ir__dbdcd075dc92.html
5710,20260204__nava.ir__f774e3535e41.html
5711,20260204__navid-faridi.ir__c7fd9e484f29.html
5712,20260204__navidsadra.ir__083c660fa123.html
5713,20260204__negahiran.ir__3900218925ed.html
5714,20260204__oxmag.ir__bc6767d5a4b5.html
5715,20260204__petzone.ir__002862532426.html
5716,20260204__plus.ir__5b55ff58efc2.html
5717,20260204__press.areeo.ac.ir__0c62959e5884.html
5718,20260204__profs.semnan.ac.ir__41d58a3c5457.html
5719,20260204__qaz.mimt.gov.ir__34624bfd667e.html
5720,20260204__qiet.ac.ir__48550527c5a5.html
5721,20260204__razan.umsha.ac.ir__b3a5d83bc50b.html
5722,20260204__razi24.ir__bd9a74c3acea.html
5723,20260204__rbc.ir__75f4064f95c5.html
5724,20260204__rcii.ir__50891d6e165a.html
5725,20260204__rdpi.ir__af30e01c7008.html
5726,20260204__resiliency.ir__644bf665bcfc.html
5727,20260204__roostanet.ir__39b2e96c6c77.html
5728,20260204__saba-music.ir__3bc4d94c787a.html
5729,20260204__salamattv.ir__00a3b207a8c6.html
5730,20260204__saman-clinic.ir__27d175b19cd2.html
5731,20260204__sazehnews.ir__8d0d7017e9de.html
5732,20260204__semnan.ivo.ir__e070c09e8ad1.html
5733,20260204__shhut.ac.ir__7162dbb0fb7c.html
5734,20260204__sinablock.ir__30965a24b6db.html
5735,20260204__sobhekherad.ir__0cc8766855f3.html
5736,20260204__soorinsec.ir__7729577f3ef5.html
5737,20260204__src.research.ac.ir__61661aa3aace.html
5738,20260204__standard.ac.ir__4c9d12cc4b78.html
5739,20260204__tamadonema.ir__d375d17f2055.html
5740,20260204__tat-translator.ir__56cbf49c973c.html
5741,20260204__thesisword.ir__f59c13d162db.html
5742,20260204__todaytime.ir__d65d3a09a5aa.html
5743,20260204__tonekabon24.ir__855aca5c435c.html
5744,20260204__vaghtesobh.ir__cc802b1a51ce.html
5745,20260204__varzeshresane.ir__bbd7a50ba934.html
5746,20260204__venomstore.ir__d96bc247aa37.html
5747,20260204__vultures.ir__69cb87471d51.html
5748,20260204__webzon.ir__4660eb0e2c2d.html
5749,20260204__yazdkhodro.ir__6c5db64873a2.html
5750,20260204__yazdmet.ir__b3b88778a09b.html
5751,20260207__123project.ir__cb4854128026.html
5752,20260207__4r7.ir__a9f3e89e3c93.html
5753,20260207__abadan-ref.ir__8a3c3836c0bf.html
5754,20260207__abadan.ir__90288d48228a.html
5755,20260207__acgih.ir__1d4297482d87.html
5756,20260207__aeoi.org.ir__c36200efdafb.html
5757,20260207__aftabnews.ir__c98249a76758.html
5758,20260207__alef.ir__699cedc2b26c.html
5759,20260207__alikarbasi.ir__7f8dddacb361.html
5760,20260207__amar.org.ir__ceae5cfe5d13.html
5761,20260207__amnban.ir__bac211fafce2.html
5762,20260207__ar.lib.eshia.ir__b00c271a5549.html
5763,20260207__arash-hatami.ir__1cbe186c5bf8.html
5764,20260207__bama.ir__994eeaaedc85.html
5765,20260207__bamlin.ir__a18cb7619dc5.html
5766,20260207__banksepah.ir__1b2bfb19e86b.html
5767,20260207__baztab.ir__d1b40e5ab544.html
5768,20260207__behzisti.ir__efaf86dd5282.html
5769,20260207__besttehrandoctors.ir__9a1168501ae6.html
5770,20260207__bikezen.ir__3d58defa479a.html
5771,20260207__birgeek.ir__c073356712f1.html
5772,20260207__boomerangapp.ir__50af37e1113e.html
5773,20260207__bubbleslearn.ir__70f23952abaa.html
5774,20260207__cafebazaar.ir__3a53fef3cb5d.html
5775,20260207__caoi.ir__5165cf2db1a8.html
5776,20260207__cfi.ir__802fd9622bc0.html
5777,20260207__chn.ir__8a7137d23d36.html
5778,20260207__civiljournal.semnan.ac.ir__4976208e7d90.html
5779,20260207__daynaweb.ir__361ef147b2a6.html
5780,20260207__didbaniran.ir__6472a53b43b2.html
5781,20260207__divanealee.eadl.ir__71524c3b6c0f.html
5782,20260207__djecrety.ir__e4f958946732.html
5783,20260207__dolatebahar.ir__75b15374a434.html
5784,20260207__eachto.ir__b6924daf3d86.html
5785,20260207__ekhtebar.ir__71c38028e73c.html
5786,20260207__en.alalam.ir__dcf17ccfbe14.html
5787,20260207__en.farsnews.ir__14be406dfab3.html
5788,20260207__en.isna.ir__264039d6bfa9.html
5789,20260207__en.iwpco.ir__a0d3b09495cb.html
5790,20260207__en.um.ac.ir__9706e3d6b7b8.html
5791,20260207__etemadnewspaper.ir__655dc26ddc89.html
5792,20260207__evisa.mfa.ir__2059a7c7e19f.html
5793,20260207__fa.alalam.ir__61d10e8f3bd2.html
5794,20260207__farzaneh-galleries.ir__474525061582.html
5795,20260207__fids.ir__c5141bed4b97.html
5796,20260207__filesender.ipm.ir__c2bf4f9688f6.html
5797,20260207__formulas.ir__5720bcbcdde0.html
5798,20260207__fossfa.ir__2178c5d5462e.html
5799,20260207__georgia.mfa.gov.ir__8b87afecbbaf.html
5800,20260207__ghalamnews.ir__c626e86d796e.html
5801,20260207__gilan.ir__b5942dfc6d1b.html
5802,20260207__googlelinks.ir__ba2965771040.html
5803,20260207__hadana.ir__70d55e417ef5.html
5804,20260207__hamedan.ir__5908a85b44d1.html
5805,20260207__hamedz.ir__a1e8977d0421.html
5806,20260207__hamshahrionline.ir__b2050bb199cc.html
5807,20260207__hamtaghate.ir__aecb0bec2daa.html
5808,20260207__hchto.ir__366f2c982524.html
5809,20260207__honaronline.ir__ea22b57d18c6.html
5810,20260207__ibb.ut.ac.ir__cbf1892d53cc.html
5811,20260207__iichs.ir__c5dd90bf420e.html
5812,20260207__ijnao.um.ac.ir__c5397cc7a868.html
5813,20260207__images.hamshahrionline.ir__3be5bf6fb769.html
5814,20260207__imam-khomeini.ir__f177b210f3da.html
5815,20260207__ims.ir__4b8b2877bf2f.html
5816,20260207__imseyed.ir__f45ed5526e11.html
5817,20260207__ion.ir__42a9ea5a7118.html
5818,20260207__ipis.ir__9b016f502d3a.html
5819,20260207__iran-dental.ir__b70061af2243.html
5820,20260207__iranketab.ir__c5247f7c866a.html
5821,20260207__iranleague.ir__d631bc2d1196.html
5822,20260207__irfont.ir__22ebe5164bae.html
5823,20260207__isfahan.airport.ir__3a39b85cd50c.html
5824,20260207__isfahanziba.ir__971a5e2843a0.html
5825,20260207__isharifi.ir__237fb0a75944.html
5826,20260207__itna.ir__03581b0b91bd.html
5827,20260207__jahanesanat.ir__85a341bab77b.html
5828,20260207__jamaran.ir__7f2d46512d19.html
5829,20260207__japan.mfa.gov.ir__d7d6c9498403.html
5830,20260207__jetcom.ir__110bb8bb018b.html
5831,20260207__journals.ut.ac.ir__13952ad9359e.html
5832,20260207__kermanshah.ir__e2ebb62c290c.html
5833,20260207__kharidview.ir__4e66d50c6aa4.html
5834,20260207__kibo.ir__7304b49ace16.html
5835,20260207__leader.ir__9f6f08e6f007.html
5836,20260207__lib.ajaums.ac.ir__78f08240ac73.html
5837,20260207__library.sharif.ir__3f0e53db3eaa.html
5838,20260207__library.ut.ac.ir__73aff890ac19.html
5839,20260207__majlis.ir__542e8f73e955.html
5840,20260207__marinepress.ir__780aeb080683.html
5841,20260207__masjed.ir__c4d95f784126.html
5842,20260207__matnyaar.ir__cc8d5a0cff42.html
5843,20260207__mecato.ir__ed806ce79c85.html
5844,20260207__mehdix.ir__a2707c3ca7b8.html
5845,20260207__mehrnews.ir__8bd166571461.html
5846,20260207__mfa.gov.ir__05fcde8cded9.html
5847,20260207__mhbahrampour.ir__79329e5e7171.html
5848,20260207__milad.melec.ir__f69a7e6fb507.html
5849,20260207__moi.ir__d1ae48cfb2f8.html
5850,20260207__mowjapp.ir__6de1378a2b60.html
5851,20260207__msrt.ir__a557e4bcef41.html
5852,20260207__nakamology.ir__240a8041e0dd.html
5853,20260207__namava.ir__96f00eeea12d.html
5854,20260207__nasimnet.ir__9342cc91c01d.html
5855,20260207__ngdir.ir__730befc617d7.html
5856,20260207__nournews.ir__a51d5e3563bf.html
5857,20260207__novinteb.ir__474e66d2d449.html
5858,20260207__osmanozdem.ir__25119f358ae0.html
5859,20260207__parseed.ir__d3c417470340.html
5860,20260207__parsimap.ir__9fa1059c529b.html
5861,20260207__parstoday.ir__b11869f2461e.html
5862,20260207__payamema.ir__5bf6edc28c54.html
5863,20260207__payaneh.ir__4412009b5163.html
5864,20260207__payping.ir__424b4be67859.html
5865,20260207__persepolis.ir__8b53c8545ee2.html
5866,20260207__pooyeshtech.ir__979057ad9ac6.html
5867,20260207__psiw.journals.ikiu.ac.ir__0086d712a287.html
5868,20260207__pwa.ir__6438fe7bbb49.html
5869,20260207__quran.inoor.ir__e5fb2978f2d7.html
5870,20260207__rahnamato.ir__370497c762ae.html
5871,20260207__rahnamato.ir__5a9acd13fcb0.html
5872,20260207__rahnamato.ir__ead5a5e0203a.html
5873,20260207__razavihospital.ir__e94678c346bf.html
5874,20260207__realserver.ir__878dad43d6c6.html
5875,20260207__redmag.ir__13482cd0d1a5.html
5876,20260207__sahelsorkh.ir__cd52046b1b74.html
5877,20260207__sci.org.ir__fe1f2a8585fe.html
5878,20260207__sdil.ac.ir__e69e0594479a.html
5879,20260207__sehraramiz.ir__e4061dc4ab76.html
5880,20260207__sehraramiz2.ir__a6c0c86fb724.html
5881,20260207__seramo.ir__42bbd790f3b4.html
5882,20260207__shahr.ir__9ab1da3b0c44.html
5883,20260207__shana.ir__de9a832a0215.html
5884,20260207__sharif.ir__2283743e3b70.html
5885,20260207__sku.ac.ir__712130ac77fe.html
5886,20260207__smtnews.ir__15a5a0b9ea46.html
5887,20260207__ssu.ac.ir__dc7a57393372.html
5888,20260207__standarddelivery.ir__da5572c866a1.html
5889,20260207__tabnak.ir__7ead25c6a0ba.html
5890,20260207__tabriz.airport.ir__de50d8f4523f.html
5891,20260207__tabrizfair.ir__326612412a9f.html
5892,20260207__ut.ac.ir__cfaf0d4c3349.html
5893,20260207__uxdev.ir__b24d0289c823.html
5894,20260207__vajeyar.apll.ir__ebe28c0006bc.html
5895,20260207__vista.ir__c08ab38d2921.html
5896,20260207__wildlife.ir__8d2c2ce96aae.html
5897,20260207__wiregeek.ir__65f99edb4a40.html
5898,20260207__wldevhost.ir__7bb7b8c4b748.html
5899,20260207__woosupport.ir__5e4d8b189fe9.html
5900,20260207__wp-book.ir__57584125e0d4.html
5901,20260207__youbaan.ir__cf92a9499923.html
5902,20260207__zaaferani.ir__9cd9997fade4.html
5903,20260207__zachshirow.ir__9b642e354a7c.html
5904,20260207__zanjani.ir__e306668cd2c6.html
5905,20260214__125.qazvin.ir__0d4901499852.html
5906,20260214__15khordad42.ir__c0bd595c60b3.html
5907,20260214__1649.ir__ead8264c25fa.html
5908,20260214__1film.ir__0f584276037c.html
5909,20260214__2life.ir__fd1e4932009b.html
5910,20260214__30nemaplus.ir__6206b27bd437.html
5911,20260214__36500.ir__1e1a0b7d3e9d.html
5912,20260214__64040.ir__f6f3382f7e27.html
5913,20260214__aamag.ir__d9a4f4b6cf07.html
5914,20260214__abcbourse.ir__263a5386078e.html
5915,20260214__abestasaze.ir__aa6140b3755e.html
5916,20260214__abfa-fars.ir__34809d58a270.html
5917,20260214__abpakhshcity.ir__ed17b72c6991.html
5918,20260214__abram-lab.ir__2b3cb5bc69f1.html
5919,20260214__admin.ui.ac.ir__e35f7ec0d670.html
5920,20260214__adr.ttac.ir__302de04aab06.html
5921,20260214__afkarpress.ir__c5494da78534.html
5922,20260214__aftabno.ir__b8878ee4fb14.html
5923,20260214__agronic.ir__7945b0dac5a0.html
5924,20260214__agronomist.ir__954f30b4f9f7.html
5925,20260214__ahadith.ir__9534c5d1e29c.html
5926,20260214__ahrarnews.ir__6f6c824ec73a.html
5927,20260214__aistrategy.tsc.sharif.ir__dc4abf9b0749.html
5928,20260214__ajashohada.ir__36d4023f184e.html
5929,20260214__akhbaregonbad.ir__101b28767c06.html
5930,20260214__akoedu.ir__35155fdef1e0.html
5931,20260214__aktau.mfa.gov.ir__e714338f13c6.html
5932,20260214__alborz.ostan-qz.ir__e748885637df.html
5933,20260214__alldigi.ir__45e71ab96214.html
5934,20260214__allefba.ir__0ebe95bb27b7.html
5935,20260214__almahdi.ir__1a21f501cc2b.html
5936,20260214__amolilarijani.ir__cd006aa885ae.html
5937,20260214__anar.kr.ir__b13add5429a8.html
5938,20260214__anbordast.ir__84a5420124b8.html
5939,20260214__anesthesi.rhc.ac.ir__1b7ef5c44838.html
5940,20260214__apf.farhang.gov.ir__5f8efd4922d3.html
5941,20260214__aqart.ir__b6180a077209.html
5942,20260214__ar.rasanews.ir__4ba560928fe5.html
5943,20260214__arafi.ir__012f22794795.html
5944,20260214__aramestanha.qazvin.ir__6a90ffcb7f3b.html
5945,20260214__ardakan.gov.ir__314043400e1d.html
5946,20260214__ardebil.ict.gov.ir__5258b43ddf41.html
5947,20260214__ardu.tvu.ac.ir__ab118a958761.html
5948,20260214__arikeh-iranian.ir__d0a8111e42e6.html
5949,20260214__ariuam.ir__6ca114fd6071.html
5950,20260214__artastone.ir__3fa4055effa7.html
5951,20260214__artemisia.ir__96bda5496a4b.html
5952,20260214__articles.ir__df30e7bd3f42.html
5953,20260214__arttalks.ir__d2772b6b1ea8.html
5954,20260214__ashour.ir__94cc1d477bec.html
5955,20260214__asj.basu.ac.ir__dea66d5fbd66.html
5956,20260214__aslanduz.ostan-ar.ir__4514c714f773.html
5957,20260214__asma.uswr.ac.ir__2fc18e116f63.html
5958,20260214__ast.ui.ac.ir__796c31c395c6.html
5959,20260214__atacg.ir__1e65a1c30779.html
5960,20260214__atkms.ir__487116175a00.html
5961,20260214__audiology.uswr.ac.ir__5512632634c0.html
5962,20260214__avab.behdasht.gov.ir__ddb2e396e468.html
5963,20260214__avayefarvahar.ir__0a08db6abece.html
5964,20260214__azarsharghi.mrud.ir__deb0b2622380.html
5965,20260214__azfc.ir__5e31a901ee23.html
5966,20260214__azhich.ir__306d3033a793.html
5967,20260214__azsharghi.haj.ir__865eefc569c2.html
5968,20260214__babynames.ir__402b45cda2b5.html
5969,20260214__bahonarport.pmo.ir__2285f7f116ac.html
5970,20260214__bakhtar.ac.ir__64dbaff86fec.html
5971,20260214__bangladesh.mfa.gov.ir__e9817ff26695.html
5972,20260214__banibit.ir__167b62583f19.html
5973,20260214__banovan.ostan-as.ir__8b9bc5381a0b.html
5974,20260214__bash.cfu.ac.ir__40a1f9018e8b.html
5975,20260214__basicsciences.uswr.ac.ir__477e54596b2e.html
5976,20260214__basijasatid.semnan.ac.ir__f0a4d8befe83.html
5977,20260214__bastak.hormozgan.ir__bac4bcf8a5e3.html
5978,20260214__bayragh.ir__36a97eafee08.html
5979,20260214__bazneshastegi.tehran.ir__c92174e81f5c.html
5980,20260214__behkhaan.ir__cfda5166dc85.html
5981,20260214__behsazi.qazvin.ir__18df2d681161.html
5982,20260214__behsite.ir__a68eca02f938.html
5983,20260214__behzadmatin.ir__e54ab812f708.html
5984,20260214__besat.ac.ir__37ad03d51ad8.html
5985,20260214__besigraphic.ir__578205ba3290.html
5986,20260214__biahamedantrip.ir__b62114d178eb.html
5987,20260214__bihosh.ir__9dea5515fde8.html
5988,20260214__biographymedia.ir__3d904d1eb15e.html
5989,20260214__bipc.ir__1eda4fc44fd2.html
5990,20260214__bitrun.ir__ac5961aceb48.html
5991,20260214__blog.tmk.ir__8b468cfa562b.html
5992,20260214__bonyadferdowsitous.ir__dee4deecb786.html
5993,20260214__booinmiandasht.ir__3e771000c115.html
5994,20260214__boules.ir__25f0dbe9d178.html
5995,20260214__boushehr.farhang.gov.ir__fea6f8eff159.html
5996,20260214__bucharest.mfa.ir__1e7602ecb21f.html
5997,20260214__buenosaires.mfa.ir__94a3ceb6d7f7.html
5998,20260214__bus.qazvin.ir__41a13975d580.html
5999,20260214__businesssoftware.ir__f5eadc1fea08.html
6000,20260214__cairo.mfa.ir__fa4e5512f3ac.html
6001,20260214__centlib.gmu.ac.ir__d1876561827b.html
6002,20260214__cero.ir__bb4399505b2e.html
6003,20260214__cfrc.ifsri.ir__2637ce283693.html
6004,20260214__ch-festival.mcth.ir__c88c8b2c3ed0.html
6005,20260214__chalesh.ir__24188910a1c6.html
6006,20260214__chamran.cfu.ac.ir__15e8ee30c4f4.html
6007,20260214__chb.uast.ac.ir__20bd257e53a7.html
6008,20260214__che-p.semnan.ac.ir__a3822ec3f56f.html
6009,20260214__chelchelehbook.ir__92b18c49293c.html
6010,20260214__civil.semnan.ac.ir__ff464522c347.html
6011,20260214__civilica.ir__542d897fdd06.html
6012,20260214__cle.ir__d6fbfa29e596.html
6013,20260214__clinicalsciences.uswr.ac.ir__f4a26866b55f.html
6014,20260214__colombia.mfa.gov.ir__900700c4f23e.html
6015,20260214__commuterrail.rai.ir__39c9d92f11b7.html
6016,20260214__counseling.uswr.ac.ir__12686963bb75.html
6017,20260214__csrrasaneh.ir__583b88c2cb61.html
6018,20260214__cst.tehran.ir__be912acc5cf2.html
6019,20260214__ctan.um.ac.ir__93d854793a8f.html
6020,20260214__darman.kaums.ac.ir__c707be432b00.html
6021,20260214__darman.mazums.ac.ir__e9d9c38737e4.html
6022,20260214__datamoon.ir__f2c96ef7a70d.html
6023,20260214__diarealeman.ir__457c0359c659.html
6024,20260214__dic.irandoc.ac.ir__d50e341dace3.html
6025,20260214__digi24.ir__9ef89b527799.html
6026,20260214__digibuilder.ir__68df467d8d4d.html
6027,20260214__diibache.ir__ebb237efc3a1.html
6028,20260214__divangah.ir__11342dcfb711.html
6029,20260214__diyareaftab.ir__f2abf854afed.html
6030,20260214__dmf.farhang.gov.ir__df8af21326d4.html
6031,20260214__doctorhadizadeh.ir__a02e22a5ce1e.html
6032,20260214__doe.tehran.ir__2d6882e6f213.html
6033,20260214__donyayeghalam.ir__4b6df0ed7e7a.html
6034,20260214__dramanaghd.ir__88e51f0eea8c.html
6035,20260214__drbin.ir__8961edf8ee8b.html
6036,20260214__dsss.kntu.ac.ir__6bda6f928117.html
6037,20260214__duzduzani.ir__43a5272d9d3d.html
6038,20260214__e.tce.ir__2f904bad0902.html
6039,20260214__e4.tax.gov.ir__ea01a43de702.html
6040,20260214__ebaarat.ir__6e2b00cce469.html
6041,20260214__ec.tccim.ir__4c80803e65fc.html
6042,20260214__ece.semnan.ac.ir__452c3009d75c.html
6043,20260214__edub.ir__ab1186434f6b.html
6044,20260214__eghlid.sums.ac.ir__e47e2b0018c1.html
6045,20260214__ejoo.ir__6714afdcda71.html
6046,20260214__elanet.ir__efee624ebd0d.html
6047,20260214__elc.semnan.ac.ir__d78de71e568e.html
6048,20260214__elmineh.ir__5869f10cab0f.html
6049,20260214__emadelm.ir__eab441903894.html
6050,20260214__eng.um.ac.ir__d5a344ad3e98.html
6051,20260214__eqtesadayandehnews.ir__e46eaf2778b0.html
6052,20260214__erdos.ir__1a9e148ddb19.html
6053,20260214__ergonomics.uswr.ac.ir__5a932fd33cc3.html
6054,20260214__ert.rcs.ir__d0b44b34436a.html
6055,20260214__escard.ir__f174914b0ef0.html
6056,20260214__esn.irandoc.ac.ir__458038ceae95.html
6057,20260214__esteghlalhotel.ir__5ee1339b11a9.html
6058,20260214__estenadnews.ir__1e01f7cf3b2d.html
6059,20260214__etedaldaily.ir__5d5c6fab9b84.html
6060,20260214__exb.pnu.ac.ir__9b9285f96954.html
6061,20260214__fadak.ir__0cbe069b4f38.html
6062,20260214__fahraj.kr.ir__2e302f5bafd1.html
6063,20260214__famenincity.ir__5aba79df84e1.html
6064,20260214__fapan.ir__bd8c6689f324.html
6065,20260214__farhangesadid.ir__0ea230d98676.html
6066,20260214__fars.farhang.gov.ir__dff30fd19626.html
6067,20260214__fars.mcth.ir__f202cfbcc9ea.html
6068,20260214__farschto.ir__eb1c62298223.html
6069,20260214__faryad.ir__62bf413f19c6.html
6070,20260214__faslejonoob.ir__9b2dd39d9c1d.html
6071,20260214__fastbook.ir__1abea68586e3.html
6072,20260214__feiz.ac.ir__78e02fc70837.html
6073,20260214__fepg.ir__1f0622009ad1.html
6074,20260214__festivalf.ir__5fc7fcf761ff.html
6075,20260214__film.roshd.ir__f4646f3f6138.html
6076,20260214__finance.sharif.ir__60406fdbac85.html
6077,20260214__firoozabad.sums.ac.ir__0d1117e3c83e.html
6078,20260214__flutter-learn.ir__48e1ab2425fd.html
6079,20260214__fmgarmsar.ac.ir__9d2649f8d137.html
6080,20260214__fnpetro.ir__c93ab98b422e.html
6081,20260214__ganjnameh.ac.ir__e75e02455299.html
6082,20260214__gaskar.ir__b372add15c67.html
6083,20260214__gerafekr.ir__ad46a8ac8a84.html
6084,20260214__geriatrics.uswr.ac.ir__78bfcde73911.html
6085,20260214__germi.ostan-ar.ir__d561835c1742.html
6086,20260214__ghadir.ac.ir__f98fae4df2e4.html
6087,20260214__ghaen.bums.ac.ir__ebfa23c980d8.html
6088,20260214__gharazi-sirjan.tamin.ir__c0d82cfda768.html
6089,20260214__gheseyemaa.ir__d36874e7a664.html
6090,20260214__ghnews.ir__5bb11f899eec.html
6091,20260214__ghorbanimoghadam.ir__37f3880879be.html
6092,20260214__gig-uast.ac.ir__a790f9b80643.html
6093,20260214__gilyar.ir__a4021f2caf0d.html
6094,20260214__goodwoodmarket.ir__0fb44553c3bc.html
6095,20260214__gsinet.ir__986d1aec3e8f.html
6096,20260214__gsme.semnan.ac.ir__4a78f58e57fd.html
6097,20260214__guilanfarda.ir__f465fa658849.html
6098,20260214__h-ibeh.mazums.ac.ir__780b0007a8e6.html
6099,20260214__h-shohada-bshr.mazums.ac.ir__732ef0e03a92.html
6100,20260214__haftgard.ir__2000663ed8bf.html
6101,20260214__hamyaar.ir__89b277878998.html
6102,20260214__hardcoating.ir__a5bf68ece8c0.html
6103,20260214__hcot.ir__5eb3b5d5222e.html
6104,20260214__health.kaums.ac.ir__6dab3bd63824.html
6105,20260214__hegmataneh-news.ir__70af95f7889b.html
6106,20260214__hekayatgilan.ir__3ae48a916337.html
6107,20260214__hibank.karafarinbank.ir__b0949ce14841.html
6108,20260214__hiilab.semnan.ac.ir__efd70fd23212.html
6109,20260214__hinapack.ir__d9da7c3ccf57.html
6110,20260214__hisubmit.ir__95c890a80081.html
6111,20260214__hmes.samt.ac.ir__a48195ef383f.html
6112,20260214__hnkh.ac.ir__7fb0b0feb88d.html
6113,20260214__hoghoogh24.ir__e1dfc0c1da69.html
6114,20260214__honardastan.ir__a3cced774e94.html
6115,20260214__horand.ostan-as.ir__6f69720e81fa.html
6116,20260214__hosseiniboshehri.ir__09d45ac8a75b.html
6117,20260214__hrgo.tehran.ir__28baab0c05c4.html
6118,20260214__hse.uswr.ac.ir__300520de8222.html
6119,20260214__hww.ir__b7225d571e99.html
6120,20260214__hyderabad.mfa.ir__864adc88a9c2.html
6121,20260214__hzrc.ac.ir__b4d75039385c.html
6122,20260214__iaej.sku.ac.ir__e83ccd17de67.html
6123,20260214__iaia.org.ir__31e16b55e366.html
6124,20260214__iauji.ac.ir__1d81feeaf3b2.html
6125,20260214__ibp.ir__489889db03e8.html
6126,20260214__icup.ir__16aa5341c5f4.html
6127,20260214__idealmusic.ir__a68b7dc5b658.html
6128,20260214__igj.tums.ac.ir__b75b3accf748.html
6129,20260214__ihemehr.ac.ir__3b57c8e78233.html
6130,20260214__iichstore.ir__c3f4cb8348d5.html
6131,20260214__iies.urmia.ac.ir__b3f53e2e9c4b.html
6132,20260214__iirjournal.ir__a5f4455643bd.html
6133,20260214__ijat.ut.ac.ir__2594bf440130.html
6134,20260214__ilko.ir__81cb981f26c3.html
6135,20260214__imamali.kums.ac.ir__c871302558f3.html
6136,20260214__impasco.gov.ir__95d7f8d46b77.html
6137,20260214__inoi.ir__a63b839ab14c.html
6138,20260214__intizar.ir__2b1e8cf464cc.html
6139,20260214__iotco.ir__cebc001ebe15.html
6140,20260214__ipso.ir__8abd1d48ec04.html
6141,20260214__iranfreon.ir__66e1c2666808.html
6142,20260214__iranhypnose.ir__336a9e822478.html
6143,20260214__irannama.iran.ir__71ee9eb666d8.html
6144,20260214__iranontrip.ir__636c6390ac3b.html
6145,20260214__iranpress.ir__9df1060cd2d9.html
6146,20260214__iranrubbermag.ir__60f745c1ff12.html
6147,20260214__irantire.ir__1a82095af30f.html
6148,20260214__irantrampoline.ir__93a910b879fa.html
6149,20260214__irbegard.ir__a28a122cb205.html
6150,20260214__irtdc.ir__fd80ad5d1b46.html
6151,20260214__iscci.ir__6a1f70bbb5e6.html
6152,20260214__iselt.journals.umz.ac.ir__f2af689769a4.html
6153,20260214__isfahan.isipo.ir__da142b20bc7e.html
6154,20260214__isfahanplus.ir__c4f842c127f3.html
6155,20260214__isfahanptc.ir__9daae9c3ecf6.html
6156,20260214__islamshahr.iau.ir__98e38f791426.html
6157,20260214__isrc.ifsri.ir__ae012f186391.html
6158,20260214__istanbul.mfa.ir__52b31ab75919.html
6159,20260214__itunes.ir__b98fb5c78775.html
6160,20260214__ivygame.ir__156952d389c0.html
6161,20260214__jalebtar.ir__3b93a1b97d8c.html
6162,20260214__javankhodro.ir__8198db066bd4.html
6163,20260214__javanyaar.ir__99ec91e16463.html
6164,20260214__jdmarkazi.ac.ir__7dbc509f03e9.html
6165,20260214__jic.uk.ac.ir__973ccb8da97b.html
6166,20260214__jiroft.kr.ir__c6eb22c1bd7a.html
6167,20260214__jmpb.znu.ac.ir__6bb36f48b21b.html
6168,20260214__joasi.ir__62604d03bd58.html
6169,20260214__journal.asi.org.ir__8cd1b3a11fc1.html
6170,20260214__journal.isihistory.ir__7687bea69f0e.html
6171,20260214__journals.dte.ir__1d84f8b0c47e.html
6172,20260214__k-b.ir__d35c08a84c8a.html
6173,20260214__kaenat.ir__71127c1bf2a5.html
6174,20260214__kahnooj.kr.ir__6b8004eac5cd.html
6175,20260214__kakheaseman.ir__70ed96f10d5f.html
6176,20260214__kalanshahr.ir__9f985437b367.html
6177,20260214__karafarinleasing.ir__286513731d42.html
6178,20260214__karajemrouz.ir__20523524a409.html
6179,20260214__karajmetro.ir__9671395bac41.html
6180,20260214__karoon.ac.ir__1f49c266dde6.html
6181,20260214__kava.ir__0c15d688c6bd.html
6182,20260214__kavoshakhbar.ir__699a022753d3.html
6183,20260214__kelarabad.ir__2651bd671f2d.html
6184,20260214__kerman.isna.ir__f36d2d324d4a.html
6185,20260214__kermanshah.farhang.gov.ir__64738d17dc31.html
6186,20260214__kermanshah.mcth.ir__294870067970.html
6187,20260214__ketabesadiq.ir__b8098af3a206.html
6188,20260214__khabar.shirazu.ac.ir__34d4de03a423.html
6189,20260214__khabarrazmavar.ir__a9e797efe315.html
6190,20260214__khakriz.roshd.ir__4381331709d2.html
6191,20260214__khalkhal.ostan-ar.ir__ccfd2d178c57.html
6192,20260214__khansarnews.ir__86ddc6e324fb.html
6193,20260214__kharazmi.ir__546e8cf7728a.html
6194,20260214__khargpetrochemical.ir__90362b7deac4.html
6195,20260214__khatesorkh.ir__131f37b89a31.html
6196,20260214__khazarnama.ir__3597912e0581.html
6197,20260214__kheradgan.ir__0904233f9a6a.html
6198,20260214__khj.farhang.gov.ir__754d28dfa91b.html
6199,20260214__khomamnews.ir__4f3524b0c1af.html
6200,20260214__khomeinishahr.farhang.gov.ir__b49ee259c5a5.html
6201,20260214__khonj.sums.ac.ir__005f394fe8d9.html
6202,20260214__khorasanrazavi.mcls.gov.ir__eb4035154b9e.html
6203,20260214__khrz.farhang.gov.ir__64ef69c4004f.html
6204,20260214__khuzestan-cement.ir__1e8a50c7b2cf.html
6205,20260214__khzdoe.ir__3da15ecdb0f3.html
6206,20260214__kimiyayeshomal.ir__3e2fc42dbf73.html
6207,20260214__kj-agrijahad.ir__433c05f66f78.html
6208,20260214__kochegard.ir__d624fb338c59.html
6209,20260214__kogpc.nisoc.ir__494a9ba05e2e.html
6210,20260214__koohbanan.kr.ir__6fe8574c62f3.html
6211,20260214__kordestan.isna.ir__c64b5585db47.html
6212,20260214__krnpc.ir__ea239061949d.html
6213,20260214__kumesh.ac.ir__496de6b4ee99.html
6214,20260214__kzpc.ir__ae77e39321e5.html
6215,20260214__lalinews.ir__471b5470e74a.html
6216,20260214__landspa.ir__856e860db8a9.html
6217,20260214__lib.iut.ac.ir__e64ccf69b8dd.html
6218,20260214__lib.razi.ac.ir__5b5eb416d60b.html
6219,20260214__lib.semnan.ac.ir__f910e2820981.html
6220,20260214__library.art.ac.ir__3d4136dcb4f4.html
6221,20260214__lidomaeng.ir__69f8671a7262.html
6222,20260214__literature.ihss.ac.ir__bee0eb391194.html
6223,20260214__lohedana.ir__842a05774755.html
6224,20260214__lvp.iripo.ir__e91316a7782b.html
6225,20260214__m-kermani.ir__ac7cbb854592.html
6226,20260214__m2.tabriz.ir__e027a0418b2d.html
6227,20260214__maab.iki.ac.ir__39311563d782.html
6228,20260214__maaref.ac.ir__ac0625a7d53c.html
6229,20260214__madadkarnews.ir__53da3b6fe5ed.html
6230,20260214__madeh12.ir__657941a91a01.html
6231,20260214__mafakher.um.ac.ir__38ba75700c0b.html
6232,20260214__makidam.ir__02f3773a9181.html
6233,20260214__mambotemplate.ir__d774a00cc697.html
6234,20260214__manajournal.ir__46859af37e9e.html
6235,20260214__manisoft.ir__7ae054ddfd24.html
6236,20260214__manjilnews.ir__ec6bc921a4a0.html
6237,20260214__mapnasts.ir__d5acc91ca39f.html
6238,20260214__maravehtappeh.golestanp.ir__dd3cb905b0b5.html
6239,20260214__marivanava.ir__876172383016.html
6240,20260214__masalnews.ir__e32db89a5dc0.html
6241,20260214__mashal.mop.ir__e1d842e04a28.html
6242,20260214__mazandaran.farhang.gov.ir__284da98955e5.html
6243,20260214__mazandaran.mporg.ir__228e53fa850c.html
6244,20260214__mechanic.semnan.ac.ir__435cd9509531.html
6245,20260214__medhistory.ir__2d1043696abe.html
6246,20260214__mehralborz.ac.ir__cef39209b2da.html
6247,20260214__mehrazi.ir__66bba33209ba.html
6248,20260214__memarifa.ir__bb2bba96639a.html
6249,20260214__mesnikzanjan.ir__98e46411a855.html
6250,20260214__metal.semnan.ac.ir__2927dfa5249c.html
6251,20260214__mhbb.ir__8baad1e377e7.html
6252,20260214__micm.uswr.ac.ir__4f9d70035051.html
6253,20260214__mizan.ac.ir__3460923c438c.html
6254,20260214__mjdkh.ac.ir__00a86afeaf1e.html
6255,20260214__mmi.tbzmed.ac.ir__db29a634e33f.html
6256,20260214__mocca.ir__a50beb2c89b6.html
6257,20260214__mochmag.ir__cd0c8c5123cc.html
6258,20260214__modeworld.ir__64ef76706cc6.html
6259,20260214__mofateh.cfu.ac.ir__e449d2c45c74.html
6260,20260214__mohaddes.ac.ir__b68d48e7565b.html
6261,20260214__momgene.ir__943f85a2af2a.html
6262,20260214__monasebat.anhar.ir__2317fc0b47d7.html
6263,20260214__moravej.areeo.ac.ir__e568b74412d2.html
6264,20260214__msagheb.ir__a3be6b2b5aac.html
6265,20260214__msc.semnan.ac.ir__d3eef185028b.html
6266,20260214__mspco.ir__5386a46a125e.html
6267,20260214__mtq.ir__8f92d6607723.html
6268,20260214__museum.ict.gov.ir__7cca44115c4c.html
6269,20260214__museum.tbzmed.ac.ir__6275d412f32f.html
6270,20260214__museum.tums.ac.ir__aa1bc138580a.html
6271,20260214__my-fish.ir__1379947030b9.html
6272,20260214__my.gov.ir__1d914453040c.html
6273,20260214__my.isfahan.ir__d850abfe6e55.html
6274,20260214__myawards.ir__c301b8ddbc21.html
6275,20260214__mychem.ir__3ec83df2d569.html
6276,20260214__mytehran.ir__bda438eec98f.html
6277,20260214__naebi.ir__9f3d864947f7.html
6278,20260214__nagadeh-ag.ir__4724dbda4265.html
6279,20260214__najaf.mfa.ir__5443613c8d42.html
6280,20260214__namazi.sums.ac.ir__8184d2fce253.html
6281,20260214__namin.ostan-ar.ir__2b114d081d89.html
6282,20260214__nanostandard.ir__e12f3150b850.html
6283,20260214__nasibeh.cfu.ac.ir__f13d079051a7.html
6284,20260214__nasirbp.ir__6d00c9e12f65.html
6285,20260214__nava.ir__d62315a396ff.html
6286,20260214__nazaronline.ir__62d278cd20d8.html
6287,20260214__nbshahrood.ac.ir__acacce4d7bfa.html
6288,20260214__nedayeesfahan.ir__fa082a04afdc.html
6289,20260214__negahholding.ir__5fce38d9c3a2.html
6290,20260214__news.amfm.ir__1ecabac30c4f.html
6291,20260214__news.masjed.ir__1d5b8a322a72.html
6292,20260214__news.najafabad.ir__007951b88d4d.html
6293,20260214__news.ostan-khz.ir__bd92d8ed98e6.html
6294,20260214__newsec.ir__7b4227252016.html
6295,20260214__newtechs.ir__ee5f13f54b5c.html
6296,20260214__nigc-kerman.ir__2da1af38ead0.html
6297,20260214__nigc-nkgc.ir__69018d5a5449.html
6298,20260214__nikapharma.ir__5336da0fc135.html
6299,20260214__nikkhooy.ir__f877d7692785.html
6300,20260214__noor-afshar.ir__ad57146c8779.html
6301,20260214__nooretouba.ac.ir__ec50dce8547c.html
6302,20260214__nooshabad.ir__57d825fdb2f8.html
6303,20260214__north.pasteur.ac.ir__7421b8f88d21.html
6304,20260214__novinshahrsaz.ir__a6397c01fd9f.html
6305,20260214__nrec.ir__8d540a9d0af8.html
6306,20260214__ofdn.ir__d0acbfe88acc.html
6307,20260214__official.sums.ac.ir__3bb5270313f0.html
6308,20260214__ofoghtehran.ir__98ab0da3227d.html
6309,20260214__olama-orafa.ir__070d800aa34a.html
6310,20260214__old.apll.ir__97782cc315dd.html
6311,20260214__olympiadlab.ir__c0ca4e95951c.html
6312,20260214__oniketab.ir__ce8a4468b14b.html
6313,20260214__orumiyeh.isna.ir__c663cf27c459.html
6314,20260214__ot.uswr.ac.ir__938c451328f9.html
6315,20260214__otaria.ac.ir__1a274a0b1b42.html
6316,20260214__p30day.ir__f7c6d741d0cc.html
6317,20260214__paarsadab.ir__3134dc0eeeed.html
6318,20260214__pakistan.mfa.gov.ir__3cdcd6f4f426.html
6319,20260214__pakzi.ir__28aaf1197b73.html
6320,20260214__palet.ir__274f21749941.html
6321,20260214__palic.ir__d503f883e752.html
6322,20260214__palizbook.ir__7f806f208a66.html
6323,20260214__paraedu.ir__194f59779689.html
6324,20260214__paramedicine.kaums.ac.ir__6a7632d918bc.html
6325,20260214__parsabad.ostan-ar.ir__8ab34c2978dc.html
6326,20260214__parsbadane.ir__5899a7085d38.html
6327,20260214__parsdarou.ir__34d2429f7c21.html
6328,20260214__parsfars.ir__5bf5838cfb70.html
6329,20260214__pas.cfu.ac.ir__8c676138f132.html
6330,20260214__paupc.ir__6c60f7896cdf.html
6331,20260214__paymanonline.ir__7c2d6873120c.html
6332,20260214__pcmaktab.ir__b61ebda697cd.html
6333,20260214__pdf-doc.ir__faa55c3806a1.html
6334,20260214__persiangulf.iranology.ir__9589418714e4.html
6335,20260214__peykneka.ir__0221b3ad3c88.html
6336,20260214__pgsez.ir__4e6ab0b46db5.html
6337,20260214__pharmfac.tbzmed.ac.ir__4301fc39dc9f.html
6338,20260214__piranshahrrudaw.ir__412237bebecd.html
6339,20260214__plan.isfahan.ir__00b62f6c1b7d.html
6340,20260214__platohonar.ir__8e0572d6f741.html
6341,20260214__polymervapooshesh.ir__110f906491ae.html
6342,20260214__portal.iranpl.ir__a53f1802c7bf.html
6343,20260214__portal.ircg.ir__3b3c2520fb23.html
6344,20260214__portals.nlai.ir__4abf7d50e873.html
6345,20260214__powertel.ir__c2fe3916eed1.html
6346,20260214__ppam.semnan.ac.ir__c053d00853bf.html
6347,20260214__pr.ui.ac.ir__bc05cd04f8e6.html
6348,20260214__preschool.uswr.ac.ir__aba0234c0ba3.html
6349,20260214__profarmer.ir__a04199baf70e.html
6350,20260214__profile.semnan.ac.ir__4bb239d910e6.html
6351,20260214__prs.cfu.ac.ir__9fc556367a12.html
6352,20260214__psb.cfu.ac.ir__00bcfd43b48d.html
6353,20260214__psychosis.uswr.ac.ir__1e3340c169c9.html
6354,20260214__psyedu-exchild.uswr.ac.ir__96dcb7c881e5.html
6355,20260214__qazvin.ivo.ir__f8783d09de17.html
6356,20260214__qazvinroad.ir__7d011d825297.html
6357,20260214__qeshmsetare.ir__0d6923682c12.html
6358,20260214__qumpress.ir__8e6cee0b08ff.html
6359,20260214__rabor.kr.ir__14819fb5adc0.html
6360,20260214__rafda.ir__76e96faf2530.html
6361,20260214__rahenou.ir__6d93f0a19c78.html
6362,20260214__rangeiman.ir__101c47d695d0.html
6363,20260214__rasam.ac.ir__e1da80e7b16b.html
6364,20260214__ravar.kr.ir__85bea0b43bb9.html
6365,20260214__rayanee.ac.ir__dd933c9ea397.html
6366,20260214__razi.bums.ac.ir__f6872bb78973.html
6367,20260214__raziclimate.ir__8912d1dba660.html
6368,20260214__refah.tehran.ir__a431055ad443.html
6369,20260214__region11.tehran.ir__85277f5450ac.html
6370,20260214__region12.tehran.ir__73102ac3f97e.html
6371,20260214__region14.tehran.ir__02f61e5fe8af.html
6372,20260214__region15.tehran.ir__e2703e11b3f1.html
6373,20260214__region19.tehran.ir__66a889d10911.html
6374,20260214__region21.tehran.ir__28825f78825b.html
6375,20260214__region5.tehran.ir__5409e92eab3b.html
6376,20260214__region6.tehran.ir__0323fb610275.html
6377,20260214__region9.tehran.ir__24f0edc20aa8.html
6378,20260214__rehab.tums.ac.ir__4500db49c9d0.html
6379,20260214__rehabmanagement.uswr.ac.ir__e095dbe1b543.html
6380,20260214__reihaan.ir__444b2770a88c.html
6381,20260214__res.gmu.ac.ir__a08e35644017.html
6382,20260214__rey.ostan-th.ir__4fc30cb24b80.html
6383,20260214__reyshahri.ir__e57f0999008a.html
6384,20260214__rezvanshahr.gilan.ir__7ccffdef42cc.html
6385,20260214__rmarefat.profile.semnan.ac.ir__ec1ab2968d42.html
6386,20260214__roozaligudarz.ir__1a9c3a86f58b.html
6387,20260214__rouyeshzagros.ir__31da9518544b.html
6388,20260214__rpcd.irantvto.ir__879a1ac4417d.html
6389,20260214__rpics.ir__01e144f79552.html
6390,20260214__sabzevarnews.ir__232fe1e350e1.html
6391,20260214__saeedvakil.ir__a8c2b0ce5323.html
6392,20260214__safahan.ac.ir__118c731006b8.html
6393,20260214__safavica.ir__0a0a6b0d0b8e.html
6394,20260214__saghez.ostan-kd.ir__5f42e92174da.html
6395,20260214__sahneh.kums.ac.ir__97997240db81.html
6396,20260214__salehin.ir__684e17003d34.html
6397,20260214__samandehi.tehran.ir__0ab6cbace616.html
6398,20260214__sanattourism.ir__d22ed0cddd16.html
6399,20260214__sardarjonoub.ir__ef0c328ae967.html
6400,20260214__sarmadins.ir__d90ecf8e5162.html
6401,20260214__sattari.ir__c8f3e5bb5c4f.html
6402,20260214__schowzeh.ir__e694a061484e.html
6403,20260214__sciencelabs.ir__13d07bdc9436.html
6404,20260214__scma.aut.ac.ir__7b56f305d055.html
6405,20260214__screenkala.ir__807648ce34df.html
6406,20260214__seez.ir__08f7f02a8ff4.html
6407,20260214__semega.ir__db1a2d656048.html
6408,20260214__semnan.mporg.ir__f4ef6c0398d6.html
6409,20260214__sg.rai.ir__9fa4e3d5aaf3.html
6410,20260214__sgi.ir__896756271e1c.html
6411,20260214__shabakehiranian.ir__9b92efbcdc6d.html
6412,20260214__shahindezh-ag.ir__db83367e6d9e.html
6413,20260214__shahrban.tehran.ir__93024c3fe7ff.html
6414,20260214__shahrekord.ostan-chb.ir__b5cf8e0bc442.html
6415,20260214__shahrekordpl.ir__d8b49f54ef21.html
6416,20260214__shahrlatifi.ir__3567124c33e6.html
6417,20260214__shahrvand.tehran.ir__5823de0152ee.html
6418,20260214__shamsa.ir__f2bfc67b816a.html
6419,20260214__shayankm.ir__9962b4513b64.html
6420,20260214__shereiran.ir__d0da302d5a8f.html
6421,20260214__shereno.ir__b53d227649b2.html
6422,20260214__shgol.ac.ir__16031f0d3a5e.html
6423,20260214__shia.ir__af133e3ad5f7.html
6424,20260214__shiraz-beethoven.ir__1e04f6436ab6.html
6425,20260214__shirodisportcomplex.ir__c5cbb56a441d.html
6426,20260214__shirvan.ir__ef41ff8dc0cb.html
6427,20260214__shmoton.ir__522057216b60.html
6428,20260214__shop.isca.ac.ir__5a18e4120464.html
6429,20260214__shora.isfahan.ir__ac453262258e.html
6430,20260214__shrgh.cfu.ac.ir__9bccd7323852.html
6431,20260214__shrsh.cfu.ac.ir__bdc4c3d999fa.html
6432,20260214__sirdan-sh.ir__e2c2a801f0b9.html
6433,20260214__sirums.ac.ir__38a4c6b5d1b0.html
6434,20260214__sobhekherad.ir__df83b312cb16.html
6435,20260214__socialwelfare.uswr.ac.ir__06ff60a8369a.html
6436,20260214__socialwork.uswr.ac.ir__5af5ffd30ca2.html
6437,20260214__soea.sbu.ac.ir__1d2d7c589ecc.html
6438,20260214__soft-ng.ir__299830f27ffa.html
6439,20260214__somesara.gilan.ir__aba3241693f4.html
6440,20260214__songhor.kums.ac.ir__a21890ed955d.html
6441,20260214__sourehfilm.ir__9a55e51ba0c1.html
6442,20260214__speechtherapy.uswr.ac.ir__a00ce3d30833.html
6443,20260214__spgc.ir__3854988c27f5.html
6444,20260214__spidey.ir__23ad27f69cd6.html
6445,20260214__sportdownload.ir__30de6405a0c4.html
6446,20260214__spss-amar.vcp.ir__4378e6170a50.html
6447,20260214__ssm.bpums.ac.ir__9315b5580008.html
6448,20260214__stpc.ir__03e91479e79a.html
6449,20260214__success98.ir__4d6db34ede07.html
6450,20260214__t4t.ir__8c493c9ecf33.html
6451,20260214__tabarok.ir__356ace1b3360.html
6452,20260214__tabriz.iau.ir__1e8e7722ffe3.html
6453,20260214__talesh.gilan.ir__7d2bd809b77a.html
6454,20260214__tanvarz.ir__5dff144d7f98.html
6455,20260214__taxirani.qazvin.ir__13255501421c.html
6456,20260214__teamkits.ir__ef038afaca83.html
6457,20260214__tech24.ir__9220e3dd32de.html
6458,20260214__techorthopedic.uswr.ac.ir__58c4fcabe1a6.html
6459,20260214__tehran.msy.gov.ir__bc873fad7be9.html
6460,20260214__tehrantoseoul.ir__0f8b164ff27a.html
6461,20260214__telekish.ir__0c770eb8689e.html
6462,20260214__theateronline.ir__af55c031a40e.html
6463,20260214__theo.ui.ac.ir__3488c832439d.html
6464,20260214__tirpress.ir__493f546b4a60.html
6465,20260214__tjpc.ir__a9dc67b1b9d7.html
6466,20260214__tmbs.farhang.gov.ir__50cf3a6f4176.html
6467,20260214__tofighonline.ir__6b01da7e6a70.html
6468,20260214__toosbook.ir__9c43aa89a38c.html
6469,20260214__tourdanesh.ir__d11fb4f49295.html
6470,20260214__tourismpaper.ir__4127e70dfd1f.html
6471,20260214__treatment.tbzmed.ac.ir__035b428912ad.html
6472,20260214__trustluxe.ir__3bb3f88dd994.html
6473,20260214__tto.um.ac.ir__361df1175380.html
6474,20260214__ttpc.ir__662748e64877.html
6475,20260214__tusca.ut.ac.ir__4f1469496926.html
6476,20260214__tv.filmnet.ir__b4436211e465.html
6477,20260214__ucmas.ir__0d2a6179dd1c.html
6478,20260214__upto.ir__a19c727e7669.html
6479,20260214__urmiatabligh.ir__3e2de035dfeb.html
6480,20260214__usid.irandoc.ac.ir__f6c69421bcc8.html
6481,20260214__uzbekistan.mfa.gov.ir__7695a56efd48.html
6482,20260214__vch.qums.ac.ir__b4e89a0c2231.html
6483,20260214__venusiha.ir__7560251ca4dd.html
6484,20260214__vetmed.shirazu.ac.ir__64bd18420bbf.html
6485,20260214__vgto.ir__0f9385f41670.html
6486,20260214__voiceart.ir__d7c2f344733b.html
6487,20260214__webbnasa.ir__0adcc32d94f5.html
6488,20260214__wkpl.ir__fc813a6c4104.html
6489,20260214__www5.isna.ir__e7e2af4ab28d.html
6490,20260214__xelinic.ir__b5cf6a769aee.html
6491,20260214__yarizan.ir__fee1a39475bd.html
6492,20260214__yashar-survival.ir__53dbd41c8204.html
6493,20260214__yazd-thesis.blog.ir__18fe676b026e.html
6494,20260214__zamyad.ir__328a7e8fa635.html
6495,20260214__zanjan.bmn.ir__128b7e8e36af.html
6496,20260214__zanjan.farhang.gov.ir__18ee2e187601.html
6497,20260214__zanjan.iau.ir__b30db5c0ee98.html
6498,20260214__zarghami-ez.ir__e4823d9a3e2a.html
6499,20260214__zarmacaron.ir__1492a40deba7.html
6500,20260214__zimed.ir__091eb72e7cd9.html
6501,20260214__ziryanmukryan.ir__6ad81438c799.html
6502,20260214__zn.uast.ac.ir__ca1e3e4d9614.html
6503,20260214__zomorodmall.ir__b2f97b5d3e73.html
6504,20260214__zoomsportfa.ir__8c9735b0feb1.html
6505,20260215__0912sim.ir__49fb322bbde9.html
6506,20260215__1ravan.ir__2f6a5b4f7477.html
6507,20260215__1yaar.blog.ir__71f9a9247692.html
6508,20260215__2tehrani.ir__80d234d0bc0d.html
6509,20260215__456.ir__cb594711dd8f.html
6510,20260215__8box.ir__f73ecbc01d9d.html
6511,20260215__aalishahr.ntdc.ir__60d65f09ea2d.html
6512,20260215__abarkooh.gov.ir__cf7802e654f5.html
6513,20260215__abasabad.tehran.ir__adf275d4df1e.html
6514,20260215__abbasihotel.ir__dda411017173.html
6515,20260215__abdolirad.ir__4afe8f18d332.html
6516,20260215__aboualipt.ir__69001807be39.html
6517,20260215__abtaab.ir__3af92c5b1705.html
6518,20260215__abumusa.hormozgan.ir__f7dc17af29ba.html
6519,20260215__adabiatekhallag.ir__1807b5c8187d.html
6520,20260215__adaservice.ir__134f7faba704.html
6521,20260215__adfars.ir__99ea3ceb4172.html
6522,20260215__adineyazd.ir__7051c95898d9.html
6523,20260215__adlnameh.ir__f30128e4b466.html
6524,20260215__aeinbavar.ir__69ba2f54d2ac.html
6525,20260215__aes.basu.ac.ir__d96a5ef030b6.html
6526,20260215__af.irna.ir__ccafe192fced.html
6527,20260215__agdag.ir__0db503d2f555.html
6528,20260215__agogpc.nisoc.ir__f14386e36c38.html
6529,20260215__ahkam.anhar.ir__8be32a792151.html
6530,20260215__ahvalkermanshah.ir__145eb5cd9e6e.html
6531,20260215__aine.ir__2f07dddc3c98.html
6532,20260215__aismartvehicle.aut.ac.ir__0c379a5c74cc.html
6533,20260215__aj.ac.ir__eb1d2914953c.html
6534,20260215__ajilgolchin.ir__cc1f68a26957.html
6535,20260215__alavi.mums.ac.ir__e642b6b2626b.html
6536,20260215__alavipanah.ir__5275d09ae979.html
6537,20260215__allamehelli5edu.ir__ee4d82780627.html
6538,20260215__alocargo.ir__a1f1a1cfe101.html
6539,20260215__amirghafarmanesh.ir__ff21f507acf4.html
6540,20260215__anabad.ir__3569e821cc5a.html
6541,20260215__anaroyal.ir__a784c472e014.html
6542,20260215__andika.ostan-khz.ir__811ba32ef99f.html
6543,20260215__andre.ir__3fa9c856ace0.html
6544,20260215__anjomanvet.ir__96c35631b899.html
6545,20260215__antifakenews.ir__5d2b4f6d790b.html
6546,20260215__aoa.ir__d30c8673a246.html
6547,20260215__apblog.ir__ba4df7fe37d8.html
6548,20260215__apd.tabriz.ir__380259744369.html
6549,20260215__apmusic.ir__f9f459bfa4da.html
6550,20260215__appliedzoology.um.ac.ir__35b00b5ae1ac.html
6551,20260215__aramestan.bijar.ir__a1e58eb7f308.html
6552,20260215__aramusic.ir__1ab3153af40d.html
6553,20260215__arazindustry.ir__91d6ea874ad4.html
6554,20260215__arbitration.tccim.ir__a6c9f23c5724.html
6555,20260215__arch.pgu.ac.ir__fc0c75822f7b.html
6556,20260215__archaeologist.ir__3be812b8a3f0.html
6557,20260215__ardabil.iranology.ir__bfbbcbe96175.html
6558,20260215__ariantel.ir__b86e1e878ddb.html
6559,20260215__armanara.ir__3502fbb0906b.html
6560,20260215__art.neyshabur.ac.ir__fc0ee7aa3b3a.html
6561,20260215__artmag.ir__df89b3b46e14.html
6562,20260215__asb.cfu.ac.ir__4c63a27358f2.html
6563,20260215__asbabbazi.qazvin.ir__52dd9e5e4d08.html
6564,20260215__asheghanehseries.ir__81d671ba3c5d.html
6565,20260215__asrsabzevar.ir__351457e5e4bb.html
6566,20260215__atlas.uok.ac.ir__9bf694789366.html
6567,20260215__atlasflag.ir__cba62b323170.html
6568,20260215__atridad.ir__ad52c20a01ad.html
6569,20260215__austria.ir__2cf237173e15.html
6570,20260215__authin.ir__240ec9eee2e1.html
6571,20260215__avash.ir__7a67ea520541.html
6572,20260215__avayesabzaram.ir__8843d0f93a82.html
6573,20260215__avidic.ir__93c7587ae2b2.html
6574,20260215__aysanmag.ir__ab963879ee69.html
6575,20260215__azadshahr.golestanp.ir__4e1c926a72d2.html
6576,20260215__azarchasb.ir__5e9b3954c04d.html
6577,20260215__azna-gov.ir__39130e2a4d87.html
6578,20260215__badbaddak.ir__c9a09b62c12e.html
6579,20260215__badbannews.ir__0abd820a4c58.html
6580,20260215__bafroo.ir__29d1af7b7bf6.html
6581,20260215__baharekavar.ir__e07165d2c83f.html
6582,20260215__bahmaniturbo.ir__9df1bf9d4bdb.html
6583,20260215__bakhtegan.farsp.ir__b00a264ddf69.html
6584,20260215__baluchi.rzb.ir__1fd1d2ed2758.html
6585,20260215__bamnews.ir__0ef5c1ca08ad.html
6586,20260215__bandarlengeh.ir__b0975b0836e8.html
6587,20260215__bangkok.mfa.gov.ir__5e13d0dca3b5.html
6588,20260215__bankbourse.ir__192a0587fdf0.html
6589,20260215__barnameh.ostan-khz.ir__904799cad1f7.html
6590,20260215__basir-abyek.ac.ir__718f3a818040.html
6591,20260215__baten.ir__2417b6c700a6.html
6592,20260215__batissilicate.ir__72aec5f4e4a2.html
6593,20260215__bavandecor.ir__7e54a283f116.html
6594,20260215__bayazeh.ir__9b8b93d4d1a3.html
6595,20260215__bbr.uk.ac.ir__3e73e7ea52b9.html
6596,20260215__bcancer.ir__4981b1174b43.html
6597,20260215__behafarinco.ir__2328316d42cc.html
6598,20260215__beheshti.mubabol.ac.ir__b1f19252ecd5.html
6599,20260215__behrouzrazavi.ir__72d58cbbd4be.html
6600,20260215__behtarinvakilshahr.ir__78d8264072d6.html
6601,20260215__belka.co.ir__1f71d2a5f0ea.html
6602,20260215__berkehonline.ir__57095bd80628.html
6603,20260215__bes.pgu.ac.ir__6e8766cb1cb6.html
6604,20260215__besat.kmu.ac.ir__6c5d7ccdfeed.html
6605,20260215__big-news.ir__5c1c9ac30661.html
6606,20260215__biknews.ir__db3641da234a.html
6607,20260215__binalood.ntdc.ir__a648fe00eb6c.html
6608,20260215__bishandish.ir__208f77a49855.html
6609,20260215__bitmusics.ir__cccadefcfd26.html
6610,20260215__bizbooks.ir__7fb1f0476022.html
6611,20260215__blog.glinboy.ir__cbc1d5a1b66a.html
6612,20260215__blog.snappfood.ir__af388aa5d272.html
6613,20260215__bmiandasht.farhang.gov.ir__3a39c83ea9ca.html
6614,20260215__bohlool.gmu.ac.ir__997a41fb1215.html
6615,20260215__bookaward.ir__cc78f161d638.html
6616,20260215__booshehr.iranology.ir__80a716e9f373.html
6617,20260215__bopnu.ir__74acba2c581e.html
6618,20260215__bornatranslate.ir__d212d80362da.html
6619,20260215__boroojen.ostan-chb.ir__2c22c8b32821.html
6620,20260215__boushehr.ict.gov.ir__713e582d940f.html
6621,20260215__bpms.cra.ir__945fd3eaaa6f.html
6622,20260215__bupc.ir__f77f66f673f3.html
6623,20260215__bushehrport.pmo.ir__3cdef3ed4235.html
6624,20260215__businessanthropology.ir__5b8b8b630fbe.html
6625,20260215__bzm.ir__6b8236d77506.html
6626,20260215__c-project.ir__888fd300e66f.html
6627,20260215__cafemina.ir__ed8fdf392e06.html
6628,20260215__callista.ir__80c19178c1bc.html
6629,20260215__casc.tehran.ir__f5589748f2ef.html
6630,20260215__caspiancms.ir__38fc5270d7b9.html
6631,20260215__cgtt.ir__38acd5b041da.html
6632,20260215__chabahar.sbportal.ir__3b268b7a76cf.html
6633,20260215__chapfelezat.ir__a2bed9553fb8.html
6634,20260215__chapmaham.ir__7b8e4dae3d88.html
6635,20260215__chenarnews.ir__2ad710f94deb.html
6636,20260215__chesstrainer.ir__e4217deb04c3.html
6637,20260215__chikadoo.ir__2a65009131f7.html
6638,20260215__chimohtava.ir__96dee6f58fde.html
6639,20260215__chpsi.ir__e888840b3dbe.html
6640,20260215__ciiorg.pgu.ac.ir__3458091d3155.html
6641,20260215__cinema120.ir__25818d23b0b7.html
6642,20260215__cinemaideal.ir__f66ce4abb973.html
6643,20260215__cinemaonline.ir__c5322301dbb0.html
6644,20260215__cinematheatre.ir__11f78f1d4100.html
6645,20260215__citrixtech.ir__b7f3dbd0acd2.html
6646,20260215__citydoors.ir__ef8d36c0cdd2.html
6647,20260215__cityplastic.ir__a6a50b6541dd.html
6648,20260215__classinar.ir__297ec0fd8ed0.html
6649,20260215__clinic-laser.ir__d56ab7e4add5.html
6650,20260215__clinicalgenetics.ir__f3350184ea98.html
6651,20260215__clinicalmedicine.ir__467e24ebf532.html
6652,20260215__codecup.ir__823d7cd0139a.html
6653,20260215__coffeecarol.ir__be02642aef8c.html
6654,20260215__companyregister.ir__a9444dadebfd.html
6655,20260215__conrec.ac.ir__82b70d2f4616.html
6656,20260215__corepo.ir__44818bdf48ac.html
6657,20260215__cpex.ir__f871b40747df.html
6658,20260215__cpts.um.ac.ir__58092ac36baa.html
6659,20260215__crcp.tums.ac.ir__b323e2e0c52a.html
6660,20260215__crl.rca.gov.ir__170cf0211103.html
6661,20260215__csdiran.ir__55a062edb601.html
6662,20260215__ctmag.ir__36995873dd00.html
6663,20260215__cue1.ir__b09837118cf1.html
6664,20260215__dailymobile.ir__86d9644e5c93.html
6665,20260215__damdaran.ir__08321b77e01b.html
6666,20260215__damnooshcafe.ir__eb4a364830ec.html
6667,20260215__darman.gerums.ac.ir__1eda45d36305.html
6668,20260215__darmanha.blog.ir__e55de46c813b.html
6669,20260215__darolfonoonmag.oerp.ir__240d1157c658.html
6670,20260215__daryakenar.ir__57abd2b291a4.html
6671,20260215__dehaqaniha.ir__9e3f1d64e1ee.html
6672,20260215__denanews.ir__1f33ba9f8593.html
6673,20260215__denizsport.ir__92de5d13f99d.html
6674,20260215__derakhshandegan.ir__1bfd1de03fd3.html
6675,20260215__dermatologyclinic.ir__0d832822dc88.html
6676,20260215__designmysite.ir__51163766fedc.html
6677,20260215__dfprk.cfu.ac.ir__2294e7015224.html
6678,20260215__dhm.iau.ir__f8903dca0b9a.html
6679,20260215__didegah.ir__6503ca3d1252.html
6680,20260215__digiontime.ir__241a62cc90b7.html
6681,20260215__digitcart.ir__d3c7c8c1aa64.html
6682,20260215__digmag.ir__8d3404418442.html
6683,20260215__disnews.ir__1c4a29f12e53.html
6684,20260215__dmelal.ir__393e3ee0ed90.html
6685,20260215__doctorgift.ir__361d12d58ff9.html
6686,20260215__dolat9-10.president.ir__b44a9dfa5d30.html
6687,20260215__domrud.ir__6effacbef749.html
6688,20260215__donyayezanane.ir__23b15214ebbb.html
6689,20260215__dornayezagros.ir__e7fa2cc6d658.html
6690,20260215__dr-ir.ir__4d9191b19dca.html
6691,20260215__drghazanfarpour.ir__6e1c822b6cfc.html
6692,20260215__drmahsamousavi.ir__9e7fc2a6d861.html
6693,20260215__drnobat.ir__b99ce4693118.html
6694,20260215__drshirvany.ir__8f991d15e227.html
6695,20260215__dsme.hums.ac.ir__e6c0f695dda8.html
6696,20260215__dubaisalam.ir__dba834c3e5b3.html
6697,20260215__dublin.mfa.gov.ir__63bc6e6c3c21.html
6698,20260215__e-color.ir__c84d958a41a5.html
6699,20260215__easygold.ir__bfe9cff7aad3.html
6700,20260215__echarge.taliya.ir__195139318d83.html
6701,20260215__edame.ir__d9cdac6a4137.html
6702,20260215__edari.msrt.ir__41be8c58c7d8.html
6703,20260215__edf.um.ac.ir__dfb3e07b504f.html
6704,20260215__ehdakolie.ir__47be0640b8aa.html
6705,20260215__eight.ir__e3a560214dba.html
6706,20260215__ejafari.ir__f251db85149a.html
6707,20260215__ejeisch.ir__caabd8301fee.html
6708,20260215__electromarket.ir__d1779b543f53.html
6709,20260215__electronasr.ir__fcb191290c05.html
6710,20260215__elisabt.ir__2d35473117cc.html
6711,20260215__emahan.ir__22fa4b4ddcfe.html
6712,20260215__ems.sirums.ac.ir__9d14adcb62e1.html
6713,20260215__en.mop.ir__1f5aaa91e6c2.html
6714,20260215__en.skums.ac.ir__6eddcbae0d74.html
6715,20260215__encycl.riqh.ac.ir__279e5ef9369f.html
6716,20260215__endopacs.ir__13b007df033a.html
6717,20260215__eng.neyshabur.ac.ir__fd7933679d9e.html
6718,20260215__ensabz.ir__e15095dfcfc6.html
6719,20260215__ent.ut.ac.ir__2cb41f6540cb.html
6720,20260215__es.tamin.ir__4c744330122f.html
6721,20260215__esfahan.rcs.ir__d25069d6f718.html
6722,20260215__eshtiec.ir__1fb0884b64e5.html
6723,20260215__esperlos.ir__6b878d03b971.html
6724,20260215__etehaddarb.ir__363f9db7e44a.html
6725,20260215__etminanshahr.ir__38e42f7df4a2.html
6726,20260215__evaz-shahrdari.ir__0eaa20c65b7c.html
6727,20260215__fa.arcrealestate.ir__693e78f15230.html
6728,20260215__faceliftcenter.ir__62ef40b473e3.html
6729,20260215__facultystaff.urmia.ac.ir__ca5085b51f3e.html
6730,20260215__fakharzadeh-amir.ir__487a2e041afb.html
6731,20260215__familymed.sbmu.ac.ir__ef4bd313b3c3.html
6732,20260215__faragirgroup.ir__ec79b7b37c51.html
6733,20260215__farahnaz.iranpour.ir__d95970c1b874.html
6734,20260215__faramaangroup.ir__faaee3a031b4.html
6735,20260215__farazin.co.ir__2bcaa6e6b8f8.html
6736,20260215__farhang.isti.ir__940a55657f01.html
6737,20260215__farhangi.qazvin.ir__f72a74ed87c7.html
6738,20260215__farmcafe.ir__58914594ffc7.html
6739,20260215__fars.irantvto.ir__05a6d0dfada5.html
6740,20260215__fars.theater.ir__2689285225ad.html
6741,20260215__farsan.ostan-chb.ir__0ab9d5628ce8.html
6742,20260215__farsbtc.ir__4bd3749960ca.html
6743,20260215__farsname.ir__d1d00845a1d6.html
6744,20260215__farsvet.ir__600706aac805.html
6745,20260215__farzanegan5edu.ir__242c51b32148.html
6746,20260215__fastfoodshop.ir__1d7780270021.html
6747,20260215__fastos.ir__fb28573846b9.html
6748,20260215__fava.qazvin.ir__3ceaaf0f6426.html
6749,20260215__fazayesabz.qazvin.ir__b3c5f96bdf49.html
6750,20260215__fda.behums.ac.ir__e25fe402c73b.html
6751,20260215__fem.tums.ac.ir__c7a261faeed9.html
6752,20260215__fereydan.farhang.gov.ir__d1ecf295e035.html
6753,20260215__fereydunshahr.farhang.gov.ir__7ffef0dc8f99.html
6754,20260215__fib.iau.ir__0aefec35fd4b.html
6755,20260215__fib.um.ac.ir__11da601d4567.html
6756,20260215__film2iranis.ir__28bf4a5e6ed6.html
6757,20260215__filmfamily.ir__643eb7b295fa.html
6758,20260215__filmira.ir__a18afa31a505.html
6759,20260215__finance.ir__6ccf7b2f0fc9.html
6760,20260215__firoozkooh.farhang.gov.ir__c38653e6fd65.html
6761,20260215__fitamin.ir__cea4bed12229.html
6762,20260215__fitcarsport.ir__cfce5f72250d.html
6763,20260215__fmsupports.ir__9a6f483c4da5.html
6764,20260215__foodres.ir__bc0051963bea.html
6765,20260215__forum.persianadmins.ir__06f7c801ee1c.html
6766,20260215__fozhannews.ir__0650469ab00f.html
6767,20260215__fpgpe.pgu.ac.ir__ec0df018a02d.html
6768,20260215__ftm.tbzmed.ac.ir__671dd4705655.html
6769,20260215__gamecitypsn.ir__483690fabb81.html
6770,20260215__gamification.ir__9dbc68d5ddbf.html
6771,20260215__ganjasong.rzb.ir__f8f9c469abc8.html
6772,20260215__ganjoorpub.ir__38743cf56439.html
6773,20260215__gardeshia.ir__8ccaabd96072.html
6774,20260215__gas-boiler.ir__0cc41bdca346.html
6775,20260215__generaldoor.ir__ee1336fdd915.html
6776,20260215__ghasemiasl.ir__b699180af448.html
6777,20260215__ghatarshahri.isfahan.ir__8ca6119c7dd3.html
6778,20260215__ghazavatonline.ir__2cfb47bb0d0d.html
6779,20260215__ghirokarzin.farsp.ir__d63af80fba18.html
6780,20260215__ghoumes.ir__0459fd43532e.html
6781,20260215__gilan.acecr.ac.ir__ac6c5e36caba.html
6782,20260215__gilan.frw.ir__93e345d0e7a9.html
6783,20260215__golabchi.ir__97e64a16b95a.html
6784,20260215__golestangums.ir__376f9977b596.html
6785,20260215__golpoonemag.ir__755c51582cd3.html
6786,20260215__golsarco.ir__6c19f9681897.html
6787,20260215__gomag.ir__cb34aee8da7c.html
6788,20260215__gonabadonline.ir__04ce15f72a28.html
6789,20260215__goonishadi.ir__073ae2cbd718.html
6790,20260215__gorganland.ir__5d798b2a5931.html
6791,20260215__gozareshehonar.ir__3069f3b495d1.html
6792,20260215__greatbustard.ir__665bc307d441.html
6793,20260215__greece.mfa.gov.ir__5b96bf569da9.html
6794,20260215__gsia.sums.ac.ir__638123f49cbe.html
6795,20260215__gvks.ir__9512c82210dd.html
6796,20260215__h-shahroudi.andishvaran.ir__0b59e668d72f.html
6797,20260215__ha.iau.ir__a261dc23c416.html
6798,20260215__hachiroud.ir__b9b0d8005625.html
6799,20260215__haftbagh.ir__4402b01c9250.html
6800,20260215__hajiabad.hormozgan.ir__23e16137fb49.html
6801,20260215__hamedannameh.ir__04f141052515.html
6802,20260215__hamicourse.ir__500d29b07607.html
6803,20260215__hamoon.sbportal.ir__c6681addc786.html
6804,20260215__hamyaraniran.ir__5585106d48ef.html
6805,20260215__hardware.itpro.ir__1d2f449567b1.html
6806,20260215__harmusic.ir__0d2fedfac0cf.html
6807,20260215__health.behums.ac.ir__ce62cabfaf3b.html
6808,20260215__hehpdept.mums.ac.ir__c12291704568.html
6809,20260215__helli1edu.ir__e299002030dc.html
6810,20260215__hesabafzarco.ir__35f50b36c72b.html
6811,20260215__himama.ir__65751dfeb611.html
6812,20260215__hlth1.mui.ac.ir__c091da84156b.html
6813,20260215__hmdt.ir__6bf8b01fb88d.html
6814,20260215__hnq.ac.ir__c757ce7a28b5.html
6815,20260215__honarechehre.ir__96d90b25443e.html
6816,20260215__honargift.ir__d9d3525e4e25.html
6817,20260215__hooshpeyma.ir__6d40ebfeff3c.html
6818,20260215__hpnu.ir__925cdad57cdb.html
6819,20260215__htainaction.tums.ac.ir__ef9eb454a3ca.html
6820,20260215__hum.pgu.ac.ir__ab7946faca04.html
6821,20260215__hvacmagazine.ir__e56c155b731d.html
6822,20260215__hydoc.ir__b16b4b2f6fae.html
6823,20260215__hydrofarm.ir__2d356f68e570.html
6824,20260215__hype.ir__ae1950e2e374.html
6825,20260215__ibaloot.ir__1330f0f7f044.html
6826,20260215__ibasa.ir__6ff4bc19c3c0.html
6827,20260215__ict.khuisf.ac.ir__b660eb76ce71.html
6828,20260215__ict.pgu.ac.ir__c3e0c029d673.html
6829,20260215__idrc.gmu.ac.ir__0ddb40c22386.html
6830,20260215__ieltsiran.ir__24d632a1a5be.html
6831,20260215__ihsorg.ir__b28b815af3c1.html
6832,20260215__iiesj.ir__bbb214221f01.html
6833,20260215__iistmu.ut.ac.ir__50a72ec93922.html
6834,20260215__ijes.mashhad.iau.ir__57adc20828b7.html
6835,20260215__ijwr.usc.ac.ir__3bb0f08fd4f2.html
6836,20260215__ilam-mcth.ir__c47d5b0219b6.html
6837,20260215__ilam.mcls.gov.ir__1e9624bf7b49.html
6838,20260215__ilamrasad.ir__25cfcfe089ae.html
6839,20260215__ilamvirtual.ir__68c596a50e00.html
6840,20260215__im.farhang.gov.ir__df8af21326d4.html
6841,20260215__imensanatariya.ir__8e1cc940456d.html
6842,20260215__imtd.ir__c1020e5096bd.html
6843,20260215__info.ir.com__3c3ea5fa6b2a.html
6844,20260215__intl.iau.ir__1be8fe32115b.html
6845,20260215__invest.qazvin.ir__c31fa3e11ac3.html
6846,20260215__ipaa.ir__6c3db0f8c26b.html
6847,20260215__irabnama.ir__9fa87babb65e.html
6848,20260215__iran-filee.ir__82b5929a2ac5.html
6849,20260215__iran-moringa.ir__09dd9069b35d.html
6850,20260215__irancpc.ir__551255a24ab9.html
6851,20260215__iranianjae.ir__bb8eced6da0a.html
6852,20260215__iraniweb.ir__c0556cbabd43.html
6853,20260215__iranmotioncontrol.ir__54b153d4afd3.html
6854,20260215__irannajo.ir__e8c9d760b2b7.html
6855,20260215__iranpour.ir__81ca1292f221.html
6856,20260215__ircsa.ir__f2ebd6a0da9b.html
6857,20260215__irsherkat.ssaa.ir__bc86f5a50c3d.html
6858,20260215__isao.isa.ir__888e4fb2bbaf.html
6859,20260215__iscrti.ir__3e478534c6d5.html
6860,20260215__isfahanvisit.ir__0c24e4138ccb.html
6861,20260215__ishm.um.ac.ir__eb8cee9b6ee1.html
6862,20260215__isqi.co.ir__02b30070816e.html
6863,20260215__istanbulsalam.ir__3168941464a8.html
6864,20260215__it.behums.ac.ir__c649e72bdf15.html
6865,20260215__itec.gov.ir__182d6f3e5c9e.html
6866,20260215__its.aut.ac.ir__878f4a6ce27e.html
6867,20260215__jahancinema.ir__a585b56667e4.html
6868,20260215__jahangardtour.ir__a2a17f443765.html
6869,20260215__jahanipress.ir__dc24826cd05b.html
6870,20260215__jalda.azaruniv.ac.ir__34dc5693b38b.html
6871,20260215__jalise.ir__8151cdb6d0ee.html
6872,20260215__jam.pgu.ac.ir__4961132e809b.html
6873,20260215__jametehran.ir__9e3b50d8e915.html
6874,20260215__jarestan.ir__1db5e60a0e4e.html
6875,20260215__jashnvaregolpayegan.ir__9307ffa2de83.html
6876,20260215__jask.hormozgan.ir__fba01f04a650.html
6877,20260215__jcbb.ir__9185314becc0.html
6878,20260215__jcls.shirazu.ac.ir__9ff944ffc65f.html
6879,20260215__jdeiut.ir__8ac8813976fa.html
6880,20260215__jdwalzarb.ir__14e3d87d2fcc.html
6881,20260215__jemcomotor.ir__b8c4549fff7e.html
6882,20260215__jhc.mashhad.iau.ir__1fb924ceea92.html
6883,20260215__jhe.usb.ac.ir__7e3b49acda1a.html
6884,20260215__jipa.ut.ac.ir__1c46f9c2dcc7.html
6885,20260215__jiujitsuonline.ir__946ae41dff18.html
6886,20260215__jocs.ir__d5a71e19264f.html
6887,20260215__joybar.farhang.gov.ir__f6fe5012f136.html
6888,20260215__jpgc.ir__09d96b62a6b9.html
6889,20260215__jrdms.dentaliau.ac.ir__39ca97ff5a4f.html
6890,20260215__jrrs.mui.ac.ir__db24a0bcdb57.html
6891,20260215__jrsgr.sru.ac.ir__14259d814533.html
6892,20260215__jungnegar.ir__905cd47f660d.html
6893,20260215__juparnews.r98.ir__e6fb1e017343.html
6894,20260215__jwmsei.ir__5d1596d5be34.html
6895,20260215__kadkancity.ir__831c9d40a84e.html
6896,20260215__kaffeketab.ir__7c37b306a315.html
6897,20260215__kaflux.ir__05a68e31a978.html
6898,20260215__kajemag.ir__aca9bd153630.html
6899,20260215__kalayetak.ir__413a0ddb3c28.html
6900,20260215__kansaipaint.ir__a9d1c992ffe1.html
6901,20260215__karajshahr.ir__1e7353c24eb4.html
6902,20260215__karan.ir__3066a006ed13.html
6903,20260215__kargan.ir__9ad267f62453.html
6904,20260215__karinoweb.ir__db1fabc6ee2e.html
6905,20260215__kartabriz.ir__ab286216df47.html
6906,20260215__kashmar.iau.ir__69495f15c6a3.html
6907,20260215__kashmar.ir__54f978ff0a15.html
6908,20260215__kashmari.ir__26d1d401d92a.html
6909,20260215__kazeroonhp.sums.ac.ir__4e949abb262e.html
6910,20260215__kazeroonnews.ir__9d9e243264be.html
6911,20260215__kazeroonweather.mbesoft.ir__1ebafbba8837.html
6912,20260215__kazerunnegah.ir__8d2ffb980c8c.html
6913,20260215__kenwoodservice.ir__553178e6b2a5.html
6914,20260215__kerman.ccoip.ir__753db9c658f4.html
6915,20260215__kerman.pnu.ac.ir__35351066a998.html
6916,20260215__kermanpl.ir__9a51b471bf41.html
6917,20260215__ketabaz.ir__db56c1e1a4df.html
6918,20260215__kgpr.ir__82975fa7ab83.html
6919,20260215__khabarban.ir__826b6bd93f2e.html
6920,20260215__khabarbandaremamkhomeyni.ir__bf641d93472f.html
6921,20260215__khabarmaku.ir__ba12d6cb78cd.html
6922,20260215__khabarvahonar.ir__6f783a4fa959.html
6923,20260215__khamir.hormozgan.ir__42603d361fea.html
6924,20260215__khandoozi.ir__4db98363d5dc.html
6925,20260215__khaneomidclinic.ir__1960a79d255e.html
6926,20260215__khash.sbportal.ir__3ba7112d8d39.html
6927,20260215__khatam.gov.ir__ce6a36c98b8f.html
6928,20260215__khayyerin.ir__54fae52a85cf.html
6929,20260215__kheramehhp.sums.ac.ir__0a75da09f40a.html
6930,20260215__kheu.ir__9685b84b657d.html
6931,20260215__khoobankhabar.ir__9b2f6943af4c.html
6932,20260215__khuzestanlug.ir__75fb3920a0a3.html
6933,20260215__kia-energy.ir__00e401b764de.html
6934,20260215__kimical.ir__4757f767e972.html
6935,20260215__kish4.ir__36b0a1e83dd3.html
6936,20260215__kooshkan.ir__7d589e354128.html
6937,20260215__kopolart.ir__b467f83a85c5.html
6938,20260215__kordestanpl.ir__d8b49f54ef21.html
6939,20260215__ksmdc.ir__d46f0d109765.html
6940,20260215__law.khuisf.ac.ir__96c82750f99b.html
6941,20260215__law.umz.ac.ir__3e7ea39565ad.html
6942,20260215__laws.mashhad.ir__ee7d3b2efb3e.html
6943,20260215__lenge.hormozgan.ir__427c3af0d1d0.html
6944,20260215__levar.ir__440b7670a6ed.html
6945,20260215__lib.znu.ac.ir__633cda542fbd.html
6946,20260215__ligvan.ir__689200f593c1.html
6947,20260215__liqvan.ir__de42d4d37aa8.html
6948,20260215__lit.neyshabur.ac.ir__fcf2162236b2.html
6949,20260215__litracon.ir__4abbf240db6c.html
6950,20260215__logo.saramad.ir__9c7b0d478ced.html
6951,20260215__loosia.ir__a791b3adea89.html
6952,20260215__lordegan.ostan-chb.ir__ad7dedea5a71.html
6953,20260215__lorestan.anjom.ir__7539fc55ef48.html
6954,20260215__lornama.meevand.ir__b3d084dc3034.html
6955,20260215__lotfabad.ir__2b9547212966.html
6956,20260215__luku.ir__6471af374daa.html
6957,20260215__maanews.ir__58c1ccf05c87.html
6958,20260215__mahandoc.ir__cfb3a528ea2b.html
6959,20260215__mahdisharifiyan.ir__226bd7396aa1.html
6960,20260215__mahkhabar.ir__55096d42a882.html
6961,20260215__mahpiano.ir__b8b349095a73.html
6962,20260215__mail.tamashakhaneh.ir__733f2054ebba.html
6963,20260215__majlesi.ntdc.ir__94d0b0ca03f1.html
6964,20260215__malard.farhang.gov.ir__210c4cf104a4.html
6965,20260215__malayer.quran.ac.ir__070b956e95a3.html
6966,20260215__mali.qazvin.ir__c63458d5bc4e.html
6967,20260215__manategh.tehran.ir__76fbabcb3ccd.html
6968,20260215__manopart.ir__d2c33b2a3b39.html
6969,20260215__mantaghe1.qazvin.ir__e506f9b38707.html
6970,20260215__mantaghe2.qazvin.ir__6bc4de435710.html
6971,20260215__mantaghe3.qazvin.ir__583fbe4aac80.html
6972,20260215__mantaghe4.qazvin.ir__463e991aa15d.html
6973,20260215__mapmuseum.tehran.ir__f0df2619f9c9.html
6974,20260215__marvdasht.farsp.ir__55d99642bb94.html
6975,20260215__masal.gilan.ir__bdbed063bc30.html
6976,20260215__mashhad.iastjd.ac.ir__37d3bdf85b78.html
6977,20260215__mashhadnegar.ir__6ae7ecbda5c8.html
6978,20260215__matbox.ir__e966f2c6aa5e.html
6979,20260215__matnpub.ir__970494e87b0c.html
6980,20260215__mayadin.qazvin.ir__e747536ee44a.html
6981,20260215__mazandaransport.ir__3ec0dd34ee81.html
6982,20260215__mazaninews.ir__81022133db11.html
6983,20260215__mconference.ir__2a065c517ba0.html
6984,20260215__med.gmu.ac.ir__697148bb3458.html
6985,20260215__medallion.ir.edgar-online.com__b66a32f902c1.html
6986,20260215__meshkindasht.ir__57691b6d59ab.html
6987,20260215__metalfinishing.ir__c2bbec78dd48.html
6988,20260215__metalleng.ir__aeb4248398c9.html
6989,20260215__meybod.gov.ir__0d0b66d15f6e.html
6990,20260215__meybod.quran.ac.ir__f4f418a8918c.html
6991,20260215__meybodadineh.ir__0f8dd143e137.html
6992,20260215__meydan.ir__aba641707e87.html
6993,20260215__mfiroozi.ir__9358f0d232d1.html
6994,20260215__mianehnegar.ir__91656b26bded.html
6995,20260215__micromadar.ir__1a71a66f26e4.html
6996,20260215__micropil.ir__207e7296199f.html
6997,20260215__mihanpsd.ir__90eef4ce1844.html
6998,20260215__minoodasht.golestanp.ir__3462b5c0e4b8.html
6999,20260215__mit.ac.ir__036373859a35.html
7000,20260215__mkhadijem.ir__f433f0860959.html
7001,20260215__mob4u.ir__70fa3f01ebdd.html
7002,20260215__mohammadhashemi.ir__072e2cb695d5.html
7003,20260215__mohiyeddin.ir__3911eca261a1.html
7004,20260215__mojebartar.ir__fec27741bdca.html
7005,20260215__montazeran.ir__3f570890e371.html
7006,20260215__moojekhabar.ir__c88696b19e99.html
7007,20260215__mortezasorbi.ir__aa98833cde4f.html
7008,20260215__motahari.jums.ac.ir__de4a5168c5da.html
7009,20260215__motocross.vcp.ir__691785ed2ad8.html
7010,20260215__mouodnews.ir__f9d27f3b673e.html
7011,20260215__mrglassshop.ir__18f77cab9962.html
7012,20260215__msc.tehran.ir__7a21fadbc01c.html
7013,20260215__mslc.ir__d10e8ffd962d.html
7014,20260215__msvclub.ir__7cbd5705b546.html
7015,20260215__mtfalborz.ir__63b4a3b42d27.html
7016,20260215__multimedia-en.tabriziau.ac.ir__5d0ac1c4a365.html
7017,20260215__mun13.isfahan.ir__fc769de50c33.html
7018,20260215__musallaka.ir__6bfd8ff9c0f1.html
7019,20260215__musiclove.ir__2bce638f1659.html
7020,20260215__my.ikf.ir__902f5b3c5884.html
7021,20260215__my.taliya.ir__ceb974e48eec.html
7022,20260215__myazna.ir__ba5e980c4866.html
7023,20260215__mygila.ir__0b3822870a61.html
7024,20260215__mygita.ir__5573fa76a47f.html
7025,20260215__myreshte.ir__f97dc5d25ee6.html
7026,20260215__mysepahanshahr.ir__0b83015a9c5f.html
7027,20260215__mywps.ir__3413ef5655b1.html
7028,20260215__naaab.ir__1fe935945ea1.html
7029,20260215__nahalestanmirnia.ir__269d55cb6297.html
7030,20260215__najafabadema.ir__b1cffe441867.html
7031,20260215__najmeddinamoli.ir__b6df1fb1e9b1.html
7032,20260215__namafar.ir__d161f03cb8e4.html
7033,20260215__namayebank.ir__989c62f19c50.html
7034,20260215__naqshehbardari.ir__0b6292869317.html
7035,20260215__nasirshahr.ir__64755d7ff687.html
7036,20260215__nastooh.ir__e43a7d94b97e.html
7037,20260215__nbst.pgu.ac.ir__a0dbf8b04abf.html
7038,20260215__nedayeborkhar.ir__f2d6d801ad07.html
7039,20260215__negin-almas.ir__37606ab1fccd.html
7040,20260215__net-land.ir__eed1718ed832.html
7041,20260215__netpaak.ir__f8d284eaebbc.html
7042,20260215__news.khoy.ir__c0484273d948.html
7043,20260215__news.ostan-es.ir__f78fceed7785.html
7044,20260215__newsaftab.ir__b1523c97c2e2.html
7045,20260215__newsfalavarjan.ir__dc31e6d429c6.html
7046,20260215__ney7band.ir__436ea5ad88b6.html
7047,20260215__nicesource.ir__cd384c9a1ad1.html
7048,20260215__nimroz.sbportal.ir__71298903a065.html
7049,20260215__nmf.khuisf.ac.ir__96c82750f99b.html
7050,20260215__nnhk.ir__cd18c18669f1.html
7051,20260215__noktetop.ir__eab6674813dd.html
7052,20260215__novingol.ir__322617945ece.html
7053,20260215__nozhino.ir__a8cdf91c6a14.html
7054,20260215__nrc.gmu.ac.ir__7e48f203a8c0.html
7055,20260215__nrpd.ir__48f8e40ee266.html
7056,20260215__nssra.ir__53af498226e7.html
7057,20260215__ntc.tvu.ac.ir__092ce7c60b96.html
7058,20260215__nvhelal.ir__9b07f40889bb.html
7059,20260215__ogri.um.ac.ir__6c8548b722b7.html
7060,20260215__ojetafavot.ir__028776d78936.html
7061,20260215__omid.mubabol.ac.ir__2827d494b0d6.html
7062,20260215__omran.qazvin.ir__8ec66fc3f7a5.html
7063,20260215__ore.um.ac.ir__d4c37acf4888.html
7064,20260215__orzouiehhcn.kmu.ac.ir__051ca27325bf.html
7065,20260215__osku.ostan-as.ir__62bc81ea84a3.html
7066,20260215__ostan-ksh.gov.ir__1ad6cdb305c7.html
7067,20260215__padafand.aja.ir__40ccfcaf3246.html
7068,20260215__panjeei.ir__be04517c2ad8.html
7069,20260215__parandcity.ir__453392169097.html
7070,20260215__pardashealth.ir__f8dc63acc899.html
7071,20260215__pardedarkoob.ir__ce1b099e6995.html
7072,20260215__partikanco.ir__012b0697a0bc.html
7073,20260215__partoca.ir__839865251b87.html
7074,20260215__parvaz24.ir__d4345dd33535.html
7075,20260215__pasmandvaramin.ir__182edfc99068.html
7076,20260215__pay.lobia.ir__6ccca88b54ae.html
7077,20260215__payamgolestan.ir__ca6dd4d7e1e8.html
7078,20260215__payanehha.qazvin.ir__0034305c4002.html
7079,20260215__pbi.cfu.ac.ir__00f0879281d9.html
7080,20260215__pd.qazvin.ir__e175bdfa4252.html
7081,20260215__pelakify.ir__125f4b1e3dfe.html
7082,20260215__peymanie.jums.ac.ir__aa6b34191955.html
7083,20260215__pezhvakkurdestan.ir__a302970c1623.html
7084,20260215__pg-h.journals.miu.ac.ir__b163aaa7108f.html
7085,20260215__phcd.tehran.ir__a579403c6955.html
7086,20260215__pishgamansoft.ir__e6da7d6927a3.html
7087,20260215__pishtazservice.ir__6f32b22e2fc4.html
7088,20260215__pknt.cfu.ac.ir__695cd80ddb25.html
7089,20260215__pky.cfu.ac.ir__99891336b307.html
7090,20260215__plasta.ir__c745387bd79b.html
7091,20260215__pm.kmu.ac.ir__7707082db326.html
7092,20260215__polymer-pishrafteh.ir__0823d4cd8725.html
7093,20260215__portugal.mfa.gov.ir__a420dcf8f090.html
7094,20260215__pourmahmoudian.ir__398fb0bac010.html
7095,20260215__pra.cfu.ac.ir__c1eae6db980c.html
7096,20260215__press.pu.ac.ir__05420df1e298.html
7097,20260215__pressmazinani.ir__997e4c5c06e2.html
7098,20260215__print-modernyas.ir__0a08b583a2ff.html
7099,20260215__printim.ir__e32ffc9acc59.html
7100,20260215__processhop.ir__8c4f8d8959b4.html
7101,20260215__progforum.ir__db1588206481.html
7102,20260215__prz.cfu.ac.ir__568be8999ccd.html
7103,20260215__psbk.cfu.ac.ir__9fdbb9c2020d.html
7104,20260215__psmh.cfu.ac.ir__18eb75db3e80.html
7105,20260215__psych.khuisf.ac.ir__96c82750f99b.html
7106,20260215__ptq.cfu.ac.ir__16b24c0d9215.html
7107,20260215__publica.ir__76984a803ea5.html
7108,20260215__puyapardaz.ir__1d89cd9398c9.html
7109,20260215__pzst.cfu.ac.ir__5017a03c36b4.html
7110,20260215__qalampress.ir__b6eb9208a640.html
7111,20260215__qardalhasan.ir__136c59421688.html
7112,20260215__qashqaiebook.ir__b5000f303e52.html
7113,20260215__qazvinpl.ir__d6c4fd0eeb94.html
7114,20260215__qazvinshora.ir__2d711f0779f9.html
7115,20260215__qeshm-far.ir__0480a170f003.html
7116,20260215__qeshmsalam.ir__ba3841e71fa3.html
7117,20260215__qods.ostan-th.ir__537da96ae255.html
7118,20260215__quera.ir__203112b315cf.html
7119,20260215__rabtiwan.ir__9a221f8f8fb6.html
7120,20260215__rahban24.ir__6b9d7840dc59.html
7121,20260215__rahyab.ir__a4337cdbbdce.html
7122,20260215__rajaei.cfu.ac.ir__d2c2b2e2e0ce.html
7123,20260215__raro.rcs.ir__47057e1e8054.html
7124,20260215__ravanportal.ir__75383ed93890.html
7125,20260215__ravarhcn.kmu.ac.ir__da87b72a7f5a.html
7126,20260215__rcid.tums.ac.ir__f1cf653d2c77.html
7127,20260215__rcipt.ir__e9fd22224300.html
7128,20260215__rdmanagement.sbmu.ac.ir__3c2ad035e7cc.html
7129,20260215__refah.swf.ir__3dd5b206fd1c.html
7130,20260215__region7.tehran.ir__33294fa80b58.html
7131,20260215__remixes.ir__d291ebf4a6f4.html
7132,20260215__requirements.ir__a1253fdae75d.html
7133,20260215__resalenegar.ir__d3ee14860d52.html
7134,20260215__research.iranology.ir__45faa8eefbdf.html
7135,20260215__restorations.ir__02d05228ab70.html
7136,20260215__rezaruigari.ir__0a4e1cdec15f.html
7137,20260215__rohani.mubabol.ac.ir__cf81a6346cba.html
7138,20260215__ronevis.ir__eebdbea5561a.html
7139,20260215__ronix.ir__2db0fd83766d.html
7140,20260215__roodbar.gilan.ir__9b770789a018.html
7141,20260215__roodsar.gilan.ir__f2751c1e0ee2.html
7142,20260215__roosi.ir__0c415fa59b64.html
7143,20260215__rooz-online.ir__abe5c970949a.html
7144,20260215__roshan-ai.ir__b225e9df7caa.html
7145,20260215__rostam.farsp.ir__7981c88dacd8.html
7146,20260215__rouzetazeh.ir__c62b95959eac.html
7147,20260215__rozhdesign.ir__c2024f8d1df2.html
7148,20260215__rubixmusic.ir__563609bc3e3d.html
7149,20260215__rukhsar.ir__1aa458732aff.html
7150,20260215__rvsr.farhang.gov.ir__a89b65bf69d8.html
7151,20260215__saadat-shahr.ir__d2915655925b.html
7152,20260215__saadifoundation.ir__62e55c90a955.html
7153,20260215__sadrasadra.ir__6777c31afb2d.html
7154,20260215__sae22.ir__9c87c5ecaba3.html
7155,20260215__safar0098.ir__ca495149d719.html
7156,20260215__sahne.farhang.gov.ir__3992175a3348.html
7157,20260215__sainazaban.ir__1090cef8af44.html
7158,20260215__sakha.epolice.ir__d432f1d78ae6.html
7159,20260215__sakhtemansalamat.ir__d188750671c3.html
7160,20260215__salmanfarsi.tamin.ir__2534c78a13e5.html
7161,20260215__samanesang.ir__5057d4392ac8.html
7162,20260215__samme.ir__4e2620aa5662.html
7163,20260215__sana.adliran.ir__7605c51f769a.html
7164,20260215__sanadtahavol.ir__41b118402160.html
7165,20260215__sanazsania.ir__83f57adf9dd2.html
7166,20260215__sanbadfly.ir__092a9d140c52.html
7167,20260215__sandoghdaftar.ir__a47f298a280d.html
7168,20260215__sangekohi.ir__a83b6ed16f50.html
7169,20260215__sangsarnews.ir__108b26e8e0d9.html
7170,20260215__sarafraz-hezarmasjed.ir__dcef31369e1f.html
7171,20260215__sarallah-dezful.ir__e4cd9621fc46.html
7172,20260215__saramad.ir__7950de13f3c7.html
7173,20260215__sarayan.farhang.gov.ir__68c954692f4a.html
7174,20260215__sarbaz.sbportal.ir__898a16bf115f.html
7175,20260215__sarchahan.farsp.ir__abc5e9df9ef4.html
7176,20260215__sari.um.ac.ir__466e853b6a20.html
7177,20260215__sartanab.ir__36915105cd12.html
7178,20260215__sau.ac.ir__ca953fb7ef2f.html
7179,20260215__savekikom.ir__d85d67ace082.html
7180,20260215__school.iranpour.ir__8f854dcff18f.html
7181,20260215__scriptics.ir__e08dac5633a9.html
7182,20260215__scrumschool.ir__18d8f8b5dcff.html
7183,20260215__second.qomgt.ir__71e3db389c58.html
7184,20260215__sedayecheragheroshan.ir__4298ddb53b66.html
7185,20260215__sedayekhak.ir__846e5c318b25.html
7186,20260215__sedayekoshti.ir__2423e164bb70.html
7187,20260215__seechal.ir__f9740887d2eb.html
7188,20260215__semnan.ict.gov.ir__da4512798eb9.html
7189,20260215__seomark.ir__673e2ef63d6e.html
7190,20260215__seopin.nasrblog.ir__79eab8656dad.html
7191,20260215__sepahan.ac.ir__a8490c6d6227.html
7192,20260215__service.rahvar120.ir__3e7d0cb62d5e.html
7193,20260215__services.isfahan.ir__be3fea2b137d.html
7194,20260215__sh-ahmadsargurab.ir__7c7616a78a2e.html
7195,20260215__sh-eghlid.ir__bd10d0ae0e46.html
7196,20260215__shabakehonline.ir__3c502263954b.html
7197,20260215__shabnak.ir__867532fb691c.html
7198,20260215__shaft.gilan.ir__ae01e2e2c1bc.html
7199,20260215__shahrdarikorei.ir__728687437858.html
7200,20260215__shahrsazi.qazvin.ir__272edc90aa4b.html
7201,20260215__shahyadmusic.ir__3a7516e2a7f8.html
7202,20260215__shalnews.ir__bca19d6b1492.html
7203,20260215__shapourkhast.ir__72ff1beb31d4.html
7204,20260215__shatat.rahigh.ir__1b0d0bf9999d.html
7205,20260215__shatranjbaz.ir__ede4a62bd218.html
7206,20260215__shayanmavad.ir__082af45aff04.html
7207,20260215__shbh.cfu.ac.ir__5cf5e534a779.html
7208,20260215__shbsh.cfu.ac.ir__8f76e1edf51a.html
7209,20260215__shemirangardi.ir__68a46a16e175.html
7210,20260215__shenonews.ir__5d6217217cce.html
7211,20260215__shiltechnic.ir__319495eaaae8.html
7212,20260215__shms.cfu.ac.ir__17b28028ade4.html
7213,20260215__shmz.cfu.ac.ir__2a61320c65d1.html
7214,20260215__shnarje.ir__6541f318aa20.html
7215,20260215__shokrekhodaee.ir__5754957b944d.html
7216,20260215__shoma-online.ir__9ebdc996bd14.html
7217,20260215__shomal.rai.ir__418f00f860be.html
7218,20260215__shomalgis.ir__3315dc6f25a5.html
7219,20260215__shora.shahrekord.ir__7b666877a1ce.html
7220,20260215__shorabuin.ir__56fdba71ecbc.html
7221,20260215__shoraes.eadl.ir__bd3cf8c31cd9.html
7222,20260215__shotx.ir__151ca07e3ffc.html
7223,20260215__shoushtar.ostan-khz.ir__bcd1bfef4c20.html
7224,20260215__shout.umsu.ac.ir__23fb09cedd4b.html
7225,20260215__siavashshakibaei.ir__5e1c72f23cdf.html
7226,20260215__simachoob.ir__653e325f7f1c.html
7227,20260215__sincap.ir__29e3f340c24b.html
7228,20260215__sioc.ir__93ff367cbf44.html
7229,20260215__siporex.ir__7538ad5e85a9.html
7230,20260215__sirik.hormozgan.ir__101feb38399f.html
7231,20260215__sitak.ir__f91be3b09e17.html
7232,20260215__siyahkal.iau.ir__50f0c24ddb41.html
7233,20260215__skchto.ir__19d0fc05f426.html
7234,20260215__skums.ac.ir__2b55cb95edd3.html
7235,20260215__skydream.ir__367e749d82f0.html
7236,20260215__slovenia.mfa.gov.ir__079c4cd339ae.html
7237,20260215__smtrg.pgu.ac.ir__cad5bc0d7800.html
7238,20260215__snpub.ir__c84975990089.html
7239,20260215__son.ir__fbec5dd954bb.html
7240,20260215__sorenvhs.ir__330c5ad3f1ae.html
7241,20260215__soumanews.ir__b5f3d4747f7a.html
7242,20260215__sozluk.ir__833f24466499.html
7243,20260215__spdb.uswr.ac.ir__0a4cceb5a697.html
7244,20260215__specialspace.ir__a6180f4478ea.html
7245,20260215__spm.tums.ac.ir__07c1b2dfdde1.html
7246,20260215__spy-game.ir__4b388f457aad.html
7247,20260215__sspe.ir__2681a7ab4321.html
7248,20260215__student.ir__a003e7188bf7.html
7249,20260215__sudoku.ir__be30366d9300.html
7250,20260215__sulaymaniyah.mfa.gov.ir__14428f554b0e.html
7251,20260215__surena.um.ac.ir__b2ac5c37a3a1.html
7252,20260215__sushiantt.ir__2f824433094b.html
7253,20260215__taap.cfu.ac.ir__1cc0f7cf2417.html
7254,20260215__tabirfa.ir__83fbd409aab7.html
7255,20260215__tabirgar.ir__16d807704b56.html
7256,20260215__taejtehad.mfeb.ir__b9030d48413c.html
7257,20260215__tahavol.tehran.ir__41b3d015e3d9.html
7258,20260215__tahooraorganic.ir__967cac44f3a8.html
7259,20260215__takestan.farhang.gov.ir__7557b77a7265.html
7260,20260215__takidea.ir__570de317aa0f.html
7261,20260215__talabehyar-app.rzb.ir__eb9e88bd7605.html
7262,20260215__tarahi.qazvin.ir__267a9a344458.html
7263,20260215__taranomma.ir__bfc067781b0d.html
7264,20260215__targhrood.ir__5b880205667b.html
7265,20260215__tarikhfa.ir__cdccfe08eb38.html
7266,20260215__tarikhravai.ir__9ae75911b567.html
7267,20260215__tasisatkaveh.ir__f09296b62a38.html
7268,20260215__tasnimnews.ir__54c2545912aa.html
7269,20260215__teamgraphic.ir__4f51a76e3af1.html
7270,20260215__techfinder.ir__f174d445b0b5.html
7271,20260215__techmart.ir__dca821498369.html
7272,20260215__tehranserver.ir__5772a09cdffc.html
7273,20260215__telecomnews.ir__6eb69a5dd5ed.html
7274,20260215__tepko.ir__4bca368b20d0.html
7275,20260215__terminals.isfahan.ir__0bd8d911bfc7.html
7276,20260215__tfu.cfu.ac.ir__ccf968e01f50.html
7277,20260215__thailand.mfa.gov.ir__b51d87b366d4.html
7278,20260215__thebankers.ir__d58bca693ef7.html
7279,20260215__thetimes.ir__903a1f2fc285.html
7280,20260215__tijan.ir__2add8fc280f8.html
7281,20260215__tim.mubabol.ac.ir__378856441a12.html
7282,20260215__tolouemehr.ac.ir__98187359b832.html
7283,20260215__toluekerman.ir__5d596e399cbe.html
7284,20260215__top13.ir__68344ef6f04a.html
7285,20260215__topsnet.ir__69af329ebd22.html
7286,20260215__torathpub.ir__e93fd61f484e.html
7287,20260215__torshizfori.ir__7d744af41ed0.html
7288,20260215__torshvash.blog.ir__a6ea2edeb1c1.html
7289,20260215__torsisnameh.ir__751286c8233f.html
7290,20260215__tramed.muq.ac.ir__d9f6aee58f21.html
7291,20260215__traveladvice.mfa.gov.ir__5ef1abb92c06.html
7292,20260215__treep.ir__33d9c5378dfc.html
7293,20260215__tspweb.ir__bb7e47587d4a.html
7294,20260215__ukraine.mfa.gov.ir__91257a5c6696.html
7295,20260215__unilever.ir__d1edafd69516.html
7296,20260215__uptheme.ir__037bd161ce73.html
7297,20260215__upza.ir__b5874514926c.html
7298,20260215__vacuumpumps.ir__769c266dda3f.html
7299,20260215__valizadehh.ir__811fa4f8418f.html
7300,20260215__varnamkhast.ir__331398eb9648.html
7301,20260215__varnanews.ir__d3ca808af92f.html
7302,20260215__vce.sirums.ac.ir__2853afb661ab.html
7303,20260215__vchlogistics.behums.ac.ir__6af63a9b2500.html
7304,20260215__vedere.ir__f14abe6c5cd9.html
7305,20260215__vform.ir__806c6ffea630.html
7306,20260215__viraem.ir__9231a132ac5b.html
7307,20260215__vksc.ir__b468bf08823d.html
7308,20260215__volunteers.rcs.ir__569e70e23fdd.html
7309,20260215__vultus.ir__0710882dcfc1.html
7310,20260215__wavenews.ir__bbbe3d7c37ae.html
7311,20260215__webgoo.ir__828d0534dc4b.html
7312,20260215__webpardaz.asrblog.ir__3f9172def3ed.html
7313,20260215__wedo.ir__4c2cbbdb4a00.html
7314,20260215__wej.marvdasht.iau.ir__f2098ca8eb2c.html
7315,20260215__wepod.ir__e2180fa75374.html
7316,20260215__weri.um.ac.ir__b208df2d62d5.html
7317,20260215__wetafarda.ir__4af112e8dc73.html
7318,20260215__wiki.police.ir__d4b270102a7e.html
7319,20260215__wildlifepictures.ir__cbd750c410c1.html
7320,20260215__woodday.ir__eec4f3f31d56.html
7321,20260215__worldcat.ir__ed3d390ac6f0.html
7322,20260215__wproket.ir__1a6e24e2b298.html
7323,20260215__wptips.ir__d21c5394479f.html
7324,20260215__www2.ostan-es.ir__ddf888d47d1c.html
7325,20260215__xiaomiiran.ir__97a1b3b8d495.html
7326,20260215__yadak18.ir__228ca9345a13.html
7327,20260215__yahya.mubabol.ac.ir__a8dc3517570e.html
7328,20260215__yarab.yabesh.ir__1746056ddabd.html
7329,20260215__yavari.ir__344fb01811c2.html
7330,20260215__yazd.pnu.ac.ir__7d8845849150.html
7331,20260215__yeksho.ir__0f6a0b21e32c.html
7332,20260215__yourdoctor.ir__8f5e2b991dca.html
7333,20260215__yousefalikhani.ir__fa96f103f416.html
7334,20260215__zabol.sbportal.ir__a567fb0fc99d.html
7335,20260215__zarshamim.ir__3409a556d0d4.html
7336,20260215__zeevash.ir__ed46f7e4577d.html
7337,20260215__zhinbook.ir__5f261ed785ca.html
7338,20260215__zibasazi.qazvin.ir__ebb20de82bd4.html
7339,20260215__ziraco.ir__6b4f4f14662c.html
7340,20260215__zti.znu.ac.ir__f400223b1093.html
7341,20260216__123pc.ir__176cde531002.html
7342,20260216__17shahrivar.gums.ac.ir__55693ef62b49.html
7343,20260216__1ala.ir__d9404604b930.html
7344,20260216__20gheychi.blog.ir__35cc9741cb84.html
7345,20260216__2bk.ir__4531d6eadf3f.html
7346,20260216__31774.ir__bfc9b7a9c11c.html
7347,20260216__3710.ir__3de39064d0d7.html
7348,20260216__3dengineer.ir__8e41bd721e08.html
7349,20260216__4kia.ir__f9d661fedfe4.html
7350,20260216__7-2.ir__4152934ca475.html
7351,20260216__780.ir__bb8dd7c4f9c9.html
7352,20260216__7mobile.ir__8cd7f050751a.html
7353,20260216__7onim.ir__866547801df8.html
7354,20260216__8r8.ir__5ea6ef06b681.html
7355,20260216__94dubai.ir__66b5545b52ab.html
7356,20260216__abantether.com__01bfcea514fb.html
7357,20260216__abonoor.ir__2e92b5e0128b.html
7358,20260216__abrii.ac.ir__019dc58334a7.html
7359,20260216__accounts.eshragh.ir__9d2c4400092c.html
7360,20260216__acecr.ir__329679889d3f.html
7361,20260216__addin.ir__c02352a54eb2.html
7362,20260216__addor.ir__cd017bb15f2c.html
7363,20260216__adliran.ir__7b3cc089ddbb.html
7364,20260216__adrinamehr.ir__8f6009804932.html
7365,20260216__aela.ir__ffe5412665e0.html
7366,20260216__afroo.ir__413ccf83d805.html
7367,20260216__afsaran.ir__2ff2881397d2.html
7368,20260216__afshar.co.ir__d89c969f3e9d.html
7369,20260216__afzoneh-nevis.ir__c4e96b6ae28f.html
7370,20260216__agbr.ir__67c6c085c6af.html
7371,20260216__ahanmaham.ir__519821eb34a4.html
7372,20260216__aira.ir__8de1c1912c3d.html
7373,20260216__airpower.ir__80ee5afca87b.html
7374,20260216__ajormihan.ir__87a32f28c2d6.html
7375,20260216__akocoin.com__e235559f0719.html
7376,20260216__alborzjde.ir__39f1ed624bed.html
7377,20260216__aldin.ir__aab6fdb14899.html
7378,20260216__aliashori.ir__24a667642116.html
7379,20260216__alibaba.ir__a39d708842e0.html
7380,20260216__alirezahermit.rzb.ir__1b40fd684b74.html
7381,20260216__alisafari.ir__6b81b36bbfad.html
7382,20260216__alizadehcarrental.ir__899414be2b0b.html
7383,20260216__alorf.ir__cd017bb15f2c.html
7384,20260216__alvandrah.ir__dff3c0e6ce2c.html
7385,20260216__amc.islamshahr.iau.ir__10d3b9fe7d3a.html
7386,20260216__amf.ui.ac.ir__2ae6d46d26c5.html
7387,20260216__amin-site.ir__e905307e33f6.html
7388,20260216__amir-seo.blog.ir__dc8eb7e4c306.html
7389,20260216__amirkh.blog.ir__7fd4a2961449.html
7390,20260216__amjadyan.ir__b0410a034ae2.html
7391,20260216__amodfoladparsian.ir__757f78ef7d89.html
7392,20260216__anaz.ir__08fbdde44b6e.html
7393,20260216__andimeshk.ir__1db811831f55.html
7394,20260216__anjaa.ir__dbd7c51d3c7e.html
7395,20260216__aotb.ir__2536966fe37d.html
7396,20260216__aotp.fabad-ihe.ac.ir__c9b0bb7e3fbb.html
7397,20260216__aparat.com__7b31d7551a88.html
7398,20260216__appsbox.ir__6d946ebad040.html
7399,20260216__appsweb.ir__1fbc85b36227.html
7400,20260216__appvice.ir__e7b298d320cf.html
7401,20260216__ar.icro.ir__1fe27fe419ac.html
7402,20260216__ar.ifilmtv.ir__d66b95790530.html
7403,20260216__ar.krccima.ir__a0d727dfb9d5.html
7404,20260216__ar.mazaheb.ac.ir__c45bd5b7a35e.html
7405,20260216__ar.miu.ac.ir__71e2ccf7ed2f.html
7406,20260216__ar.semnan.ac.ir__6d0848f5f34b.html
7407,20260216__aradbot.ir__bc1750cf5827.html
7408,20260216__arasp.tabrizu.ac.ir__68f62322d6cb.html
7409,20260216__ardhe.ir__d24b13ea085d.html
7410,20260216__ariasamaneh.ir__ad3fe665e013.html
7411,20260216__arman.co.ir__46b2c470b9e6.html
7412,20260216__artarasaneh.ir__2f61e8cd1b42.html
7413,20260216__artdes.ir__4af9b060469a.html
7414,20260216__aryagostar.sellfile.ir__cfab0bda5234.html
7415,20260216__arz3.com__6530dea27f85.html
7416,20260216__arzdex.com__d9a8a6994ea6.html
7417,20260216__arzex.io__815ec10f4278.html
7418,20260216__arzinja.info__139266d96d42.html
7419,20260216__arzmodern.net__5db763a35d5a.html
7420,20260216__arzpaya.com__3db2c84a0cf3.html
7421,20260216__arzplus.net__61a86dc32186.html
7422,20260216__asacoine.com__00d9a775ee2f.html
7423,20260216__asalforoush.blog.ir__24f33db254c7.html
7424,20260216__ascij.damghaniau.ac.ir__2823e86a6ca4.html
7425,20260216__ashkeatash.blog.ir__e7434b6d525f.html
7426,20260216__asri.ir__ee0bc35f3a98.html
7427,20260216__astjournal.ir__ba4568f8b60c.html
7428,20260216__atiyeonline.ir__56b6bd670a92.html
7429,20260216__austria.mfa.gov.ir__ac4b5c4f9412.html
7430,20260216__axneveshte.ir__94a81cdb4505.html
7431,20260216__az.ismc.ir__38075878d7ac.html
7432,20260216__azaranplast.ir__985356bce538.html
7433,20260216__azarmiazar.ir__386a3b5ea7a5.html
7434,20260216__azaruniv.ac.ir__4965fc72d776.html
7435,20260216__azingar.ir__f5d3c59f8850.html
7436,20260216__azki.com__2770aefbd676.html
7437,20260216__azmoonestan.ir__9c2aff1d064c.html
7438,20260216__azmoonica.ir__7a849f668c58.html
7439,20260216__azwaj.ir__76e341a03132.html
7440,20260216__ba-qoran.ir__25c11b58009b.html
7441,20260216__ba5.ir__04d0fc778b46.html
7442,20260216__baam.bmi.ir__b5cb3db3e5d5.html
7443,20260216__babartarinha.ir__2bda9349be35.html
7444,20260216__babolsar.ir__6525779990fa.html
7445,20260216__badienoorshop.ir__791479c3be41.html
7446,20260216__badin.ir__b43266a13f3c.html
7447,20260216__badro.ir__8609c2354696.html
7448,20260216__baharpc.ir__c29d7b89a7e8.html
7449,20260216__bahname.ir__56a0ea9d5169.html
7450,20260216__bahnamir.ir__decf1f808e2f.html
7451,20260216__bale.ai__18c27e62bf76.html
7452,20260216__balinex.com__d6a92319ec77.html
7453,20260216__balootco.ir__976e48c6e921.html
7454,20260216__bamishop.ir__b1ce67c03170.html
7455,20260216__bangkok.mfa.ir__4d97cf2eca38.html
7456,20260216__bank-maskan.ir__5311c7858e8a.html
7457,20260216__bank-mobile.ir__260c9f818241.html
7458,20260216__bankmellat.ir__c6d2a1576c73.html
7459,20260216__banksepah.ir__a415691d0c79.html
7460,20260216__baps.ir__801cd128b57d.html
7461,20260216__baqoran.ir__215796fcf446.html
7462,20260216__baroro.ir__13192a2cb6ac.html
7463,20260216__bartarmusics.ir__ab10a231e201.html
7464,20260216__batis-shop.ir__65fc8007f242.html
7465,20260216__bayatco.ir__1c11551f4a5b.html
7466,20260216__bazarmotoriran.ir__f996eb45097a.html
7467,20260216__bazarsahamnews.ir__c7cb8dd02601.html
7468,20260216__bccr.tums.ac.ir__591991e9b5c6.html
7469,20260216__behdasht.gov.ir__b624e3b7d484.html
7470,20260216__behido.ir__9112397bd801.html
7471,20260216__behnamcharity.blog.ir__3d7d226a5926.html
7472,20260216__behras.ir__d24b13ea085d.html
7473,20260216__behresan.ir__25c11b58009b.html
7474,20260216__behroyan.ir__04c420288a41.html
7475,20260216__bellepeau.ir__af31eb01a871.html
7476,20260216__bencer.ir__39f0b8c266f9.html
7477,20260216__benita-clinic.ir__c5a8277d4742.html
7478,20260216__beras.ir__8c1412821552.html
7479,20260216__bestdigishop.4kia.ir__92049d5fb956.html
7480,20260216__bestkid.ir__be61ad6a54d8.html
7481,20260216__bibiattar.ir__f839b5fb956f.html
7482,20260216__bim.ir__17aabfe9bd79.html
7483,20260216__bit24.cash__155693d0616a.html
7484,20260216__bitmax.ir__f9255f62109c.html
7485,20260216__bitpin.ir__0ee0ed5b837e.html
7486,20260216__bki.ir__caf33ee469a6.html
7487,20260216__bkp.co.ir__180be9e8251d.html
7488,20260216__blacksea.ir__ac137db91813.html
7489,20260216__blog.doctor-yab.ir__3f0290cd0acc.html
7490,20260216__blog.jose.ir__1f028e20ab4e.html
7491,20260216__blog.podium.ir__5c71c4ef7c99.html
7492,20260216__blogino.ir__fdb7e273ad73.html
7493,20260216__bluechap.ir__5d6a8459390e.html
7494,20260216__bmi.ir__4dfd69e1a902.html
7495,20260216__bndmc.ir__22ab7d6f80a2.html
7496,20260216__bodyscale.ir__ecc594c4241c.html
7497,20260216__booktebgostaran.ir__212297696428.html
7498,20260216__borov.ir__d8dbb20b833f.html
7499,20260216__boru.ir__d24b13ea085d.html
7500,20260216__bpi.ir__50b745d202d4.html
7501,20260216__brandpoison.ir__e0cf367a56d5.html
7502,20260216__brouz.ir__a13b7c15a1c5.html
7503,20260216__bsi.ir__3f5654bede3e.html
7504,20260216__buro.ir__449b3ac62531.html
7505,20260216__buru.ir__25c11b58009b.html
7506,20260216__butaneshop.ir__c59e46378d47.html
7507,20260216__butterflyshop.ir__e2411d6fe3b5.html
7508,20260216__buyspl.ir__e9119fa77dd0.html
7509,20260216__cafebazaar.ir__41525588814c.html
7510,20260216__cafepardazesh.ir__9b83d5cd4b66.html
7511,20260216__campo.ir__c42265657661.html
7512,20260216__canon123.ir__968e9949f77c.html
7513,20260216__caspjrm.ir__3f489b3e9a84.html
7514,20260216__cbd.inif.ir__7b6035cbf665.html
7515,20260216__cbi.ir__33ec35d9d2e1.html
7516,20260216__ce.aut.ac.ir__b4d9a68cb74e.html
7517,20260216__changekon.ir__2b886b1f67c5.html
7518,20260216__cheraghon.ir__3e66420333cc.html
7519,20260216__colorectalresearch.sums.ac.ir__9ee16574b451.html
7520,20260216__comic-farsi.ir__35b53f8c3133.html
7521,20260216__computerads.ir__4840f5b04b1d.html
7522,20260216__cover4you.ir__9270be86ac6d.html
7523,20260216__cppo.mimt.gov.ir__087febada5de.html
7524,20260216__cvnet.ir__415ecfd4d750.html
7525,20260216__cypro.ir__fdb8dcca95c5.html
7526,20260216__dadkhahvekalat.ir__8b4d46594ebf.html
7527,20260216__dadkin.ir__a10214eac5c6.html
7528,20260216__daewoo-store.ir__7fcfaa1a4c8d.html
7529,20260216__daigo.ir__6f046dc97316.html
7530,20260216__dailylife.blog.ir__00113c5172d5.html
7531,20260216__dalilian.ir__6dbf71be6811.html
7532,20260216__damtech.ir__2088e5b92d86.html
7533,20260216__danaline.ir__89e8847e1635.html
7534,20260216__danup.ir__8778345a4aa0.html
7535,20260216__dariahamrah.ir__5337eb8da916.html
7536,20260216__dariche67.ir__a490c733506d.html
7537,20260216__darkoob.ir__c90f29e0d832.html
7538,20260216__day24.ir__79ae438535d9.html
7539,20260216__decoraya.ir__a3ffdeb840b4.html
7540,20260216__decorshop.ir__e93db8a96828.html
7541,20260216__del-ashoob.blog.ir__105a2a7387c5.html
7542,20260216__devz.ir__f0fd6865fb9e.html
7543,20260216__dgrack.ir__7dadb8a974c7.html
7544,20260216__dgsa.ir__aeb22840ecce.html
7545,20260216__digikala.com__30c1959ab519.html
7546,20260216__digitalfiles.ir__2146b9784250.html
7547,20260216__dinon.ir__907b56236fce.html
7548,20260216__divar.ir__6cd5f9fe2925.html
7549,20260216__dlava.blog.ir__1db191e17ec8.html
7550,20260216__dlib.bpums.ac.ir__533ed20cd3cc.html
7551,20260216__dogonbadan.ir__8d026ebc0014.html
7552,20260216__dorha.ir__d8dbb20b833f.html
7553,20260216__drhdehghani.ir__31644fd9d895.html
7554,20260216__drhonarvar.ir__57163ae95b82.html
7555,20260216__dritm.ir__2abebb1bea29.html
7556,20260216__drive.mrud.ir__b4963be5986a.html
7557,20260216__drkaboli.ir__dd6c39a2647a.html
7558,20260216__drstevia.ir__2bb3a8d11237.html
7559,20260216__drugdesign.ir__aefd13f19611.html
7560,20260216__dte.ir__c17ef46f1586.html
7561,20260216__dualp.ir__eec2b0d41348.html
7562,20260216__e-gol.ir__5d5cc62d7aea.html
7563,20260216__ece.iut.ac.ir__cee601446165.html
7564,20260216__ecec.ir__02d4dc065a66.html
7565,20260216__edison.lordart121.ir__85fbc93a2b1e.html
7566,20260216__edu.garmsar.iau.ir__1272b68b922a.html
7567,20260216__educationiran.ir__00a241f79c43.html
7568,20260216__efex.pro__2b5f842b22f5.html
7569,20260216__eghbal.ir__8bb870f4130f.html
7570,20260216__ehdacenter.ir__0f697bf10323.html
7571,20260216__eitoo.ir__274ae43818cb.html
7572,20260216__ejra.itpaniz.ir__e0c7f1bd848d.html
7573,20260216__ekdt.ir__4c507b99361e.html
7574,20260216__eksir.org__166a744eefec.html
7575,20260216__electronicstar.ir__a81186574837.html
7576,20260216__elvinjuicer.ir__cdc3d250b8a9.html
7577,20260216__emaile.ir__d24b13ea085d.html
7578,20260216__emaux-co.ir__23754a9a4a7a.html
7579,20260216__emaux-ir.ir__75fcb3d260ee.html
7580,20260216__emerdad.ir__711d2517f5d4.html
7581,20260216__en.bankmellat.ir__680faf169cdd.html
7582,20260216__en.isti.ir__62dbf7eaf188.html
7583,20260216__en.merc.ac.ir__b5aee80502b7.html
7584,20260216__en.modares.ac.ir__81fb6558ef90.html
7585,20260216__enbank.ir__0112a8a49815.html
7586,20260216__ennama.ir__cd017bb15f2c.html
7587,20260216__enni.ir__cd017bb15f2c.html
7588,20260216__enqa.ir__d4c8336e9640.html
7589,20260216__envan.ir__d24b13ea085d.html
7590,20260216__epoll.ir__c93788443e13.html
7591,20260216__eqiq.ir__3ec6a2df6fea.html
7592,20260216__eqtedar.ir__c02404a7c70b.html
7593,20260216__era-network.ir__fe66af4b0a76.html
7594,20260216__eragon-dl.blog.ir__b70bb092f9d1.html
7595,20260216__eservices.cspf.ir__be45ebddd59a.html
7596,20260216__eservices.tamin.ir__4c744330122f.html
7597,20260216__espadanpump.ir__90515ad82d3a.html
7598,20260216__espayder.ir__d7a2975cbaa7.html
7599,20260216__et6.ir__6e9179b9787e.html
7600,20260216__etefaq.ir__e8da607f06af.html
7601,20260216__eterex.com__35691f09569d.html
7602,20260216__etire.ir__9aeff07c5357.html
7603,20260216__excoino.com__4717555e35e4.html
7604,20260216__exnovin.io__7619d4b71214.html
7605,20260216__exonyx.org__50e64cb41a41.html
7606,20260216__extensions.kwproductions121.ir__e0ae72c8f991.html
7607,20260216__eziba.ir__e9aa2f49d980.html
7608,20260216__faac.ir__6492ab469f94.html
7609,20260216__fafait.ir__8be27c90713c.html
7610,20260216__famart.ir__102dbc592f25.html
7611,20260216__fanavarancaspian.ir__2e6fb4023884.html
7612,20260216__fara-song.ir__50ecf01ea6b7.html
7613,20260216__farabard.ir__12374cc532c2.html
7614,20260216__farinsoft.ir__dfdd39579738.html
7615,20260216__farscomplex.ir__3686da386ae2.html
7616,20260216__faterpack.ir__59212184d675.html
7617,20260216__fdvarzesh.ir__f5a6f757792c.html
7618,20260216__fedu.um.ac.ir__f8d1dc26665e.html
7619,20260216__ferdowslab.ir__c4d0164f486f.html
7620,20260216__filebar.ir__25c11b58009b.html
7621,20260216__filimo.com__728394985b3e.html
7622,20260216__fineface.ir__bd8e9e5ed17a.html
7623,20260216__finnova.ir__44e789b2d723.html
7624,20260216__finsoph.ir__7795577e6ca8.html
7625,20260216__fiu.gov.ir__2ef8a1efe46e.html
7626,20260216__fnix.ir__d0a3a8420cd6.html
7627,20260216__folder98.ir__b558e675ddec.html
7628,20260216__footballeticket.ir__6be12c8f66e9.html
7629,20260216__formeasy.ir__42c8bcf9056a.html
7630,20260216__fouz.ir__682e4f4c2eaf.html
7631,20260216__fpess.scu.ac.ir__8da3af015441.html
7632,20260216__fsen.ir__fa139220d7e2.html
7633,20260216__funyland.ir__9d7485fe5d23.html
7634,20260216__fxmarketrate.cbi.ir__43d7d5373934.html
7635,20260216__galaxygraphic.ir__05d3b4c940d9.html
7636,20260216__gameology.ir__652991b277df.html
7637,20260216__gamesazan.ir__d653eb86d65d.html
7638,20260216__garnimarket.ir__f21759f1788e.html
7639,20260216__gascooler.ir__194939df0cf9.html
7640,20260216__ghods-kcf.ir__77b4fc8d0760.html
7641,20260216__gilanmall.ir__c5fcfa4e85cb.html
7642,20260216__gilanweb.ir__d17eea0937f8.html
7643,20260216__gisheh7.ir__37ccce59ee2f.html
7644,20260216__giyomebaz.ir__2d998526885a.html
7645,20260216__goldika.ir__524d1bf81c21.html
7646,20260216__gowebsite.ir__8a9ea148b94d.html
7647,20260216__graphictemplate.ir__cf592cabb8ef.html
7648,20260216__graphteam.ir__d952116a5a6b.html
7649,20260216__green.ir__9bd71920bea8.html
7650,20260216__hadafmandi.ir__e810fc47e758.html
7651,20260216__haj.ir__3847eeb96363.html
7652,20260216__haladars.ir__a6d0d1365513.html
7653,20260216__hamandishi.ir__8d4da30a2e08.html
7654,20260216__hamnetroosta.ir__8960d3c2c181.html
7655,20260216__hamrahcard.ir__7f2135ae9008.html
7656,20260216__hamyarrayaneh.ir__daa8a1887ae8.html
7657,20260216__hardwarecenter.ir__62a6e8d3b69c.html
7658,20260216__hatef-music.ir__534e23355805.html
7659,20260216__haza.ir__c17cfbe764ad.html
7660,20260216__head-line.ir__317f480a3594.html
7661,20260216__headacheclinic.ir__7d3309202cee.html
7662,20260216__hematkhabar.ir__74249d78f8d0.html
7663,20260216__hidor.ir__d8dbb20b833f.html
7664,20260216__hifrench.ir__ba7d4133812a.html
7665,20260216__hindi.khamenei.ir__a488b68b4813.html
7666,20260216__hinur.ir__25c11b58009b.html
7667,20260216__hizar.ir__d24b13ea085d.html
7668,20260216__hm.ssaa.ir__91cd2426561a.html
7669,20260216__hobb.ir__d24b13ea085d.html
7670,20260216__holygod.ir__92ea6f8e8a57.html
7671,20260216__home.sums.ac.ir__acdeb5f20d53.html
7672,20260216__homly.ir__47c6f0f612d4.html
7673,20260216__hooshefaal.ir__71d6228a4540.html
7674,20260216__hsap.ir__c089365d2f08.html
7675,20260216__hstudio.ir__dd1c0705027b.html
7676,20260216__hub.23055.ir__d3678f6645a1.html
7677,20260216__hutef.ir__c32407d66029.html
7678,20260216__ialexa.ir__065baf78fbe6.html
7679,20260216__icml.ir__fa6f8375a99a.html
7680,20260216__iecshop.ir__9f01aa41e3a5.html
7681,20260216__iedu.mui.ac.ir__8618681a9f60.html
7682,20260216__iem.modares.ac.ir__c3dcbb3b62d4.html
7683,20260216__ig7.ir__7adedf3d1f14.html
7684,20260216__igtemplate.ir__3fbf9acc5453.html
7685,20260216__ijcm.ir__fedef26a4c0b.html
7686,20260216__ijer.hormozgan.ac.ir__0f592f09c3a0.html
7687,20260216__ijmcm.tonekabon.iau.ir__5b5203574bf5.html
7688,20260216__ilam.airport.ir__851bae2ed3b3.html
7689,20260216__ili.ir__34c6360b1322.html
7690,20260216__imadora.ir__7f267d4ed2aa.html
7691,20260216__imendoorbin.ir__566ce7f2b0f2.html
7692,20260216__intexland.ir__6fd28b894f0f.html
7693,20260216__intexsite.ir__dc9eb5bc8810.html
7694,20260216__invex.ir__1d04ca196f05.html
7695,20260216__invex.ir__e5fccf80cb03.html
7696,20260216__inwr.ir__d24b13ea085d.html
7697,20260216__ipco24.ir__473a955d353f.html
7698,20260216__irancell.ir__e5b287ebec9b.html
7699,20260216__iranexchange.com__c7e40a826ef7.html
7700,20260216__iranfox.ir__27b5e572714c.html
7701,20260216__irangsm.ir__8262482e0e9d.html
7702,20260216__iranianpazhoohesh.sellfile.ir__bc4e0baa74f2.html
7703,20260216__iranlaravel.ir__0e0c5883e3f0.html
7704,20260216__iranmehrlab.ir__5edbd3fc46fb.html
7705,20260216__iranosve.ir__c60903f40806.html
7706,20260216__iranradio.ir__1024c0edf887.html
7707,20260216__iranzamin22.ir__24ef4672bf0c.html
7708,20260216__iraweb.ir__7c973f6787f1.html
7709,20260216__ircme.ir__aec3512f0c7a.html
7710,20260216__ird.behdasht.gov.ir__397f4beaef2b.html
7711,20260216__irtriathlon.ir__9b76b3c18633.html
7712,20260216__isc.co.ir__39881ce7bd7a.html
7713,20260216__iselena.blog.ir__de4946546db3.html
7714,20260216__ishtap.ir__6cb5372863b5.html
7715,20260216__islamabad.mfa.ir__a4bdeaf00bda.html
7716,20260216__issk.sndu.ac.ir__42421c45d0a9.html
7717,20260216__it-dpt.ir__af15335d3b61.html
7718,20260216__itbaran.ir__dbd0daa350a1.html
7719,20260216__itike.ir__d8dbb20b833f.html
7720,20260216__itshams.ir__eea8b091f560.html
7721,20260216__ivbb.ir__23e5fc09a5a4.html
7722,20260216__iws.shahed.ac.ir__0fa5e6f5c835.html
7723,20260216__izadshahr.ir__2c4088e467e4.html
7724,20260216__jacques-andhrel.ir__83f7d6287917.html
7725,20260216__jahanpichsanat.ir__828cf1946982.html
7726,20260216__jal-lq.ut.ac.ir__398a3fcc0ecd.html
7727,20260216__jalice.ir__9c934a33e047.html
7728,20260216__janami.ir__be40fed49759.html
7729,20260216__jasnet.ir__6ffe041d3da2.html
7730,20260216__javanmelody.ir__d99f27f3689a.html
7731,20260216__jcis.ut.ac.ir__747e4bbbe275.html
7732,20260216__jcp.khu.ac.ir__4d7be0410b23.html
7733,20260216__jder.ssu.ac.ir__a5676f086fec.html
7734,20260216__jdhor.ac.ir__088dfd254ae5.html
7735,20260216__jiba.tabrizu.ac.ir__1106f95e148c.html
7736,20260216__jipet.iaun.iau.ir__ab24fc762340.html
7737,20260216__jirasolutions.ir__5f33383f8fe9.html
7738,20260216__jlta.ctb.iau.ir__3e2aefa8eb54.html
7739,20260216__jm.um.ac.ir__024bce006769.html
7740,20260216__jmaak.ir__346362d91b1a.html
7741,20260216__jmw.jahrom.iau.ir__1f6b3b5f6f65.html
7742,20260216__jocrisar.ir__dc5cf2d2b020.html
7743,20260216__jopp.gau.ac.ir__25e18c613b3c.html
7744,20260216__joubin.ir__0b62decbd912.html
7745,20260216__journal.irphe.ac.ir__5c40501adf94.html
7746,20260216__journal.seo.ir__3688ed4bffab.html
7747,20260216__jpah.shiraz.iau.ir__7e401d4df972.html
7748,20260216__jsnews.ir__d26251f45169.html
7749,20260216__k-khojasteh.ir__f29462a55ab0.html
7750,20260216__kadosaz.blog.ir__a16530c1454e.html
7751,20260216__kala.ntsw.ir__253dab461649.html
7752,20260216__kanganweb.ir__a0902f0bdb6c.html
7753,20260216__karafarinbank.ir__c2ad4c5d8e1f.html
7754,20260216__karajflour.ir__a63e4cf3587b.html
7755,20260216__karal.ir__57242fb3d0c6.html
7756,20260216__karo218.ir__fe4bbc8f546d.html
7757,20260216__kashanmusics.ir__5097d2e1038c.html
7758,20260216__kasraco.ir__f0fb38341f81.html
7759,20260216__katak.ir__c183631d2c5d.html
7760,20260216__kermanmotorzibaie.ir__f78f44594a39.html
7761,20260216__ketabgo.ir__b1cd5634335a.html
7762,20260216__khabarsang.ir__df97d9c17da2.html
7763,20260216__khadamatthehran.ir__d08b51012219.html
7764,20260216__khanehpak.ir__dd82ba2cda14.html
7765,20260216__khatonart.ir__2d1c1bdfb2f7.html
7766,20260216__khayr.ir__39c00d113b65.html
7767,20260216__khosro.goorabi.ir__0815c0629a49.html
7768,20260216__kimiai.ir__57b97eb2a82e.html
7769,20260216__kindo.ir__de5a03d52bcb.html
7770,20260216__kiqco.ir__86ccffbae6ad.html
7771,20260216__kooshaelectric.ir__a6affabc8f77.html
7772,20260216__kralco.ir__896e10f1d4c2.html
7773,20260216__l.charisma.ir__15fe7da567dc.html
7774,20260216__lachine.ir__78e1cbbdf9f6.html
7775,20260216__lahafkorsi-kkh.ir__23e156d932f8.html
7776,20260216__landscaper.ir__d8e7b435fc32.html
7777,20260216__laren.ir__c3c070d7c840.html
7778,20260216__lathemill.ir__c4e23e5f9a30.html
7779,20260216__lavanshop.ir__1ec0505ac737.html
7780,20260216__lbb.ut.ac.ir__444ad2af4043.html
7781,20260216__leymermusics.ir__6516dfb90b82.html
7782,20260216__lifewiki.ir__0ce85b9d61b4.html
7783,20260216__liftyab.ir__31564cb17254.html
7784,20260216__lightmed.ir__844e4835d1dd.html
7785,20260216__lilita.ir__d197ee2f99a0.html
7786,20260216__linkp.ir__7af439916f45.html
7787,20260216__lookzadeh.ir__bf3b4003ad58.html
7788,20260216__loolebazkonam.ir__b8e383da7c95.html
7789,20260216__lorddl.ir__0c286b01b188.html
7790,20260216__m-ganji.ir__0f1e197deda7.html
7791,20260216__m-nm.ir__fd37b3e38cce.html
7792,20260216__maaraz.ir__7e99400dbe81.html
7793,20260216__mabnawp.ir__1310245807cc.html
7794,20260216__madrese3.ir__41ffc7b5782d.html
7795,20260216__maharateman.ir__fe79d071e620.html
7796,20260216__mahimen.ir__8be652e0b0d7.html
7797,20260216__mahyalaser.ir__02ffe3820082.html
7798,20260216__majidemdad.ir__1a5137c53254.html
7799,20260216__maktabsharif.ir__a65de7fd3dc5.html
7800,20260216__mamanpaz.ir__f89e8d857273.html
7801,20260216__mamicooking.ir__ece916c186ce.html
7802,20260216__manetco.ir__10c0c23395a4.html
7803,20260216__market.ice.ir__c7f5843fb908.html
7804,20260216__maskanco.ir__fdbe1783a742.html
7805,20260216__matinfrp.ir__93e915b16e55.html
7806,20260216__matinyadak.ir__15dc26c5c946.html
7807,20260216__max-sms.ir__bd15bf54600f.html
7808,20260216__mcctv.ir__6c0ad507bd8f.html
7809,20260216__mci.ir__d16bad66cf9d.html
7810,20260216__mcls.gov.ir__8e556aff4690.html
7811,20260216__mcs.qut.ac.ir__aca95497cc56.html
7812,20260216__mcscogroup.ir__940f59ca5880.html
7813,20260216__mct.iranjournals.ir__9c2dcc275687.html
7814,20260216__mdfdesigner.ir__3b725d104c40.html
7815,20260216__media.ana.ir__f923a38021b4.html
7816,20260216__medicalexam.ir__2abd6065d342.html
7817,20260216__megastone.ir__58ada746af72.html
7818,20260216__mehromahqazvin.ir__205345789f09.html
7819,20260216__melalcarrental.ir__5fa51f0daf58.html
7820,20260216__menubaz.ir__452d96b80321.html
7821,20260216__metrix.ir__1a404c2d2f7e.html
7822,20260216__mhva.ir__60622ab3585b.html
7823,20260216__microid.ir__7ef7a933c50e.html
7824,20260216__microsoft-co.ir__2cc994d19ff1.html
7825,20260216__mihankhodro-co.ir__79b59c259b16.html
7826,20260216__miracoland.ir__bae08627a315.html
7827,20260216__mithrandir.ir__2cb937fcb93c.html
7828,20260216__mixin.ir__d1086a59c7af.html
7829,20260216__mjrashedi.ir__033f531bce6b.html
7830,20260216__mmsgift.ir__01ff2582ff8a.html
7831,20260216__mng.mui.ac.ir__17cf7228b9c4.html
7832,20260216__moarref.blog.ir__21d66c6c583a.html
7833,20260216__mobile0913.ir__eb4a3c02a881.html
7834,20260216__mobingasht.ir__198d4d1711a4.html
7835,20260216__mobinnet.ir__e3340884f7e3.html
7836,20260216__modendo.ir__92eb156e3d32.html
7837,20260216__modernpanel.ir__b6afac7abbb6.html
7838,20260216__mofidwp.blog.ir__3971dce4164a.html
7839,20260216__moghimco.ir__e3008fdad648.html
7840,20260216__mohambook.ir__4cb354964044.html
7841,20260216__mohsen.ir__237cc3686700.html
7842,20260216__mohsenyazdani.ir__07b324b17b20.html
7843,20260216__mojan.ir__dd05a5e08ff8.html
7844,20260216__mojazsima.ir__81d9e91bd35f.html
7845,20260216__moshaverfelezyab.ir__37528dd0e4c9.html
7846,20260216__motor360.ir__f7035212fd34.html
7847,20260216__mp24.ir__9f472725759a.html
7848,20260216__mp3flowers.ir__de63f5ccb2e3.html
7849,20260216__mrayne.ir__b79df627ba4d.html
7850,20260216__mrud.ir__131ebadba2b8.html
7851,20260216__msdsproject.ir__11e57920ae82.html
7852,20260216__msina.ir__58359af5deb4.html
7853,20260216__mst-arman.ir__985a35a49f55.html
7854,20260216__mufid.ir__25c11b58009b.html
7855,20260216__mulla.ir__15db15ba0ddd.html
7856,20260216__musicmedia.ir__436e79b7dd25.html
7857,20260216__musicsky.ir__fe475036595e.html
7858,20260216__muvi.ir__1f419882e50f.html
7859,20260216__muziksara.ir__3671c922bc5f.html
7860,20260216__mvideo.ir__bd67f727fc3a.html
7861,20260216__my-ahangha.ir__6f1315ac5f00.html
7862,20260216__my-ts.ir__5c37b8b8d821.html
7863,20260216__my-web.blog.ir__b0b990e224c3.html
7864,20260216__my.gov.ir__1b10337a3de9.html
7865,20260216__mynose.ir__d3075e850274.html
7866,20260216__myprojectorlamp.ir__b7c4326f0da7.html
7867,20260216__mytor.ir__b0f42059113d.html
7868,20260216__myyazd-music.ir__4d40edcf22fe.html
7869,20260216__nabkala24.ir__3e651a96467b.html
7870,20260216__nabx.vcp.ir__7b19546287ab.html
7871,20260216__naele.ir__cd017bb15f2c.html
7872,20260216__naghdbazi.ir__2ee93384a243.html
7873,20260216__nahalha.ir__82de7b03dfe4.html
7874,20260216__nahravanco.ir__d3ee848598b3.html
7875,20260216__namaadiran.ir__7c0499970e64.html
7876,20260216__namava.ir__439114ae5d8b.html
7877,20260216__nanocard.ir__79000f6bf254.html
7878,20260216__naraghcsg.ir__1c5e978fe372.html
7879,20260216__nasicoelec.ir__2559b7e314c9.html
7880,20260216__nasim-book.4kia.ir__82ed573406a2.html
7881,20260216__nasimedelfan.ir__0a00e634ff39.html
7882,20260216__nasimsaba.ir__4ef80e5bcc5d.html
7883,20260216__nasiri.iut.ac.ir__8eb0a07c183a.html
7884,20260216__naturalfresh.ir__6afca2ef38d0.html
7885,20260216__navidavaran.ir__03eddea88771.html
7886,20260216__nayel.ir__cd017bb15f2c.html
7887,20260216__nayini.ir__172cda9274bc.html
7888,20260216__nayl.ir__449b3ac62531.html
7889,20260216__nazaretchie.ir__dc61600954fd.html
7890,20260216__nazok-narenji.ir__a8ba2e303f70.html
7891,20260216__nazokbin.ir__11871de72bbb.html
7892,20260216__nedayeshiraz.ir__37ef60169a70.html
7893,20260216__netbill.ir__bc94bae56c9c.html
7894,20260216__neurochallenge.ir__625481b4a316.html
7895,20260216__news.iut.ac.ir__84bd8895d49d.html
7896,20260216__news.tpo.ir__b4ff222194f1.html
7897,20260216__newshanik.ir__57e80fba825a.html
7898,20260216__newspaper.al-vefagh.ir__20537aaf5151.html
7899,20260216__neyl.ir__bd348539876a.html
7900,20260216__nezaratmali.ir__ff3f25ee725d.html
7901,20260216__nigc.ir__80544833d7a6.html
7902,20260216__nightkey.ir__2fbd8b91166b.html
7903,20260216__nikaro.ir__5dcbe2b8fd40.html
7904,20260216__ninibaba.ir__82c3c8ea7167.html
7905,20260216__nobat.ir__aa712c748b52.html
7906,20260216__nobatdehi.epolice.ir__7fb8e553549a.html
7907,20260216__nobelmag.ir__20509c27674b.html
7908,20260216__nobitex.ir__b8d0f374e683.html
7909,20260216__noogah.ir__45af67a01371.html
7910,20260216__nooshdaroo.ir__0b16b7cf5f4c.html
7911,20260216__norjugha.ir__bc284a2b304d.html
7912,20260216__novintebiran.ir__9f8533baeda3.html
7913,20260216__nsec.ir__697905c5a013.html
7914,20260216__ntsw.ir__d40df835663e.html
7915,20260216__nydk.ir__2872b751026f.html
7916,20260216__o40.ir__d24b13ea085d.html
7917,20260216__o72.ir__4152934ca475.html
7918,20260216__officebaz.ir__a537824844a9.html
7919,20260216__ohst.ir__d6762a1155d2.html
7920,20260216__ok-ex.io__cd5958b53eaf.html
7921,20260216__omegaminerva.ir__1742ebe739fe.html
7922,20260216__ompfinex.com__554c4ed3291d.html
7923,20260216__oneplatform.ir__8cac2d76de8b.html
7924,20260216__onlineardabil.ir__6d9ae18a5326.html
7925,20260216__onlinecoffee.ir__61fc0a8cc7cb.html
7926,20260216__onlinehefaz.ir__8e844f7913ea.html
7927,20260216__onsa.ir__75a4a03204b5.html
7928,20260216__oostamo.ir__5078f1027142.html
7929,20260216__orfy.ir__d8dbb20b833f.html
7930,20260216__orixgame.ir__fdcf4e3a1f9c.html
7931,20260216__orthoclinic.ir__4146f75f4ed1.html
7932,20260216__orthodentist.ir__480cb8738a88.html
7933,20260216__ostadsalam.ir__6a9d916f7084.html
7934,20260216__oujaram.ir__72bd839bf4ef.html
7935,20260216__oxygenn.ir__30d369772b48.html
7936,20260216__oxygenweld.ir__169e504916de.html
7937,20260216__pact.ir__f16c5198966c.html
7938,20260216__paknikalborz.ir__79fe0d19782c.html
7939,20260216__paksazangostar.ir__84b7ebd9f847.html
7940,20260216__palnetgroup.ir__e919ceacbb69.html
7941,20260216__panel.arzket.com__7389ab8a59c2.html
7942,20260216__panteaa.ir__9def7660e81b.html
7943,20260216__parsara.ir__534d0dadb728.html
7944,20260216__parsian-bank.ir__3835b4f625e6.html
7945,20260216__parsmig.ir__48fc8c9b49c1.html
7946,20260216__parsmotoroil.ir__aa95695129ae.html
7947,20260216__patoghyou.blog.ir__ba98bf44ac91.html
7948,20260216__payampetro.ir__46e410a44f87.html
7949,20260216__paynevesht.ir__71c9dc4008a0.html
7950,20260216__pearl.sums.ac.ir__9f0b271279a9.html
7951,20260216__pendarium.ir__a4633d05efd7.html
7952,20260216__persia-web.ir__d308007a5d54.html
7953,20260216__persia.ir__c08864c80763.html
7954,20260216__persianapps.ir__a040715f8912.html
7955,20260216__petstore.ir__0a68017c7656.html
7956,20260216__pfh.co.ir__adf0bbdfd3e7.html
7957,20260216__phdhome.ir__996d0c039687.html
7958,20260216__photorasta.ir__a48303aa32f6.html
7959,20260216__pishgiri.blog.ir__a290b19dd7fe.html
7960,20260216__plazadigital.ir__428f990d1680.html
7961,20260216__pokemoazami.ir__e4fa6866166c.html
7962,20260216__polnet.ir__3f9be60f6fc7.html
7963,20260216__pooleno.ir__f912c8d27b05.html
7964,20260216__popstereo.ir__aea27b275c3c.html
7965,20260216__porsline.ir__452d1fdf9453.html
7966,20260216__post.ir__b2da7f096393.html
7967,20260216__postbank.ir__3a03da3d3c98.html
7968,20260216__powergfx.ir__12fc114ea799.html
7969,20260216__ppo.ir__213f55e20bbc.html
7970,20260216__pr.irna.ir__f27da96eea3c.html
7971,20260216__prdc.ir__aa287125e659.html
7972,20260216__president.sbu.ac.ir__bc036ad1b9e2.html
7973,20260216__prochista.ir__2454114d58b8.html
7974,20260216__productrealize.ir__5a90f230e7ab.html
7975,20260216__psdmode.ir__79537a524fa8.html
7976,20260216__psychologicalscience.ir__3cfa7c97252a.html
7977,20260216__pycm.ir__37f3995c37c2.html
7978,20260216__pycm.shaghighi.ir__37f3995c37c2.html
7979,20260216__qaiie.ir__0485365a2634.html
7980,20260216__qarat.ir__e61826a63867.html
7981,20260216__qom.isna.ir__615dda06b1c9.html
7982,20260216__qtv.ir__98d0d44ab65c.html
7983,20260216__r-eko.cloudsite.ir__bbb24736d3f2.html
7984,20260216__racy.ir__9c7a80dbe0d5.html
7985,20260216__raeinsocial.ir__792da01c6199.html
7986,20260216__rael.ir__e5b67e2f1b01.html
7987,20260216__rahbordshomal.ac.ir__bfdadc014f79.html
7988,20260216__rahmusic.ir__ad90d3703d1d.html
7989,20260216__rahwp.ir__a3db280ad74d.html
7990,20260216__ramzinex.com__30b9539cafa7.html
7991,20260216__rastinmoshaver.ir__a4b8a319b54d.html
7992,20260216__ratacf.ir__d0aa9361fd84.html
7993,20260216__rayantaraz.ir__18285d33b5a7.html
7994,20260216__razjarahi.ir__1eefb22930dc.html
7995,20260216__refah-bank.ir__d0a4878f1078.html
7996,20260216__rentvan.ir__c993c3764cec.html
7997,20260216__rezahaghi.ir__54d10fdf1cad.html
7998,20260216__rhc.ac.ir__22b41586f029.html
7999,20260216__richsky.lordart121.ir__238f346deba0.html
8000,20260216__rightel.ir__facb92f2e5f9.html
8001,20260216__rinotex.ir__e86f73193628.html
8002,20260216__rionexc.org__5122383026d4.html
8003,20260216__roman-doni.ir__6454e5445f88.html
8004,20260216__rqbank.ir__834d1df5770c.html
8005,20260216__rubika.ir__b424b1597949.html
8006,20260216__rudkhan.ir__59839bf7c8b4.html
8007,20260216__s19.ir__2b123be7b8f6.html
8008,20260216__saa.ir__0f7439fbe87a.html
8009,20260216__sabatolid.ir__cd0b09d7c606.html
8010,20260216__sabteahval.ir__04de4be486bf.html
8011,20260216__sadadpsp.ir__52f813a1e89f.html
8012,20260216__sadeqjey.cloudsite.ir__aa25d5bd0748.html
8013,20260216__saeba.ir__6fb3a702b628.html
8014,20260216__saey.ir__06587b23a8ef.html
8015,20260216__safarme.ir__6b76972e25ad.html
8016,20260216__safaryaran.ir__73f1afc074fd.html
8017,20260216__safiran.ir__5c28d1c7e7b9.html
8018,20260216__sahaair.com__02cb8eae5dd8.html
8019,20260216__sahamedalat.ir__775b5b9381b6.html
8020,20260216__sahim.sabteahval.ir__352989197b91.html
8021,20260216__saipadiesel.ir__820a00b8a618.html
8022,20260216__sajayanegar.ir__0b09e2863bc5.html
8023,20260216__salemkar.co.ir__050f0920e9ca.html
8024,20260216__samak.ir__9e3cbe4b4831.html
8025,20260216__samanehha.com__b7c0ba0ea010.html
8026,20260216__samen-o-al-hojaj.zgig.ir__0ad5626b1c92.html
8027,20260216__samenyadak.ir__af1fa36f3f37.html
8028,20260216__samsung-services.ir__38eb313c4e21.html
8029,20260216__samsungyar.ir__cbbfbb06ff6f.html
8030,20260216__san.khu.ac.ir__e82f491b544b.html
8031,20260216__sana.adliran.ir__7605c51f769a.html
8032,20260216__sapa.ir__0dd830814761.html
8033,20260216__sapra.ir__b420b2325675.html
8034,20260216__sarabmusic.ir__e7af2f44e5e3.html
8035,20260216__sarafi.io__a5c4cc9b1b47.html
8036,20260216__saransport.ir__9db138060d0c.html
8037,20260216__sarmayex.com__c5b88130f6be.html
8038,20260216__satena.ir__ef7c96c47f1b.html
8039,20260216__sbank.ir__02491c21c600.html
8040,20260216__sc.journals.pnu.ac.ir__bb1582e04cde.html
8041,20260216__scs.niopdc.ir__8a44fa6b1d27.html
8042,20260216__sdh.sbmu.ac.ir__105c96d9eaa3.html
8043,20260216__sds.sndu.ac.ir__75c4d905b2f6.html
8044,20260216__search.farsnews.ir__df7dbe1251e5.html
8045,20260216__sejam.ir__1adf6a900729.html
8046,20260216__seminars.usb.ac.ir__5bde5dac5663.html
8047,20260216__service-wp.ir__beb78ff01e92.html
8048,20260216__shahrecarton.ir__e49d991727f6.html
8049,20260216__shaparak.ir__f90fe0af2ce9.html
8050,20260216__shatelpayamak.ir__178855ea9e6b.html
8051,20260216__shimishi.ir__4038add80751.html
8052,20260216__shincomplex.ir__d83c3a7e1413.html
8053,20260216__shirazrazi.ir__83c802ad5c22.html
8054,20260216__shoma-weekly.ir__2da2d10e1ea8.html
8055,20260216__showerdrain.ir__87c35bc147fd.html
8056,20260216__sibapp.com__ae12ff986d1f.html
8057,20260216__sibsmspanel.ir__3d8a29e4063b.html
8058,20260216__silkroadhotel.ir__af4f1672448b.html
8059,20260216__simcable-setayesh.ir__13370d07a38a.html
8060,20260216__simkhan.ir__8497758ab0d4.html
8061,20260216__sleevedr.ir__84c66fb95a02.html
8062,20260216__smartsolar.ir__3dfdfdb57eb3.html
8063,20260216__smnaji.ir__6187fbdb8aa1.html
8064,20260216__sms-city.ir__dc1ea7fbe5fa.html
8065,20260216__snapp.ir__e7f92a29eaa9.html
8066,20260216__snappfood.ir__1937e4b7ed43.html
8067,20260216__snapptrip.com__e31c31c4e689.html
8068,20260216__sobh-online.ir__5eea7a136060.html
8069,20260216__sobhany.ir__c97cf3e2a87b.html
8070,20260216__soroushgan.ir__43cba630f50e.html
8071,20260216__soundsnap.ir__52e5830da31d.html
8072,20260216__spardaz.ir__e21424cd3cc2.html
8073,20260216__spp.ir__2217036dadb6.html
8074,20260216__sprayfoam.ir__7920c6158998.html
8075,20260216__springdeco.ir__88c879b74a77.html
8076,20260216__spy24.ir__bbc334bb6b40.html
8077,20260216__ssoss.ui.ac.ir__444b8beed263.html
8078,20260216__steelkadeh.ir__8e49e657830b.html
8079,20260216__stim.qom.ac.ir__26630178be08.html
8080,20260216__stinas.ir__17f1da89e164.html
8081,20260216__store2020.ir__090d14710424.html
8082,20260216__structech.ir__055b077db1d8.html
8083,20260216__studio7.ir__91fa48e54a12.html
8084,20260216__studyinfo.ir__93377d8c79a3.html
8085,20260216__suncrystal.ir__f9a66ffcf51e.html
8086,20260216__superpex.ir__a2d5fb3da803.html
8087,20260216__superweb.ir__cb914d84a3b0.html
8088,20260216__suprabion.ir__6218af3f77e8.html
8089,20260216__suuntoshop.ir__6812aca7cadc.html
8090,20260216__svba.ir__18b727d74362.html
8091,20260216__synologynas.ir__e2232f470c16.html
8092,20260216__systeman.ir__a17012ebe7a5.html
8093,20260216__tabancrane.ir__0f81ed537d80.html
8094,20260216__tabdeal.org__f547cc5ea157.html
8095,20260216__tabirkade.ir__06655afa388a.html
8096,20260216__tabriz-iran.ir__b35d85e50cf4.html
8097,20260216__tabrizcity.ir__0accc7fd872c.html
8098,20260216__tahviehnazari.ir__87161439f73b.html
8099,20260216__taknet.ir__8b77fc89c947.html
8100,20260216__taktik.monoblog.ir__81424b257047.html
8101,20260216__talak.ir__25c11b58009b.html
8102,20260216__talarjamejam.ir__2b0585a52244.html
8103,20260216__talashdl.ir__f928d99c0956.html
8104,20260216__taninsoft.ir__6ffd95a8ee5f.html
8105,20260216__tavanir.org.ir__a715db1faf2d.html
8106,20260216__tavanmehvar.ir__06293738eddf.html
8107,20260216__tavanzist.ir__7d4f83717be5.html
8108,20260216__tax.gov.ir__c957cf619c8f.html
8109,20260216__taxiapps.ir__88a0514d5f41.html
8110,20260216__tdm.ir__280077c23814.html
8111,20260216__teacoffee.ir__bf3bd7f78b77.html
8112,20260216__teb.jrl.police.ir__baae0e3f4d7b.html
8113,20260216__tebnema.ir__b540e3c7369f.html
8114,20260216__tehkala.ir__e7c0f13827e8.html
8115,20260216__tehran-isfahan.ir__9bebf5342657.html
8116,20260216__tehranbar-turkey.ir__bf0d5f0146e3.html
8117,20260216__tehrandentalnews.ir__977ebcf1570d.html
8118,20260216__tej.sanandaj.iau.ir__3b9ab0aa5fe7.html
8119,20260216__tejaratbank.ir__7fa42026148a.html
8120,20260216__tglgroup.ir__0e78b7195ab3.html
8121,20260216__thegarage.ir__ebbe2c5bdf05.html
8122,20260216__tikeh.ir__4f8f7da65464.html
8123,20260216__tirozh.ir__a79d467d1bce.html
8124,20260216__tlsc.ir__9375bbd29e18.html
8125,20260216__tml-manager.ir__ae66f6fc54b1.html
8126,20260216__tms.ir__3f707ffd10fc.html
8127,20260216__tody.ir__feefbef539fe.html
8128,20260216__toobitc.com__0726b49d2125.html
8129,20260216__topickala.ir__49ad5a6dcc53.html
8130,20260216__torob.com__ae5221451f18.html
8131,20260216__tpja.ir__54b52151e5ed.html
8132,20260216__trendrooz.ir__f94c24ba981c.html
8133,20260216__triponline.ir__249867f86210.html
8134,20260216__trustonline.ir__8c75845580a3.html
8135,20260216__tse.ir__27f8e810c887.html
8136,20260216__tsetmc.com__e9dd190d8fd2.html
8137,20260216__tv.ut.ac.ir__729f61b5671a.html
8138,20260216__twox.ir__5201da40b793.html
8139,20260216__u8m.ir__ed7bccfed11d.html
8140,20260216__uniwoodmart.ir__7f05135c5c8b.html
8141,20260216__unlockimei.ir__4152c3de1fff.html
8142,20260216__up.20script.ir__8a290474d8e8.html
8143,20260216__utstpark.ir__1cfa6486e7b1.html
8144,20260216__vaghtemod.ir__eeb87ef62aa8.html
8145,20260216__vajd.ir__350f0e5ab48c.html
8146,20260216__vci.ir__3710d44076cf.html
8147,20260216__vira20.ir__ace45e4f5813.html
8148,20260216__virasafar.ir__771d1021d76b.html
8149,20260216__virma.ir__2deca86fb2ec.html
8150,20260216__w3dev.ir__9f3be5064765.html
8151,20260216__wallex.ir__18e7020a2e73.html
8152,20260216__wallflore.ir__2b67114270c9.html
8153,20260216__watcharena.ir__c3dccec5394a.html
8154,20260216__web-city.ir__12501b9bd009.html
8155,20260216__webboom.ir__251f569932c3.html
8156,20260216__webdata.ir__b81ec7f5a90f.html
8157,20260216__weblog.chaapaar.ir__e438ed6f0917.html
8158,20260216__weblog.mehdisheikhzadeh.ir__7d2040d4df56.html
8159,20260216__white-dream.ir__17bdbd28577b.html
8160,20260216__wikip.ir__8f7b9bdf2517.html
8161,20260216__windesign.ir__41a49ea5e2fd.html
8162,20260216__wlux.ir__6998ab472e1c.html
8163,20260216__worldwartoys.lordart121.ir__d938080dbf06.html
8164,20260216__wpdesigner.ir__2b1f20a16b56.html
8165,20260216__wpfiles.ir__526d0fd449a8.html
8166,20260216__wyky.ir__c3a8dc6b116b.html
8167,20260216__xiaomii.ir__be6cb84cce23.html
8168,20260216__ya1.ir__7467d486a66c.html
8169,20260216__yaks.ir__bb384fe16dab.html
8170,20260216__yawar.ir__0c48c8dc792f.html
8171,20260216__yazdprofil.ir__6a01df37ed88.html
8172,20260216__yeganehyadak.ir__5159246d1522.html
8173,20260216__youbacklink.blog.ir__d13f53771f82.html
8174,20260216__youtobnet.ir__ed7bccfed11d.html
8175,20260216__zarbang.ir__f5530cd65a80.html
8176,20260216__zargo.ir__76e341a03132.html
8177,20260216__zarinpal.com__cd88b7fa024c.html
8178,20260216__zayf.ir__e7ae4fe4c292.html
8179,20260216__zebarjadcrafts.ir__e514260f15b5.html
8180,20260216__zh1.ir__e2be07b21418.html
8181,20260216__zibajoo.ir__c32d19c407af.html
8182,20260216__zibarooz.ir__0683e7d4825d.html
8183,20260216__ziwa.ir__920d4513e007.html
8184,20260216__zmim.ir__7fddebdbc87f.html
8185,20260217__alton-store.com__ad9f66acc7f8.html
8186,20260217__ba24.ir__70e4854e6eac.html
8187,20260217__banksepah.ir__b07e8ddf6271.html
8188,20260217__bimeh.com__d52752abb535.html
8189,20260217__daric.gold__dcb29a5b1257.html
8190,20260217__eitaa.com__07b5141fd344.html
8191,20260217__faraswap.com__75a25fa4ff03.html
8192,20260217__gandico.com__db92d51f39b6.html
8193,20260217__hamtapay.net__250a85e46783.html
8194,20260217__khedmatazma.com__72c7df11d335.html
8195,20260217__kimiagoldgallery.com__710e0f0fe347.html
8196,20260217__melalbank.ir__fdaf31b10f48.html
8197,20260217__mex.co.ir__7bf133e2ce74.html
8198,20260217__mojtahedi.org__8bc6debcd280.html
8199,20260217__myket.ir__4fab1465c5a8.html
8200,20260217__nikpardakht.com__a84f70394d6d.html
8201,20260217__nipoto.com__5a9d694e8174.html
8202,20260217__online.sahamyab.com__8f7016c7b7e0.html
8203,20260217__saraf.app__2e1b7b22dcb4.html
8204,20260217__sb24.ir__7f992cb8127c.html
8205,20260217__sheypoor.com__89f68037ffcb.html
8206,20260217__tala.ir__c2cdef3d536d.html
8207,20260217__talasea.ir__ca77997ea0b9.html
8208,20260217__tipaxco.com__ccf345bd4d42.html
8209,20260217__tokeniko.com__a875bfef3972.html
8210,20260217__tourismbank.ir__fdfbc12592db.html
8211,20260217__ttbank.ir__59a046361cc3.html
8212,20260217__varzesh3.com__e4fa0c9b93ae.html
8213,20260217__zarafza.com__54a5e84a812e.html
8214,20260217__zcoinn.com__d8fccad5fd4a.html
8215,20260221__100st.ir__71d14ddbecd8.html
8216,20260221__100startups.ir__cc9143b7b9af.html
8217,20260221__1riali.ir__1ef8f3b63a2c.html
8218,20260221__4030bar.ir__041707b9ce90.html
8219,20260221__4eq.ir__b960ba98a41e.html
8220,20260221__7taster.ir__aafd3cbe51e3.html
8221,20260221__9craft.ir__4c0960b67312.html
8222,20260221__abadan-ref.ir__559d0f69a20e.html
8223,20260221__absland.ir__cba0f51e2f5d.html
8224,20260221__academy.tipax.ir__e3de1e55b0a5.html
8225,20260221__adamesarbehava.ir__6f2d1b5efec7.html
8226,20260221__adib-mazandaran.ac.ir__426d7f732985.html
8227,20260221__aejournal.ir__95d2a32c11fe.html
8228,20260221__afrangkhabar.ir__e7260bd6c6fd.html
8229,20260221__agahititr.ir__25dae51a0dd2.html
8230,20260221__ahaksazan.ir__37d03b4b7a32.html
8231,20260221__aihec.ir__bc7444790203.html
8232,20260221__ajor110.ir__f86e0574f521.html
8233,20260221__amerllica.ir__443032c9db11.html
8234,20260221__amirpourmand.ir__bc514b8ce5c2.html
8235,20260221__amol.ir__2b0ae021eebc.html
8236,20260221__andishe.maaref.ac.ir__53a7c78474b4.html
8237,20260221__andishehegmataneh.ir__2448da3d3ecc.html
8238,20260221__anore.ir__6033925831af.html
8239,20260221__archistory.ir__e39dc6ea6021.html
8240,20260221__armanrazavi-ihe.ac.ir__ed452c886fcb.html
8241,20260221__art.ac.ir__b4a83eac6de1.html
8242,20260221__arzanfollowers.ir__9705087605f9.html
8243,20260221__asaksystem.ir__85b90b59e127.html
8244,20260221__ashkezarnews.ir__bf558facfdf2.html
8245,20260221__aslamooz.ir__5a712fd9ca6b.html
8246,20260221__asr-elevator.ir__252b4dc9cb0e.html
8247,20260221__astx.ir__a3713cdf7257.html
8248,20260221__azadsarv.ir__98519e58c582.html
8249,20260221__b2n.ir__413a30510627.html
8250,20260221__banatanama.ir__eca7fc371825.html
8251,20260221__banayeiran.ir__f015f4d3152c.html
8252,20260221__basfum.ir__6a154ca3f17e.html
8253,20260221__bayynat.ir__aca4c8486105.html
8254,20260221__bazarpipe.ir__0bac04021cd9.html
8255,20260221__beiglou.ir__7e96a6ed1bf8.html
8256,20260221__binaloud.ac.ir__5a457458f82b.html
8257,20260221__blog.idpay.ir__d2424b78ce8d.html
8258,20260221__bolandanews.ir__4b824b9cf97a.html
8259,20260221__bookpioneers.ir__cea155d84ef6.html
8260,20260221__borazjan.ir__b705e386b0fa.html
8261,20260221__bums.ac.ir__c17d943558bc.html
8262,20260221__cactistore.ir__718f95a28bad.html
8263,20260221__ccgrass.ir__ed0b152154cb.html
8264,20260221__chakadclub.ir__82077ded7393.html
8265,20260221__chashnee.ir__a5751c54be6b.html
8266,20260221__cinemakhorasan.ir__26352945dcd7.html
8267,20260221__cinere.ir__3218d718fed1.html
8268,20260221__cistc.ir__5f281ed2b045.html
8269,20260221__clubesaba.ir__3091916eb053.html
8270,20260221__codebox.ir__858255dc0333.html
8271,20260221__cognitiveclinic.ir__2d66cb689c78.html
8272,20260221__console.haio.ir__bbe438c62884.html
8273,20260221__contenttherapy.ir__42b2ec919ff5.html
8274,20260221__ctpl.um.ac.ir__76f25cb0fd28.html
8275,20260221__dalform.ir__44e6960e6cd8.html
8276,20260221__danakiosk.ir__c9d153c1072d.html
8277,20260221__darbastranjbar.ir__814aeac38dae.html
8278,20260221__daroshohada17.ir__51149569e061.html
8279,20260221__data.ir.csulb.edu__cb726a0bd32d.html
8280,20260221__davoudabadi.ir__e3de70df08d3.html
8281,20260221__dede.ir__c38ff26e2b70.html
8282,20260221__dehghanscopsang.ir__0646774b0d81.html
8283,20260221__deprint.ir__716577d2e675.html
8284,20260221__devsummit.ir__f3194c32bc53.html
8285,20260221__dgpy.ir__4e248f491ff7.html
8286,20260221__dgto.ir__1863e8d47049.html
8287,20260221__digipostal.ir__7b57e95c6117.html
8288,20260221__digitalboost.ir__f7f1c8f4b2a4.html
8289,20260221__dimyadi.ir__817ecd7eb05e.html
8290,20260221__dir.tccim.ir__bc1c853378c6.html
8291,20260221__divanealee.eadl.ir__62172a59feba.html
8292,20260221__dl.uswr.ac.ir__47b6e4da751a.html
8293,20260221__dlim.ir__93bb496a1894.html
8294,20260221__doostimelal.ir__3b93e479a709.html
8295,20260221__doreiranbegardam.ir__237f3c04d4cc.html
8296,20260221__doypack.ir__417ef7f3bc08.html
8297,20260221__dp11.ir__acf71fb5066b.html
8298,20260221__drhamidrezaesmaeili.ir__97566ead8fe2.html
8299,20260221__e-rasaneh.ir__0007fe9cd6d1.html
8300,20260221__eastp.ir__b68c5deff2ad.html
8301,20260221__edd.behdasht.gov.ir__37e55116a8dd.html
8302,20260221__ehda.ibto.ir__c7a480c48c8e.html
8303,20260221__electromilad.ir__54258d5c7531.html
8304,20260221__eloquentjs.ir__1909f7ec8747.html
8305,20260221__en.ifilmtv.ir__a2f16e2cb6c0.html
8306,20260221__en.mubabol.ac.ir__d3bc2738802f.html
8307,20260221__en.nano.ir__ff2e201bf546.html
8308,20260221__en.tabriz.ir__9ffd24fa93bf.html
8309,20260221__energyemrooz.ir__1e882090f60d.html
8310,20260221__ephysician.ir__6f147ebdccc5.html
8311,20260221__estedadtahlili.ir__4823d5510eb5.html
8312,20260221__eu-passport.ir__2ab66e6dae06.html
8313,20260221__existshoes.ir__320c99dbb723.html
8314,20260221__eyadaki.ir__1619dfc1938c.html
8315,20260221__fajrgamefestival.ir__8a7610324f82.html
8316,20260221__fanarevarzeshi.ir__266f27df3cd7.html
8317,20260221__faraznetwork.ir__6da889df5aa8.html
8318,20260221__fardapaper.ir__93fdda4652f7.html
8319,20260221__farhangohonar1.ir__f9cf9b64ee1b.html
8320,20260221__farvardin.ac.ir__684039b16cb4.html
8321,20260221__festivart.ir__0280a973d4c8.html
8322,20260221__fivestar-arg.ir__1d91b0a26fbf.html
8323,20260221__folani.ir__33a8f48b3e35.html
8324,20260221__fontsara.ir__52e4362ae0a5.html
8325,20260221__freepiker.ir__679eec1d358f.html
8326,20260221__freescript.ir__3ed80c204b08.html
8327,20260221__gcr.isfahan.iau.ir__4382887902d1.html
8328,20260221__ghoncheyqr.ir__a61c60e9a8f5.html
8329,20260221__giftus.ir__f9cb4c5bca2a.html
8330,20260221__gilar.ir__4395ed410b17.html
8331,20260221__gilarena.ir__24cb0e4a4cbc.html
8332,20260221__gitipishro.ir__606b39d1659f.html
8333,20260221__gmj.ir__748c8b9b8aa6.html
8334,20260221__goldtechnic.ir__f12cf1211df8.html
8335,20260221__gramtrading.ir__43b06f8f198e.html
8336,20260221__graphictarh.ir__5e1cd018894f.html
8337,20260221__guilan.ac.ir__acd93b58dea0.html
8338,20260221__hadisehwrites.ir__5acbd18c343d.html
8339,20260221__hamvarnews.ir__03ce525faedb.html
8340,20260221__handako.ir__5712961e651f.html
8341,20260221__helli3.ir__ab675a467b63.html
8342,20260221__helli4.ir__f7f6bd499530.html
8343,20260221__hitobuy.ir__029f54d0f231.html
8344,20260221__hojjreh.ir__5b6618985b62.html
8345,20260221__honarekavir.ir__19f4572958fd.html
8346,20260221__hsy.ir__9d603b54628e.html
8347,20260221__i-phone.ir__43feba3f0ee1.html
8348,20260221__iao.ir__c3c4014b5e44.html
8349,20260221__ias.ac.ir__9a886ede19ce.html
8350,20260221__ibmp.ir__64c1bb0b5e0d.html
8351,20260221__ica.isfahan.ir__1cca2b8b3924.html
8352,20260221__iiees.ac.ir__9fd6eba92c67.html
8353,20260221__ilenc.ssaa.ir__b474a1172497.html
8354,20260221__imed.ir__8faa5244bc63.html
8355,20260221__imtj.gmu.ac.ir__86a0e227b24b.html
8356,20260221__invest.isfahan.ir__eb2ab87cd304.html
8357,20260221__iranian.mfa.ir__40a3371a4155.html
8358,20260221__iranlittmann.ir__487a1a9dd6d4.html
8359,20260221__irannationalmuseum.ir__b92847a619bb.html
8360,20260221__iranpack.ir__9184f5c03f6a.html
8361,20260221__iranpokeh.ir__406c81e6b34d.html
8362,20260221__iranscript.ir__5920a9673564.html
8363,20260221__iranzab.ir__52e53bbd2b57.html
8364,20260221__ircg.ir__d724ac08613d.html
8365,20260221__iri.co.ir__698bc18c0409.html
8366,20260221__is.tci.ir__b201ac028909.html
8367,20260221__isfahan.airport.ir__7fdf831b1707.html
8368,20260221__isfahan.ir__f19f071e76fa.html
8369,20260221__isfahan.iranpl.ir__78325daff280.html
8370,20260221__istanews.ir__b22a01870eb1.html
8371,20260221__jahanesanat.ir__a374ed692e3b.html
8372,20260221__jame.um.ac.ir__111e54c0cdc8.html
8373,20260221__jamsat.sums.ac.ir__2b371a5d7724.html
8374,20260221__jas.ui.ac.ir__4d8d3cd9eb9a.html
8375,20260221__jctm.mums.ac.ir__bf0430fced46.html
8376,20260221__jdm.ac.ir__1b57ea88778d.html
8377,20260221__jinm.irannationalmuseum.ir__114fc03851a4.html
8378,20260221__journals.iau.ir__a547c6bdea0b.html
8379,20260221__journals.sbmu.ac.ir__7790f19d4c0d.html
8380,20260221__jovr.ir__bcf6fb3a6b9b.html
8381,20260221__jri.ir__8284ff1fd7a3.html
8382,20260221__kardangearbox.ir__10a863874322.html
8383,20260221__karnaval.ir__5870d4bcad5a.html
8384,20260221__kavian.ac.ir__b6d834b30572.html
8385,20260221__kavosh.ac.ir__ccb800f81139.html
8386,20260221__kerman.iau.ir__16bc99ebf7e6.html
8387,20260221__ketabebojnord.ir__a61202ba1864.html
8388,20260221__khabarads.ir__16ceba1ddbfc.html
8389,20260221__khadamatekafsabi.ir__e1ca70273153.html
8390,20260221__kktco.ir__d595554ec0b6.html
8391,20260221__kwpa.ir__16621864f3d3.html
8392,20260221__lib.qom.ac.ir__a3d3a6768bf6.html
8393,20260221__lisna.ir__9a2614fdceef.html
8394,20260221__logatyab.ir__70d9e6a22aba.html
8395,20260221__london.mfa.ir__61e7e7e98baa.html
8396,20260221__luxuryproperties.ir__1a84d65517cd.html
8397,20260221__maanacenter.ir__f9a9c10dcd4f.html
8398,20260221__maclift.ir__f152f37bcb77.html
8399,20260221__makhzanebazi.ir__8a579828ba60.html
8400,20260221__map.ir__b4340cf9ec33.html
8401,20260221__mazzaneh.ir__d5c87cd92774.html
8402,20260221__mbfakouri.ir__1eec98030bf8.html
8403,20260221__mdent.ir__2a7f641d9015.html
8404,20260221__med.umsu.ac.ir__e95af658e4eb.html
8405,20260221__mediacable.ir__251addfff7a8.html
8406,20260221__mesb.ir__f0d4cd3a16f3.html
8407,20260221__metro.mashhad.ir__c1748c7ee439.html
8408,20260221__missone.ir__daee546bd1a2.html
8409,20260221__mla.ir__182d0ed4ea65.html
8410,20260221__mobasherkashani.ir__36807a4c1bcc.html
8411,20260221__modelus.ir__7d1984fa21e4.html
8412,20260221__mostanadsazi.ir__ba7fecd0e2c5.html
8413,20260221__mrtanz.ir__a1d5db859611.html
8414,20260221__mywoodland.ir__196b2e527e01.html
8415,20260221__nahadgara.ir__b6ba539c0aaa.html
8416,20260221__negarestan.iust.ac.ir__12e4b0c7b0b2.html
8417,20260221__news.tabrizu.ac.ir__54dff227c8a1.html
8418,20260221__nima.ac.ir__35e5b565ffdf.html
8419,20260221__ocw.um.ac.ir__9344db80b3e3.html
8420,20260221__oriflamegold.ir__b5f3bf0188a5.html
8421,20260221__pandp110.ir__48b04331ee9b.html
8422,20260221__parseed.ir__1a5f5420a65f.html
8423,20260221__parsgheteh.ir__49213a2483f0.html
8424,20260221__parsrazmtolidi.ir__dafe23c47cf7.html
8425,20260221__physics.sbu.ac.ir__119f0e9d697f.html
8426,20260221__picot-online.ir__ea5f95b7e5b1.html
8427,20260221__plannerce.ir__12b34a17ca7a.html
8428,20260221__platinaccess.ir__2b76a55921c3.html
8429,20260221__poets.ir__045dba417586.html
8430,20260221__polytehran.ir__03af9d101952.html
8431,20260221__pulsco.ir__380ea2b31353.html
8432,20260221__pvst.ir__e4763688bc9f.html
8433,20260221__qeshmgeopark.ir__d1432fd40fb6.html
8434,20260221__rahkarpouya.ir__90fbf85967d5.html
8435,20260221__rasamgraphic.ir__32f78303b7a7.html
8436,20260221__ravaqschool.ir__e4b9f1f3b985.html
8437,20260221__rawco.ir__935ffb0f17b7.html
8438,20260221__razavihospital.ir__ce801ecfaa92.html
8439,20260221__reba.ir__458c5947b739.html
8440,20260221__rie.ir__19341b627166.html
8441,20260221__rooydadestan.ir__6087baf26ba2.html
8442,20260221__rouzbahan.ac.ir__5a8874e76675.html
8443,20260221__royasite.ir__e30297b79629.html
8444,20260221__sahandyardim.ir__13fbb1493eec.html
8445,20260221__sahelsorkh.ir__74566a92548e.html
8446,20260221__salehan.ac.ir__0bee3223fd89.html
8447,20260221__samen.cfu.ac.ir__49765530a962.html
8448,20260221__sanabad.ac.ir__13bc4efedb94.html
8449,20260221__sanandaj.airport.ir__ecd4e68dda9a.html
8450,20260221__sangscoop.ir__063dbc03c6ae.html
8451,20260221__sangscop.ir__20bf308a569b.html
8452,20260221__saroyeh.ac.ir__fa8cd45d64d5.html
8453,20260221__sarvtech.ir__a1537201bbae.html
8454,20260221__scoppars.ir__fbecd59dd281.html
8455,20260221__scopsang.ir__3969b90bb9e0.html
8456,20260221__scopsangdehghan.ir__f713027a347b.html
8457,20260221__scopstone.ir__f345ed71ec07.html
8458,20260221__setaresobhonline.ir__ae7efafe6ac4.html
8459,20260221__shaghool.ir__e4bd8724a531.html
8460,20260221__shahrequran.ir__45b3d2ee0495.html
8461,20260221__shelow.ir__01fe902e76d8.html
8462,20260221__shirintanz.ir__f1ab25145e30.html
8463,20260221__shora.bijar.ir__17f4dea28793.html
8464,20260221__silvestor.ir__0423ec62227b.html
8465,20260221__sina.bmn.ir__dc494be67797.html
8466,20260221__sko.ir__3f83e095db38.html
8467,20260221__smartbluecube.ir__449ea4e8fac6.html
8468,20260221__sojud.ir__e03333697272.html
8469,20260221__spnfa.ir__c60d4d81c0b4.html
8470,20260221__stikeram.ir__061a2bc78ac4.html
8471,20260221__stonescop.ir__89974eb47434.html
8472,20260221__studyinturkey1.ir__65a11404a121.html
8473,20260221__tabrizfair.ir__4ba325148a68.html
8474,20260221__tajoddin.ir__13bc58cae7ee.html
8475,20260221__takkado.ir__13d69df70ae3.html
8476,20260221__tamir.ir__c81f67941c90.html
8477,20260221__tavanamuzesh.ir__04a672e13545.html
8478,20260221__tct.ac.ir__20fc0c690cdd.html
8479,20260221__techonews.ir__a4eed947a575.html
8480,20260221__tehran-animafest.ir__30496080e2c0.html
8481,20260221__test.semedco.ir__6d0eaebfe583.html
8482,20260221__thriving.ir__f1906bfb52b7.html
8483,20260221__tiat.ir__a09afe9d47bc.html
8484,20260221__tinou.ir__890b7c34f901.html
8485,20260221__tisff.ir__a212cb8ca003.html
8486,20260221__tj11.ir__c776bb80c186.html
8487,20260221__tohid.ir__e109cc6170a7.html
8488,20260221__toolgram.ir__62806cc87b1b.html
8489,20260221__toos.ac.ir__fc9a6641ef46.html
8490,20260221__tr90.ir__1e8d0d9b88fb.html
8491,20260221__trc.metrix.ir__f0d6080a48a4.html
8492,20260221__ttblog.ir__f1104418aab4.html
8493,20260221__types-of-gree.nasrblog.ir__deb2be4b92c2.html
8494,20260221__uniland.ir__c7a57fd8b9e6.html
8495,20260221__urlyar.ir__eb1707b96299.html
8496,20260221__uspace.ir__a0bd695bc1ea.html
8497,20260221__uxlearn.ir__b9e68c91568b.html
8498,20260221__vc.areeo.ac.ir__fc5b3690f433.html
8499,20260221__vcenter.ir__0d63940c0aec.html
8500,20260221__vcmstudy.ir__0627c2aa81e8.html
8501,20260221__verify.nic.ir__47d26184a91f.html
8502,20260221__vesaleyar14.ir__03f0a1ada875.html
8503,20260221__veterinary.tabrizu.ac.ir__99e5f69434cf.html
8504,20260221__visitiran.ir__6f4d6ff92e73.html
8505,20260221__vokalapress.ir__5604d2185f1a.html
8506,20260221__webpy.ir__f91ad6975380.html
8507,20260221__wintheme.ir__f59790f67c35.html
8508,20260221__y22.ir__37888f16c97d.html
8509,20260221__yasrebi.ir__425468a6bd5d.html
8510,20260221__yyjc.ir__01b615b9f0ac.html
8511,20260221__zanjani.ir__13a434896b10.html
8512,20260221__zoomg.ir__2444cae0a5e1.html
8513,20260222__14khorshid.ir__dc0fa7463f51.html
8514,20260222__1electric.4kia.ir__2a3c8986f82c.html
8515,20260222__2pro.ir__ff71187d821d.html
8516,20260222__3danet.ir__3ea621c3d1a8.html
8517,20260222__5040.ir__b9f7e305e10a.html
8518,20260222__7berkeh.ir__cd5942debb4c.html
8519,20260222__7ganj.ir__57a03b9d640b.html
8520,20260222__9ghalam.ir__b47ac9dfe685.html
8521,20260222__aapc.khu.ac.ir__88bdafad5dd5.html
8522,20260222__aazaranjoman.ir__8162566e96b4.html
8523,20260222__abedi-koupai.iut.ac.ir__b3190e0df332.html
8524,20260222__abhar.ir__f836b67f3f9c.html
8525,20260222__achomnetco.ir__720c28308112.html
8526,20260222__adliran.ir__574a761d9dd0.html
8527,20260222__adsl.tci.ir__63b706091dc0.html
8528,20260222__advertisingisfahan.ir__3d734195a5a7.html
8529,20260222__agahisanati.ir__c23c6d594cd8.html
8530,20260222__agrifile.ir__52f8d91f21fd.html
8531,20260222__airport.ir__70f3a1aab7a7.html
8532,20260222__ajmb.umsha.ac.ir__9604a914a5e9.html
8533,20260222__ali.dasmeh.ir__12bf1fb195a1.html
8534,20260222__alireza-ab.ir__be19394f537d.html
8535,20260222__alkawthartv.ir__90d72738f5b1.html
8536,20260222__allinonemag.ir__ed3784121ab4.html
8537,20260222__aminbahrami.ir__c30e5ea6aa79.html
8538,20260222__amirf.ir__4a48b6fe49d2.html
8539,20260222__amirhossein-fzl-dev.ir__0e5b6a299680.html
8540,20260222__amirmazinani.ir__b9f4a0df36dd.html
8541,20260222__amirrezaa.ir__cc080b33ae58.html
8542,20260222__amirzaa.ir__35c91c7e6854.html
8543,20260222__ancientaliens.ir__fcc27e892ca9.html
8544,20260222__andishemag.ir__46623c98b6d1.html
8545,20260222__andishemoaser.ir__cf4874293a00.html
8546,20260222__anitamusic.ir__2a9438e091c0.html
8547,20260222__ansne.du.ac.ir__ff71435a72d9.html
8548,20260222__apdtek.ir__e9f5ce4e5636.html
8549,20260222__apkm.ir__5229ff3eb84d.html
8550,20260222__apss.qom.ac.ir__511c00dbc1f1.html
8551,20260222__arakmu.ac.ir__125e6d769d85.html
8552,20260222__arda.ir__d2a8ff08b9a8.html
8553,20260222__arj.urd.ac.ir__9bc0690947f6.html
8554,20260222__articulate.ir__b8a771ade613.html
8555,20260222__artymag.ir__1d5568155c97.html
8556,20260222__arzanfroshy.ir__12ff4a1b401c.html
8557,20260222__asadabad.ir__6b3f2a600940.html
8558,20260222__asec.ir__a822687b115e.html
8559,20260222__asgarichair.ir__012d9996b8d9.html
8560,20260222__asianet.ir__962311dfad33.html
8561,20260222__asretemad.ir__748a1cbfb368.html
8562,20260222__astara.ir__228782f3c52c.html
8563,20260222__atamalek.ir__8b659f4daf6c.html
8564,20260222__athenagroup.ir__885abd60c9e9.html
8565,20260222__avalfars.ir__b90dd764b060.html
8566,20260222__avinketab.ir__d2ebc5ade50d.html
8567,20260222__avvangmusic.ir__26530f4e7be7.html
8568,20260222__azargh.farhang.gov.ir__f7432d8d9d8e.html
8569,20260222__azmet.ir__0a9c421f7d2e.html
8570,20260222__bahareen.ir__d1bf9bc1a642.html
8571,20260222__bahman.ir__edd86aa0bd8d.html
8572,20260222__bandweb.ir__c680328f3370.html
8573,20260222__bankefiile1003.nasrblog.ir__0636056ed209.html
8574,20260222__bankefiile12.nasrblog.ir__22e18aba3d44.html
8575,20260222__bartarnahal.ir__1506560845c3.html
8576,20260222__basin.ir__389b3198ef50.html
8577,20260222__bayan.ir__f7633a286182.html
8578,20260222__baztabgahar.ir__75605f30a2a4.html
8579,20260222__behabi.ir__f1d1a7d30b50.html
8580,20260222__behtarinvakileshiraz.ir__5bdf9fdb44c1.html
8581,20260222__behzi.ir__ae7f8f499e62.html
8582,20260222__bia2koonkur.ir__6730c10b8898.html
8583,20260222__biotechrep.ir__58c5703b0f3b.html
8584,20260222__birjand.ir__5e1df5b1264e.html
8585,20260222__bjozve.ir__15b3811e5bfd.html
8586,20260222__blacktheme.ir__a756f8ea5b53.html
8587,20260222__blog.scrum.ir__94b1c5217824.html
8588,20260222__bloogle.ir__239f906c6b19.html
8589,20260222__bluebyby.ir__6afdda2683aa.html
8590,20260222__bme711.ir__e4512de6d3b3.html
8591,20260222__bmsu.ac.ir__5262bcbd0309.html
8592,20260222__bou.ac.ir__89305d8dfddd.html
8593,20260222__breeding.tabrizu.ac.ir__1477c3b45f9f.html
8594,20260222__butan.4ss.ir__c33d64dd5535.html
8595,20260222__buylike.ir__de76f958d315.html
8596,20260222__cafenet-sahandiye.ir__52ea2563ea31.html
8597,20260222__cdtic.ir__d5ce822e0207.html
8598,20260222__ce.kashanu.ac.ir__40939251cdb5.html
8599,20260222__cert.um.ac.ir__0abb77858b37.html
8600,20260222__checkmysite.ir__9b3e559d5e0a.html
8601,20260222__chemgroup.ir__1df800046f4d.html
8602,20260222__chtm.isti.ir__0aa0c019cea5.html
8603,20260222__citar.ir__edd034eda86e.html
8604,20260222__clls.sbu.ac.ir__6744df5ffffb.html
8605,20260222__cod24.ir__65ba1d4eae62.html
8606,20260222__codal.ir__b6ad6f8a29da.html
8607,20260222__codesara.ir__e65f4b57fb84.html
8608,20260222__coffeestore.ir__86e7dbd921fd.html
8609,20260222__computer-engineer.blog.ir__42f2f53eb9b4.html
8610,20260222__cpmag.ir__d96fd9141cd3.html
8611,20260222__creativesoft.ir__ea87506b134b.html
8612,20260222__crtha.iums.ac.ir__1a9f94628e7b.html
8613,20260222__cryptolearner.copyforex.ir__371f54205462.html
8614,20260222__cryptonews.bestsignalforex.ir__ece23e08a841.html
8615,20260222__cryptoworld.adakforex.ir__ac1687fc6951.html
8616,20260222__cs-team.ir__f669a6069018.html
8617,20260222__cyberno.ir__4976436c1249.html
8618,20260222__cyberuni.ir__43c56f238fac.html
8619,20260222__damlak.ir__613afc402a6d.html
8620,20260222__darskade.ir__b693de671e6d.html
8621,20260222__davatonline.ir__ebc2b9bc415c.html
8622,20260222__dayan.ir__936b50f77a54.html
8623,20260222__delbandeman.ir__0b29933275a4.html
8624,20260222__dextab.ir__37d696ecf0d9.html
8625,20260222__dh.zaums.ac.ir__4307b8b7929a.html
8626,20260222__digilara.ir__65afb32e8e28.html
8627,20260222__digispark.ir__0dc970e75622.html
8628,20260222__dlib.scu.ac.ir__54ca0b8b619c.html
8629,20260222__doclink.ir__6059bed19780.html
8630,20260222__donyait.blog.ir__9fc5f6fedb4d.html
8631,20260222__doorc.ir__565fd43c9aca.html
8632,20260222__download.ir__c2bc08d8624d.html
8633,20260222__download1.11gig.ir__480fc6547eaa.html
8634,20260222__download2.11gig.ir__604e73217123.html
8635,20260222__downloadhat.ir__c5eada84bf35.html
8636,20260222__downloadmaghale.ir__ae00b6015989.html
8637,20260222__dpfaragir.ir__8730680cd9f3.html
8638,20260222__drbotoukesh.ir__5a16afba7b09.html
8639,20260222__dreadlockfardin.ir__9246f9f76179.html
8640,20260222__dres.ir__461e7ce50b79.html
8641,20260222__drphysics.ir__07640f46a253.html
8642,20260222__drsanaat.ir__234aecbd862b.html
8643,20260222__duman.pouyae.ir__d73b2f4ddb56.html
8644,20260222__ecdj.ihu.ac.ir__178a14c007f8.html
8645,20260222__ecotopia.ir__c2250890e4c3.html
8646,20260222__ee.sharif.ir__56bba6deb245.html
8647,20260222__eeng.ir__db9f712f98e1.html
8648,20260222__ehost.ir__a750ada9b5c5.html
8649,20260222__eircas.ir__8f712d9a0428.html
8650,20260222__ejcp.gau.ac.ir__51a059b3e623.html
8651,20260222__ejfpp.gau.ac.ir__8c92094d02cb.html
8652,20260222__elearnica.ir__c3d001790dcd.html
8653,20260222__electronics.4kia.ir__f0bbbffce8d6.html
8654,20260222__electropol.ir__49f7dd28f377.html
8655,20260222__emacademy.ir__3e02ca61e0b3.html
8656,20260222__emdad-khodro-esfahan.ir__b6e62072743c.html
8657,20260222__en.acgih.ir__92fbb3c7ed52.html
8658,20260222__en.caa.gov.ir__ae7e311a5e26.html
8659,20260222__en.iccima.ir__90def516d438.html
8660,20260222__en.umz.ac.ir__fb5416c73938.html
8661,20260222__enamad.ir__f9ed92b79425.html
8662,20260222__encse.sbu.ac.ir__0a419893eaad.html
8663,20260222__endocrine.ac.ir__23a1aeaa572e.html
8664,20260222__energy-oil.ir__4f154bed0f75.html
8665,20260222__eng.ui.ac.ir__887f8e1b8f8d.html
8666,20260222__eprints.rums.ac.ir__c0634008216f.html
8667,20260222__ewa.ir__4624f97e443d.html
8668,20260222__farafile.ir__b9e7283f9518.html
8669,20260222__faraproje.sellfile.ir__be645a319529.html
8670,20260222__farayandno.ir__3f64f93c819b.html
8671,20260222__farhangiannews.ir__e86b8d011048.html
8672,20260222__farmand.ir__7783798cde27.html
8673,20260222__farsi.rouhollah.ir__efa4b92bb895.html
8674,20260222__farsiroz.ir__a77b7d6fe84a.html
8675,20260222__fertilizershop.ir__f9cb0eb37f5c.html
8676,20260222__finds.ir__c0f4068127b4.html
8677,20260222__firemans.ir__9487502653b8.html
8678,20260222__firesky.ir__6a00e6a57a85.html
8679,20260222__fnm.ir__6ec0f73170c9.html
8680,20260222__forsatnet.ir__8dc05fc84064.html
8681,20260222__forum.kishtech.ir__722cf7f357d0.html
8682,20260222__fr.irna.ir__3410bddc4531.html
8683,20260222__franceshop.ir__8e48cc68e5e3.html
8684,20260222__free-culture.ir__169278c63318.html
8685,20260222__freepaper.ir__a82ecf6bcc1d.html
8686,20260222__french.presstv.ir__f10e36c6ca67.html
8687,20260222__frw.ir__f854c717428f.html
8688,20260222__funbazar.ir__6ae0affdffbb.html
8689,20260222__galaxytrip.ir__deedda025fb6.html
8690,20260222__game-center.ir__79315b2af0da.html
8691,20260222__gardeshberim.ir__6bfe2852e4ed.html
8692,20260222__geminorum.ir__83d2c09c8697.html
8693,20260222__genie.ir__c4c1f46927ce.html
8694,20260222__geogis.ir__8b32b5612939.html
8695,20260222__ghadirinews.ir__ccb492098490.html
8696,20260222__ghand-pahlu.ir__04dd12840a4e.html
8697,20260222__ghasemtorabi.ir__0e419e6e125e.html
8698,20260222__gilangharb.kums.ac.ir__02ff94f1cae4.html
8699,20260222__goharan.ir__7df33fab14eb.html
8700,20260222__gsia.tums.ac.ir__330f102802b4.html
8701,20260222__guichet.ir__639b8120f463.html
8702,20260222__hanet.ir__a36b314d497d.html
8703,20260222__happyliving.ir__f64056a578f5.html
8704,20260222__harrypotterpodcast.ir__6dea2e700a26.html
8705,20260222__health.behdasht.gov.ir__55dbd210b280.html
8706,20260222__hiweb.ir__332766849806.html
8707,20260222__hkc.ir__4977c2629d1e.html
8708,20260222__hms.gmu.ac.ir__23aea59ab0e3.html
8709,20260222__hodaonline.ir__74c602301ca2.html
8710,20260222__homeca.ir__321788e8f52b.html
8711,20260222__honarguilan.ir__c2a6dec24dda.html
8712,20260222__hormozbooking.ir__262c29f35160.html
8713,20260222__hpn.shahed.ac.ir__85ad70323f21.html
8714,20260222__hubgram.ir__befc852c74cd.html
8715,20260222__hums.ac.ir__5b00bb7caa12.html
8716,20260222__hydropumps.ir__fa194014d752.html
8717,20260222__i-pen.ir__3d924ded41b8.html
8718,20260222__iau.ir__6c1ead69c788.html
8719,20260222__ibestpost.ir__b70ad6c4be06.html
8720,20260222__icssjournal.ir__e84f4487f0eb.html
8721,20260222__idlist.ir__4fdc77d795c8.html
8722,20260222__ied.razavi.ac.ir__9cc6f6fdfdd7.html
8723,20260222__ihio.gov.ir__f205ea50f517.html
8724,20260222__ijaa.du.ac.ir__34230b329102.html
8725,20260222__ijae.iust.ac.ir__329a71381eed.html
8726,20260222__ijas.ut.ac.ir__6394f4b81984.html
8727,20260222__ijaup.iust.ac.ir__f7ad0df87543.html
8728,20260222__ijehse.tums.ac.ir__0a60e91667fd.html
8729,20260222__ijer.atu.ac.ir__a114b3422beb.html
8730,20260222__ijfs.usb.ac.ir__ec79acd28a7f.html
8731,20260222__ijgt.ui.ac.ir__9e26918dd072.html
8732,20260222__ijhoscr.tums.ac.ir__6344544f44e5.html
8733,20260222__ijhs.shmu.ac.ir__dab32751f937.html
8734,20260222__ijltr.urmia.ac.ir__570ec7b6fd6e.html
8735,20260222__ijnaa.semnan.ac.ir__494cbd894543.html
8736,20260222__ijnl.tums.ac.ir__c2b4bf13c2b1.html
8737,20260222__ijpb.ui.ac.ir__84c24ec850ba.html
8738,20260222__ijph.tums.ac.ir__c4b8e89da0f8.html
8739,20260222__ijpp.gau.ac.ir__b766de4c5d36.html
8740,20260222__ijpr.iut.ac.ir__5799be209775.html
8741,20260222__ijte.ir__bf89fdae2e8b.html
8742,20260222__ilam.ac.ir__203beeb27606.html
8743,20260222__ilambh.medilam.ac.ir__310f07b61bc2.html
8744,20260222__imca.ir__ff16390b1255.html
8745,20260222__infu.ir__35ceb284b09c.html
8746,20260222__inso.gov.ir__1c087cbd3b88.html
8747,20260222__instafl.ir__f0e5d70e027c.html
8748,20260222__instrumentdl.lxb.ir__e8ab21364cb9.html
8749,20260222__investdirect.ir__fa8f5dacfba3.html
8750,20260222__ipmday.ir__048836902fd3.html
8751,20260222__iran-bssc.ir__474a78153a81.html
8752,20260222__iranbme.ir__662ee0e0f2be.html
8753,20260222__iranconferences.ir__89abee837911.html
8754,20260222__iranfile.rayta.ir__232c0958cbbd.html
8755,20260222__iranicard.ir__87b6185ebe7a.html
8756,20260222__iranome.ir__6b7622eedfa9.html
8757,20260222__irantahgig.ir__7c87ecc89913.html
8758,20260222__iribresearch.ir__8e52b9cb975a.html
8759,20260222__irj.uswr.ac.ir__c232f0654121.html
8760,20260222__irshna.ir__ada2c452073e.html
8761,20260222__isfj.ir__aad79de855aa.html
8762,20260222__islamicedu.rihu.ac.ir__3ebe85d5a1f1.html
8763,20260222__ismj.bpums.ac.ir__e54c404cfc19.html
8764,20260222__isu.ac.ir__b1f61a6aa729.html
8765,20260222__it.ut.ac.ir__f4b1eecf6ed7.html
8766,20260222__itresearches.ir__bef7767a8bd3.html
8767,20260222__iwmf.ir__8789ef634e5f.html
8768,20260222__jab.alzahra.ac.ir__3a50481fcb99.html
8769,20260222__jacm.scu.ac.ir__eb08272fb0ad.html
8770,20260222__jadvalyab.ir__38ddb82692c8.html
8771,20260222__jae.hormozgan.ac.ir__47f9729f26e3.html
8772,20260222__jahanelm.ac.ir__6bfaa0f1727c.html
8773,20260222__jap.isca.ac.ir__7a0886de0602.html
8774,20260222__jaziredanesh.ir__efc9fcee0263.html
8775,20260222__jdcr.birjand.ac.ir__22602a38626f.html
8776,20260222__jdm.tums.ac.ir__c86e3c7f266b.html
8777,20260222__jeg.khu.ac.ir__fe4067e26adf.html
8778,20260222__jegol.ir__0398b91a84e8.html
8779,20260222__jemr.khu.ac.ir__426edccba1e8.html
8780,20260222__jesphys.ut.ac.ir__1a329b5f6f12.html
8781,20260222__jfga.uma.ac.ir__ab5defd13c9d.html
8782,20260222__jfr.sbu.ac.ir__5fdb11cf25fd.html
8783,20260222__jgs.khu.ac.ir__e48b6073af92.html
8784,20260222__jhr.ssu.ac.ir__06ff1d3d69f8.html
8785,20260222__jhygiene.muq.ac.ir__f61b12555fff.html
8786,20260222__jiar.scu.ac.ir__ddaee9892e42.html
8787,20260222__jift.irost.ir__a91ce1106663.html
8788,20260222__jimc.ir__f917836adf9e.html
8789,20260222__jims.mui.ac.ir__d24d50763424.html
8790,20260222__jiops.scu.ac.ir__f8f692858d96.html
8791,20260222__jkmu.kmu.ac.ir__09ac5d5948a0.html
8792,20260222__jks.atu.ac.ir__91813e71eb9e.html
8793,20260222__jmrh.mums.ac.ir__3dbdb7c3d5be.html
8794,20260222__jmsp.ir__c9dd958319b5.html
8795,20260222__jneh.usb.ac.ir__49a630d09543.html
8796,20260222__joer.atu.ac.ir__bc824e028662.html
8797,20260222__johe.rums.ac.ir__d82c5becd903.html
8798,20260222__johoe.kmu.ac.ir__3594ca6a9c37.html
8799,20260222__jolt.ut.ac.ir__bc371332c555.html
8800,20260222__jooorvajoor.ir__3dd53596a410.html
8801,20260222__journal.bums.ac.ir__dbda6ddfea7b.html
8802,20260222__journal.jmu.ac.ir__e7f467051c05.html
8803,20260222__journal.muq.ac.ir__b2f29dcf1ce7.html
8804,20260222__journal.rums.ac.ir__741c9658c424.html
8805,20260222__journal.ut.ac.ir__1dfd3fc42930.html
8806,20260222__journals.atu.ac.ir__2e5d695aef77.html
8807,20260222__journals.ihu.ac.ir__be60f57f725b.html
8808,20260222__journals.pnu.ac.ir__ee2361083561.html
8809,20260222__journals.ssu.ac.ir__14910b099522.html
8810,20260222__jozveh92.ir__be3a7d844693.html
8811,20260222__jpaiassoc.ir__233b6345eea2.html
8812,20260222__jplsq.ut.ac.ir__0294e8062125.html
8813,20260222__jpsbs.birjand.ac.ir__77b430ce79a7.html
8814,20260222__jpsr.mums.ac.ir__957fcb02a90e.html
8815,20260222__jreh.mums.ac.ir__98ca4f8acdc3.html
8816,20260222__jrlat.atu.ac.ir__30c98cc14ce1.html
8817,20260222__jrsm.khu.ac.ir__b9b6e4466705.html
8818,20260222__jsaeh.khu.ac.ir__86e69d632122.html
8819,20260222__jscit.nit.ac.ir__e8e9e46e311e.html
8820,20260222__jtpsol.journals.ikiu.ac.ir__a33b2059ae53.html
8821,20260222__jtst.ir__3fb80ca4f188.html
8822,20260222__jwfst.gau.ac.ir__ff207427610a.html
8823,20260222__jwhr.birjand.ac.ir__7c16c9b52f9e.html
8824,20260222__jwsc.gau.ac.ir__a4978810165e.html
8825,20260222__kadkhodaei.ir__b2d5f8992ad2.html
8826,20260222__kanoon.ir__f1ed4ca67bbe.html
8827,20260222__karajtabliq.ir__af9f46d66fff.html
8828,20260222__kashanu.ac.ir__da899aae9931.html
8829,20260222__kdo.ir__a53a0fb395fd.html
8830,20260222__ketabkhoob.ir__7d31f81650a7.html
8831,20260222__khalij.sellu.ir__f8e7c42ad865.html
8832,20260222__khamene.ir__3b9321eddfdc.html
8833,20260222__khani-academi.ir__09c33e8094ab.html
8834,20260222__khoy.ir__3cd1854388df.html
8835,20260222__khrw.ir__a929bb42f036.html
8836,20260222__khzceo.ir__0cf217c87e05.html
8837,20260222__knh.shmu.ac.ir__94f710e3d51f.html
8838,20260222__konkury.ir__dcc7bd294143.html
8839,20260222__lab.rhc.ac.ir__a7e308da4d0e.html
8840,20260222__ladin.ir__c1a903eb615c.html
8841,20260222__landoflaw.ir__bdf5791c4bfb.html
8842,20260222__laptopct.ir__de384a17fd8b.html
8843,20260222__ledonline.ir__d1f6638ce18e.html
8844,20260222__leyzertehran.ir__02257830af39.html
8845,20260222__library.aut.ac.ir__12f4fef10473.html
8846,20260222__like7.ir__160a7954f98f.html
8847,20260222__lingoapp.ir__d64093a96a86.html
8848,20260222__link.qazvin-cctv-camera.ir__6d0e53c9aa78.html
8849,20260222__linkirani.ir__643a132e72f4.html
8850,20260222__livedata.ir__81f2df7dd74e.html
8851,20260222__lmj.areeo.ac.ir__bf6883aad166.html
8852,20260222__logiscm.ir__e91c1541d24a.html
8853,20260222__lpcarm.ir__e55e8bac7b05.html
8854,20260222__lu.ac.ir__96b45b9b7055.html
8855,20260222__lyndasub.ir__03d76ad3ebb2.html
8856,20260222__madanihosp.tbzmed.ac.ir__3628d8a7826e.html
8857,20260222__magerta.ir__149a1575414a.html
8858,20260222__mahallat.ir__515766f55b97.html
8859,20260222__mahtabeghods.ir__28672961fc2c.html
8860,20260222__main.livedata.ir__603b322208c7.html
8861,20260222__maj.ir__ad4ea02f3d3d.html
8862,20260222__majaleomumi.ir__2d4fdd5b7958.html
8863,20260222__majles.ir__d7860049d5f9.html
8864,20260222__malayeru.ac.ir__58e8c906e950.html
8865,20260222__marcopoloshop.ir__a9dccbfa3ff5.html
8866,20260222__marefateadyan.nashriyat.ir__bce504df8c25.html
8867,20260222__margush.ir__dafd663beed6.html
8868,20260222__markazi.gtc.ir__f8c6981e3428.html
8869,20260222__marsin.ir__48773f79aa9f.html
8870,20260222__masjedsoleyman.ir__bd2160209b6d.html
8871,20260222__matlab1.ir__ede9c2752648.html
8872,20260222__matlabhome.ir__e508edbd8a43.html
8873,20260222__matlabi.ir__954c58606208.html
8874,20260222__maxad.ir__3d6bd66797bd.html
8875,20260222__mazums.ac.ir__3df1eae7da1a.html
8876,20260222__mecbox.blog.ir__9fb07b54a87f.html
8877,20260222__media.kanoonnews.ir__3be5bf6fb769.html
8878,20260222__medilam.ac.ir__aba9a9d0fe19.html
8879,20260222__medilib.ir__0654a16ea25d.html
8880,20260222__medplant.ir__03ff7a1cc1fa.html
8881,20260222__megacom.ir__f5dffecce1ba.html
8882,20260222__mehad.ir__effb670cb877.html
8883,20260222__mehrjavan.ir__66f20afb67ad.html
8884,20260222__mi.khu.ac.ir__2ba451fe538c.html
8885,20260222__microrf.ir__2d73878fe0d9.html
8886,20260222__midage.ir__3405ac1987b8.html
8887,20260222__mimt.gov.ir__96b28ea6f2a7.html
8888,20260222__minabcity.ir__5af59ba25d55.html
8889,20260222__mirasmaktoob.ir__f586d29c54bc.html
8890,20260222__miscj.aut.ac.ir__f06e2c93cd57.html
8891,20260222__mix-music.ir__b36051d29a16.html
8892,20260222__mjms.mums.ac.ir__41b684a21ce5.html
8893,20260222__mmws.uma.ac.ir__f17028b60c9b.html
8894,20260222__mobilebanks.ir__8f6ef5e59211.html
8895,20260222__modelling.semnan.ac.ir__85c53f8b55d1.html
8896,20260222__moe.gov.ir__cc7f624d65a3.html
8897,20260222__moeinarabi.ir__1a2619d63e40.html
8898,20260222__mofidu.ac.ir__6822cc853085.html
8899,20260222__mohadese-borojerd.kowsarblog.ir__66cb6acb7719.html
8900,20260222__mohamadvzs.ir__066bc28d3e8b.html
8901,20260222__moorchebook.ir__e605bd4cca40.html
8902,20260222__mortezavaezi.ir__c50868949ee8.html
8903,20260222__mosbate1.ir__35dbb83fd278.html
8904,20260222__mporg.ir__3251692b91c6.html
8905,20260222__muq.ac.ir__2d7a1576e489.html
8906,20260222__musicfars.ir__500db4fcf5ff.html
8907,20260222__musico.ir__1aca075e0b99.html
8908,20260222__mysurface.ir__f0f09c1b7785.html
8909,20260222__myts3.ir__da276ae7e8e3.html
8910,20260222__nastarandentistry.ir__41aaad255eca.html
8911,20260222__natwood.ir__abce048c5f92.html
8912,20260222__navatel.ir__76ebaf642ec2.html
8913,20260222__nbpars.ir__652727c96bd9.html
8914,20260222__nbr.khu.ac.ir__272b551ca4dc.html
8915,20260222__neotab.ir__89b9a407eed7.html
8916,20260222__new-news1.ir__8473997a6f1a.html
8917,20260222__newart.ir__0418ac66e310.html
8918,20260222__newbie.ir__dda9258390d6.html
8919,20260222__news-amazing.ir__1eb379cd2ea2.html
8920,20260222__newsanten.ir__0bed3553a49d.html
8921,20260222__newsgap.ir__19eab764fa85.html
8922,20260222__niavaranmu.ir__2ddc5ef63e71.html
8923,20260222__nigc-khrz.ir__25fb39f25a0b.html
8924,20260222__nigc-mpgc.ir__fb0bc477d677.html
8925,20260222__nikavazeh.ir__4cd3dd28558c.html
8926,20260222__nimad.ac.ir__fe1f42f6e5aa.html
8927,20260222__niopdc.ir__58c16cc36171.html
8928,20260222__nmj.umsha.ac.ir__00e140d97831.html
8929,20260222__nobitex.ir__0593e7755573.html
8930,20260222__noorcity.ir__84455d4ea2ff.html
8931,20260222__nowshahr.ir__b6dbe3af1560.html
8932,20260222__number4.ir__c9d55d1fca26.html
8933,20260222__ojafr.ir__cffc2dab3c38.html
8934,20260222__ojs3.sbmu.ac.ir__9acef7462bdd.html
8935,20260222__oleng.ir__0b36d8c3f5eb.html
8936,20260222__onlineamoz.ir__336e213f01ae.html
8937,20260222__onlinevalves.ir__f18b31940b20.html
8938,20260222__osra.jrl.police.ir__c88e89605357.html
8939,20260222__ostan-as.ir__a168098af79c.html
8940,20260222__otaghiranonline.ir__8a2b6f5a2a2d.html
8941,20260222__p74.ir__579874b71233.html
8942,20260222__panteashop.ir__e9ab99e1e326.html
8943,20260222__paperhub.ir__cb1981dfdbc9.html
8944,20260222__parsinews.ir__b751db319f0f.html
8945,20260222__partocargo.ir__64f15f82287b.html
8946,20260222__parvaz99.ir__c4f321e20900.html
8947,20260222__passwordnod32.ir__02ceac5b9113.html
8948,20260222__pdrc.ir__7289550afe25.html
8949,20260222__philosophy.tabrizu.ac.ir__a1af2055b2ca.html
8950,20260222__picaseo.ir__6a076e2a6cd1.html
8951,20260222__pingbaz.ir__9fb98bcab51c.html
8952,20260222__pinwork.ir__21a9ba673ddb.html
8953,20260222__playpod.ir__bd2d9fcf297c.html
8954,20260222__pmpr.ir__abc6ddee830b.html
8955,20260222__pod.kheir.ir__c0992ed34044.html
8956,20260222__polymervabastebandi.ir__26b5a2240d79.html
8957,20260222__popscience.ir__16d13dffb999.html
8958,20260222__porojeh24.ir__ff5aaaabe3f4.html
8959,20260222__post.ir__81b6923b99ee.html
8960,20260222__postcode.post.ir__4d4c15f8f7b5.html
8961,20260222__pro-yab.ir__e8aabda4a09a.html
8962,20260222__pro3.ir__03c8e05fe07d.html
8963,20260222__profile.iwmf.ir__492089aeb2fa.html
8964,20260222__psp.journals.pnu.ac.ir__907490e7e9f3.html
8965,20260222__qarticleproject.ir__4ab73736c2b3.html
8966,20260222__qasr.ir__450e9f51c539.html
8967,20260222__qazvin.ir__991dae4caec5.html
8968,20260222__qazvin.ostan-qz.ir__92aa60544a31.html
8969,20260222__qbtc.ir__5b50e66287fe.html
8970,20260222__qd.razavi.ac.ir__926a965d0e6c.html
8971,20260222__qeshm.ir__c0363c056cd5.html
8972,20260222__qjma.atu.ac.ir__629f46d27fb3.html
8973,20260222__qjss.atu.ac.ir__5462f59db042.html
8974,20260222__qom-iau.ac.ir__c87f26b6025b.html
8975,20260222__qomlug.ir__dd6516da4f8e.html
8976,20260222__qoranshenakht.nashriyat.ir__2df6d67a8089.html
8977,20260222__qt-project.ir__2ea41d22cd5e.html
8978,20260222__quantum.4kia.ir__5dfdbc426be9.html
8979,20260222__racestore.ir__1c52bbdd2af6.html
8980,20260222__radio.ir__b0a3531f7d4d.html
8981,20260222__radiodaal.ir__9d7afa079ad2.html
8982,20260222__radiotehran.ir__def1057ec33b.html
8983,20260222__rahepaydar.ir__9400adcfa2f9.html
8984,20260222__rahnemaland.ir__24f02f313679.html
8985,20260222__rangefarda.ir__b0d9c6c09a79.html
8986,20260222__rbs.mui.ac.ir__224fa5832022.html
8987,20260222__rdme.tbzmed.ac.ir__2dcbff626f9c.html
8988,20260222__refahj.uswr.ac.ir__a52c1cd25ed0.html
8989,20260222__research.iaun.ac.ir__52a84f1c9973.html
8990,20260222__research.mums.ac.ir__f0e50f3608c0.html
8991,20260222__riazi100.ir__acd3f447395e.html
8992,20260222__riazitehran.ir__9829a8b801ff.html
8993,20260222__rightman.ir__ddfe39738a7d.html
8994,20260222__rizy.ir__3b2147ec110d.html
8995,20260222__rsmm.uma.ac.ir__726fded37854.html
8996,20260222__ryban.ir__b447e1165785.html
8997,20260222__sabalanmusic.ir__33ad5fa94fe6.html
8998,20260222__sabt-ag.ir__f8a2f837b612.html
8999,20260222__saftysign.ir__5c62cd12a67b.html
9000,20260222__salmas-ag.ir__88275d6e5f9b.html
9001,20260222__salonbama.ir__44c6c07904bc.html
9002,20260222__salonisho.ir__033f94c4f928.html
9003,20260222__same.ir__32856b156d0f.html
9004,20260222__samt.ac.ir__ba4623b17601.html
9005,20260222__sarvseo.ir__ff282c07b63b.html
9006,20260222__saten.ir__c26a50e962dc.html
9007,20260222__saze20.ir__eeea6b9c92ee.html
9008,20260222__sci.ui.ac.ir__6951ab9c6d0f.html
9009,20260222__scj.sbu.ac.ir__adbb5ca7eeb9.html
9010,20260222__scrum.ir__ae748d3797b6.html
9011,20260222__sehatlearning.ir__d56d6427e3ee.html
9012,20260222__selva.ir__99a9251611b5.html
9013,20260222__seo7x.ir__dfd4673af6b4.html
9014,20260222__seocell.ir__c60016f45aea.html
9015,20260222__seofox.ir__8dc49d65856d.html
9016,20260222__septic-tank.ir__2dff4d72c52a.html
9017,20260222__serd.khu.ac.ir__fc03ed7190ed.html
9018,20260222__servickar.ir__da14c66d44de.html
9019,20260222__sevenartpedia.ir__dac93bd466a2.html
9020,20260222__sgo.ir__0b012bf48b62.html
9021,20260222__sh-abadeh.ir__bbeb52e57a27.html
9022,20260222__sh-kashan.kashanu.ac.ir__72406d0b0d3b.html
9023,20260222__shafazadeh.ir__26c36a793472.html
9024,20260222__shahroodut.ac.ir__a1bd6c635308.html
9025,20260222__sharifplus.ir__d33bfba2f358.html
9026,20260222__shemiranat.sbmu.ac.ir__9205d2df34fa.html
9027,20260222__shenakht.muk.ac.ir__1fc670c92d87.html
9028,20260222__sifo.ir__f8d6ea969e11.html
9029,20260222__sigmaland.ir__ad4c67e0fa21.html
9030,20260222__sigmatec.ir__99b64852d75a.html
9031,20260222__signalticket.ir__ecc899d4f8e7.html
9032,20260222__sim-power.ir__defdb4198da2.html
9033,20260222__simulearn.ir__476660ce0222.html
9034,20260222__sirjan.ir__40eedd089378.html
9035,20260222__sitecode.ir__e293fd337e28.html
9036,20260222__sjsph.tums.ac.ir__8213a70b1fce.html
9037,20260222__smsm.ir__e0b25a78442a.html
9038,20260222__snappfood.ir__ec6f22db8c6a.html
9039,20260222__social.um.ac.ir__6dd0711753c8.html
9040,20260222__soeal.ir__8cb8d99cfc2e.html
9041,20260222__softcivil.ir__39eef840107d.html
9042,20260222__solh.ir__d78138b8e620.html
9043,20260222__sorkhroud.ir__b6f0974ebc25.html
9044,20260222__spacescience.ir__ed23129ababc.html
9045,20260222__splc.ir__66c75167de4c.html
9046,20260222__sufism.ir__01184bbd4337.html
9047,20260222__supportwebs.ir__b838468aa7f7.html
9048,20260222__taav.ir__29afe7018ff0.html
9049,20260222__tablokaran.ir__0f85df8e110f.html
9050,20260222__tabriz.isna.ir__57447c7ead5b.html
9051,20260222__tacticalanalysis.ir__53c4e745e233.html
9052,20260222__takhtefoulad.ir__9cd4f559a6c5.html
9053,20260222__taktok.ir__c4ddc85c50a3.html
9054,20260222__tamirgha.ir__ab1acafd282d.html
9055,20260222__tanaffosjournal.ir__c0356178379b.html
9056,20260222__tapsi.ir__e2467f5bafc8.html
9057,20260222__tavanir.org.ir__b1dd250c4a23.html
9058,20260222__tbzrefinery.co.ir__1f3ed979d996.html
9059,20260222__techdic.ir__e4a346f5a1c2.html
9060,20260222__technopark.ir__f534ab9a14bf.html
9061,20260222__tehrannews.ir__a823b11ecb5a.html
9062,20260222__tehranpodcast.ir__b52fc9675154.html
9063,20260222__tejaratbank.ir__601848d807d6.html
9064,20260222__thecoach.ir__94d424eabd2d.html
9065,20260222__themeoff.ir__745a1da54520.html
9066,20260222__tilaa.ir__7e423583fc24.html
9067,20260222__tmdl.ir__1d427a310b83.html
9068,20260222__todaytrip.ir__22141f989eed.html
9069,20260222__tolidi24.ir__499bc1eeae92.html
9070,20260222__top-travel.ir__b1d7b5746122.html
9071,20260222__torangdesign.ir__5786513f9219.html
9072,20260222__tpo.ir__004181edf96c.html
9073,20260222__tsetmc.ir__25ef37324ddb.html
9074,20260222__tujal.ir__37f8255d4e28.html
9075,20260222__tx.shmu.ac.ir__2c47554f8987.html
9076,20260222__ucivil.ir__e1c3ac585ebf.html
9077,20260222__unhcr.org.ir__87b303fdd598.html
9078,20260222__unica.ir__c5e89f8dc0e4.html
9079,20260222__uniplex.ir__0633f952636c.html
9080,20260222__unmf.umsu.ac.ir__d721666ff61b.html
9081,20260222__uploadkon.ir__0403d3f53b49.html
9082,20260222__ups-battery-sizing.blog.ir__6a95d0d0b1d6.html
9083,20260222__vasfesaba.ir__146f027bd2b7.html
9084,20260222__vatanemrooz.ir__7e942f7b47c5.html
9085,20260222__vc.kntu.ac.ir__924f280ad832.html
9086,20260222__vct.qums.ac.ir__57b43dddecdf.html
9087,20260222__velayati.ir__6a243ed95345.html
9088,20260222__vihado.ir__ca7a79e1688c.html
9089,20260222__viradaco.ir__871de442155b.html
9090,20260222__vru.ac.ir__e2a4cfefe020.html
9091,20260222__wallex.ir__08ed442056a6.html
9092,20260222__watchonline.ir__75989b2749a5.html
9093,20260222__weare.ir__a3887a1f561f.html
9094,20260222__webelitee.ir__85d0e7b79fdd.html
9095,20260222__webscene.ir__bdd4f3e1eb8d.html
9096,20260222__wikiblog.blog.ir__25a3a9651e66.html
9097,20260222__wikipower.ir__3d9da787f50f.html
9098,20260222__wjps.ir__b967b76229d1.html
9099,20260222__wph.atu.ac.ir__f20433fbc760.html
9100,20260222__wwjournal.ir__21e170403b5a.html
9101,20260222__yorna.ir__f9d0f7c50321.html
9102,20260222__zaban-iran.ir__96e6e7a5bd9a.html
9103,20260222__zanbil.ir__b47e4239ac80.html
9104,20260222__zanjan.ir__6f2a0d21e444.html
9105,20260222__zarinplastpump.ir__4d90d2ac7165.html
9106,20260222__zccima.ir__47366e3f9ff1.html
9107,20260222__zemamdar.blog.ir__a1e350083497.html
9108,20260222__zoomtech.ir__36979414df93.html
9109,20260223__141.ir__edf06e7e10bb.html
9110,20260223__8tag.ir__5a49a6c68b61.html
9111,20260223__abaadiran.ir__569b8e13c578.html
9112,20260223__abadan.airport.ir__ef86b7526273.html
9113,20260223__adspersian.ir__fc06d30eee0a.html
9114,20260223__afracamp.ir__6a5088e3cf6e.html
9115,20260223__ahangchin.ir__2e9f4547886c.html
9116,20260223__air.tehran.ir__7bd9c9f5108d.html
9117,20260223__akanlu.pasteur.ac.ir__373bb856af8d.html
9118,20260223__akhbarroz.ir__268933df7fdd.html
9119,20260223__alborz.farhang.gov.ir__42b8219fa100.html
9120,20260223__aminabolfathi.ir__b79a7d75e8e3.html
9121,20260223__ar.farsnews.ir__e809fd8c8eda.html
9122,20260223__arakut.ac.ir__d45adbaaa275.html
9123,20260223__araniroo.ir__974c8a9612ff.html
9124,20260223__areeo.ac.ir__bdff6e14a4b3.html
9125,20260223__ariae.ir__e546a9fc718d.html
9126,20260223__arianagame.ir__e1bf58fc43d2.html
9127,20260223__artaelectric.ir__657d4d69e0bc.html
9128,20260223__artmisblog.ir__8e895ccb4703.html
9129,20260223__aryacargo.ir__449ba4e3bce5.html
9130,20260223__ask.3eo.ir__1ec7120a3374.html
9131,20260223__asp.journals.umz.ac.ir__fe0043ad67bf.html
9132,20260223__assc.ir__d1b0dc012809.html
9133,20260223__astroclub.ir__b7a676eaf72a.html
9134,20260223__atraf.ir__6ab05cc776cb.html
9135,20260223__avr.tums.ac.ir__0c22599e207b.html
9136,20260223__azeri.sahartv.ir__1065467800ad.html
9137,20260223__azmag.ir__f3b221056286.html
9138,20260223__ba24.ir__ef755b066bb8.html
9139,20260223__bazarekar.ir__66a18f3c0a7d.html
9140,20260223__behrangdesign.ir__33ce8d28ff3c.html
9141,20260223__behtarinhast.ir__e751c05010f6.html
9142,20260223__bilgates.ir__22a97780e0f3.html
9143,20260223__biztalks.ir__e4b36ee679aa.html
9144,20260223__bluerose.ir__b489ae776087.html
9145,20260223__boborim.ir__acce499bcf25.html
9146,20260223__bornika.ir__ade0480c772d.html
9147,20260223__bornlady.ir__00f06dc16f94.html
9148,20260223__cableon.ir__4c0d83a09dee.html
9149,20260223__carclinicplus.ir__f9d3545c105e.html
9150,20260223__ccsi.ir__1872a0dc3895.html
9151,20260223__cementechnology.ir__87b536b1747a.html
9152,20260223__centinsur.ir__3b63e13927ef.html
9153,20260223__charpa.ir__ed9a13c6810f.html
9154,20260223__charugh.ir__7ba2551ce87b.html
9155,20260223__cinemacinema.ir__2fd00b9aa615.html
9156,20260223__cinemahouse.ir__ff54b1750ab8.html
9157,20260223__civil-ferdowsi.um.ac.ir__3f36d5639a9b.html
9158,20260223__coinit.ir__60d5d69d0253.html
9159,20260223__csdeo.ir__a5397cee247b.html
9160,20260223__css.iripo.ir__2ba2383b2f55.html
9161,20260223__datadesign.ir__b6c13f4bedea.html
9162,20260223__dezdam.co.ir__a5e8907c6541.html
9163,20260223__digestive-system.ir__b72e13e7ab77.html
9164,20260223__docharkhehmag.ir__f71af6ce9601.html
9165,20260223__drjaberjavidi.ir__ced8a17075c5.html
9166,20260223__dubstep.ir__4d9e699759c3.html
9167,20260223__e.mashhad.ir__4b47ce6dfd45.html
9168,20260223__ebnesina.ajaums.ac.ir__c887a2b85aa9.html
9169,20260223__economic.mfa.ir__da3e2d54e76d.html
9170,20260223__ehsaider.ir__9c774008cfc6.html
9171,20260223__eimenmohit.ir__5b92432c2f6d.html
9172,20260223__emdad.ir__d813dfa05939.html
9173,20260223__energy.ac.ir__c30c2f05f431.html
9174,20260223__english.iut.ac.ir__6480a36ae457.html
9175,20260223__ephysician.ir__a8771c0cea5d.html
9176,20260223__erfanmag.ir__e921eb33b2aa.html
9177,20260223__esale.ikco.ir__ca92d2054661.html
9178,20260223__esfahan.airport.ir__ff8b1cb377f7.html
9179,20260223__esfahanresaneh.ir__9de5a1f03614.html
9180,20260223__esfahanshargh.ir__603fc55a1b07.html
9181,20260223__exo.ir__b64f6da1c5af.html
9182,20260223__expertdoctor.ir__46dcf8d2c88c.html
9183,20260223__fa.ifilmtv.ir__0bd588ca6344.html
9184,20260223__fa.pasteur.ac.ir__17375fefc870.html
9185,20260223__fahar.ir__c123887a5a99.html
9186,20260223__far30club.ir__21aaa2de9561.html
9187,20260223__fars.isna.ir__f33885ebb062.html
9188,20260223__fasleqtesad.ir__5d027cc32a32.html
9189,20260223__fcf.ir__7139c4f91cb5.html
9190,20260223__fcs.niopdc.ir__3cb4eb25eb1d.html
9191,20260223__fdj.iums.ac.ir__9a09b6189ca4.html
9192,20260223__ferghenews.monoblog.ir__b319c1d30639.html
9193,20260223__firoozehcarpet.ir__0eafa9e36b15.html
9194,20260223__follownews.ir__3ef1c134f556.html
9195,20260223__formafzar.ir__28491c317b02.html
9196,20260223__forum.mobone.ir__11a400a09fa2.html
9197,20260223__fott.ir__50bd23c7a367.html
9198,20260223__ganjgah.ir__b8e393df7e05.html
9199,20260223__geeksesi.ir__5fd7ef4fad0e.html
9200,20260223__gmj.ir__29ca22abe478.html
9201,20260223__golestankhandani.ir__f38b15400a82.html
9202,20260223__guilan.ac.ir__94d3da51431c.html
9203,20260223__hamedaanmusic.ir__184e2fedfb02.html
9204,20260223__hamedan.rmto.ir__bfd3b644fa2e.html
9205,20260223__hamidbakhshi.ir__f3928d337901.html
9206,20260223__hamnotif.ir__0a8351831d0a.html
9207,20260223__hmu.ac.ir__dbb7145d92d5.html
9208,20260223__honareflute.ir__1b23bc66a36a.html
9209,20260223__honarland.ir__8e4764ae2883.html
9210,20260223__hooshmandbms.ir__aabcb0e7ab43.html
9211,20260223__hph.co.ir__c797120a049d.html
9212,20260223__hrmj.ihu.ac.ir__8f0006e39251.html
9213,20260223__i-clarified.ir__83e6001bce1e.html
9214,20260223__iccima.ir__1d0b5213eca8.html
9215,20260223__idtop.ir__e02c46ebf47a.html
9216,20260223__ihms.ir__a493edd67611.html
9217,20260223__ijnd.ir__47248483129c.html
9218,20260223__ijrn.ir__755b6ee615d0.html
9219,20260223__ikmec.ir__ee9b9d069043.html
9220,20260223__ilamebidar.ir__60a30c80a695.html
9221,20260223__ilammet.ir__5a492ef1bbce.html
9222,20260223__intpersian.guilan.ac.ir__861081d8922c.html
9223,20260223__ipm.ssaa.ir__4152fe89ac46.html
9224,20260223__iran-ml.ir__f445c53c64a6.html
9225,20260223__irancode.ir__565c15295def.html
9226,20260223__iranlng.ir__8f46fe32115a.html
9227,20260223__irantelemed.ir__6e4fddc4486d.html
9228,20260223__itmen.ir__8738ab1567ec.html
9229,20260223__itsr.ir__8f228a8460b8.html
9230,20260223__ivmusic.ir__959e675d27c3.html
9231,20260223__jh.isca.ac.ir__b52f2206a3bd.html
9232,20260223__jhr.ui.ac.ir__667da529d74e.html
9233,20260223__jhs.modares.ac.ir__c07637104e2d.html
9234,20260223__jiapd.ir__1760f54a319f.html
9235,20260223__journal-dmor.ir__77dc8075355c.html
9236,20260223__journals.police.ir__ee831506624c.html
9237,20260223__journals.sbmu.ac.ir__da9a9c627b4f.html
9238,20260223__jozvehcity.ir__a8a473343997.html
9239,20260223__jpom.ui.ac.ir__7ab50e60efeb.html
9240,20260223__karafarinbank.ir__10353e10da6a.html
9241,20260223__karnostartup.ir__c62437cb239b.html
9242,20260223__khaandaniha.ir__9c468f3de85d.html
9243,20260223__khabarads.ir__c37f7e82563e.html
9244,20260223__khabarjonoub.ir__86c15ad0ca55.html
9245,20260223__khavarvacuum.ir__ec1330693269.html
9246,20260223__kheir.ir__ed168cf61c9f.html
9247,20260223__kthprc.ir__4ef541d624ca.html
9248,20260223__kurmanci.sahartv.ir__f76bca70dcdb.html
9249,20260223__lahijan.ir__b79101b779a7.html
9250,20260223__lawresearchmagazine.sbu.ac.ir__51780cbb2e3b.html
9251,20260223__leca.ir__7d08ca12a904.html
9252,20260223__lib.dums.ac.ir__e68d4892d290.html
9253,20260223__livesheep.ir__ab75dc303430.html
9254,20260223__mahmoudafshar.ir__e0fc6164ac11.html
9255,20260223__mahsat.ir__ef4e1bcc845b.html
9256,20260223__maptec.ir__6de18c315f70.html
9257,20260223__markazeghalb.ir__2bc7d44a9ab7.html
9258,20260223__mcro.ir__410e003f889a.html
9259,20260223__mediastudies.srbiau.ac.ir__07173c3b357a.html
9260,20260223__mesbahyazdi.ir__35a6a03dfff7.html
9261,20260223__metror.ir__c65f0d3b7a4d.html
9262,20260223__meymand.ir__12f96a3d0c42.html
9263,20260223__miandoabma.ir__a6b0ca8746b5.html
9264,20260223__microsoftpersia.ir__b102f96663ea.html
9265,20260223__mobinat1659.blog.ir__dbafa4342a15.html
9266,20260223__mohammadijoo.ir__6d5f680a29d2.html
9267,20260223__mohan21.ir__86e3c3780a62.html
9268,20260223__morvaridkavir.ir__b019de05e723.html
9269,20260223__moshaverinekerman.ir__cc0a22cb0c5c.html
9270,20260223__mshrgh.ir__0119585777aa.html
9271,20260223__museum.razavi.ir__8c336fe92bbe.html
9272,20260223__musictag.ir__a385fc91ee93.html
9273,20260223__my.ssaa.ir__f58b18644269.html
9274,20260223__naeinsun.ir__7ae1ee51a560.html
9275,20260223__naghshnews.ir__04bf96136327.html
9276,20260223__nasyn.ir__98e7ff0f7985.html
9277,20260223__netino.monoblog.ir__9c97fd9ab648.html
9278,20260223__news.ir__b04400bf72e6.html
9279,20260223__neyriz.ir__19fde01564e6.html
9280,20260223__nice-sms.ir__0898a85f8a4d.html
9281,20260223__noavaryedu.oerp.ir__785f84d4ee51.html
9282,20260223__noticenews.ir__4c7f1b72b8c5.html
9283,20260223__novinclash.ir__bbcbf8b6d13a.html
9284,20260223__omiddinparast.ir__d06c3709cfc7.html
9285,20260223__ostad-masjedi.ir__00705d82dbee.html
9286,20260223__p-sepidar.ir__26a98f5eaea2.html
9287,20260223__p30rank.ir__8ea0fde8753d.html
9288,20260223__pamenar.ir__ded93f8389be.html
9289,20260223__panoman.ir__f6877240dae8.html
9290,20260223__panteaco.ir__979698886c7b.html
9291,20260223__pars2fa.ir__4b43e697fb3f.html
9292,20260223__parvazak.ir__8b5780c6c27e.html
9293,20260223__pbp.medilam.ac.ir__a0dd86ab966a.html
9294,20260223__pep.co.ir__c5c47a63214e.html
9295,20260223__pishcademy.ir__4d2ddd4c2615.html
9296,20260223__polyno.ir__12bbe2b26762.html
9297,20260223__press.farhang.gov.ir__e448c5e58d51.html
9298,20260223__psj.gau.ac.ir__31a4ebb247fd.html
9299,20260223__push-notif.ir__ee78cec515e0.html
9300,20260223__qom.haj.ir__3062ac0fcd9d.html
9301,20260223__qomefarda.ir__19f36915e017.html
9302,20260223__qpss.atu.ac.ir__6fc175af232f.html
9303,20260223__rabei.ir__6ca72f10b1b5.html
9304,20260223__rade.ir__2e665af6bee5.html
9305,20260223__rashtcctv.ir__60974adcd10b.html
9306,20260223__rastineh.ir__a8f7fbfff738.html
9307,20260223__reza-sadeghi.ir__dd72e570b589.html
9308,20260223__ricac.ac.ir__e2e803c0e7ae.html
9309,20260223__ricm.ir__8e0c322ac238.html
9310,20260223__rms.umz.ac.ir__ef4f4b671c49.html
9311,20260223__robotbin.ir__47348a5f6cc5.html
9312,20260223__roova.ir__c72167f51c6e.html
9313,20260223__roozanit.ir__c5f5181eede0.html
9314,20260223__saazandegi.ir__d41d68427988.html
9315,20260223__salamatar.ir__c763a6ddc291.html
9316,20260223__samsungserviceco.ir__35750da46bea.html
9317,20260223__sanapress.ir__04bf4175d3ed.html
9318,20260223__saw60.ir__cd2e8f1fd2d9.html
9319,20260223__scma.maragheh.ac.ir__b56c863e7995.html
9320,20260223__seirosafar.ir__67c1d41846bc.html
9321,20260223__sepandrayaneh.ir__7dcdf36115fd.html
9322,20260223__sevdaa.ir__2776732845bb.html
9323,20260223__sganji.ir__e77acdb8ccce.html
9324,20260223__shahidrajaeeport.pmo.ir__d1fa5c6961b2.html
9325,20260223__shahrkord.post.ir__a7ed3aca6c20.html
9326,20260223__shia-online.ir__d40cdb4b6bba.html
9327,20260223__shiftprocesspractice.ir__7beb9ea65ad8.html
9328,20260223__shmu.ac.ir__dcf850548d7e.html
9329,20260223__sm.psas.ir__920e165f85cd.html
9330,20260223__sobhe-emrooz.ir__3dd3ef8e417f.html
9331,20260223__soore.ac.ir__2c2a6101199e.html
9332,20260223__spain.mfa.gov.ir__8fb54068739d.html
9333,20260223__stpok.ir__932a111cc66c.html
9334,20260223__tabirlazem.ir__6d833aba52b5.html
9335,20260223__tahlilsabz.ir__137d7f0da7c4.html
9336,20260223__tajan.ir__97a86069e87d.html
9337,20260223__tala.ir__b033b17d77bb.html
9338,20260223__tapsell.ir__39a54b0a8fa2.html
9339,20260223__tarikh.nashriyat.ir__1ed9f842517d.html
9340,20260223__tax.gov.ir__fcec097b4275.html
9341,20260223__tehruntime.ir__afc1092686ee.html
9342,20260223__terminali.ir__28dbc0de6571.html
9343,20260223__tifex.tehran.ir__b3af6d880c49.html
9344,20260223__time.ir__ab4bffeceedf.html
9345,20260223__titrkhabari.monoblog.ir__2e54172b521d.html
9346,20260223__titrnews.ir__bd800448589f.html
9347,20260223__topcopon.ir__0665af1f8278.html
9348,20260223__toshakbazar.ir__ed877325d902.html
9349,20260223__totikala.ir__8a6218a0048e.html
9350,20260223__tpg.ir__92ef32633ffc.html
9351,20260223__trendooni.ir__faf7156c8103.html
9352,20260223__trijournal.ir__4b9703dd431d.html
9353,20260223__troca.tbzmed.ac.ir__7508172fc38a.html
9354,20260223__tubagostar.ir__ce17367b0b1d.html
9355,20260223__tunify.ir__bce4c03bc0a5.html
9356,20260223__txer.ir__a850b2cd52fa.html
9357,20260223__uniref.ir__1cb2585cf7a0.html
9358,20260223__uoz.ac.ir__b008eb506518.html
9359,20260223__upsonline.ir__594f8f9062d3.html
9360,20260223__utec.ut.ac.ir__717bde061064.html
9361,20260223__varesoon.ir__20f3fe7d986c.html
9362,20260223__virtu.ir__a85a45372a3a.html
9363,20260223__wdnews.ir__0f3d43cfa323.html
9364,20260223__webna.ir__9da831fa7c2a.html
9365,20260223__wikijoo.ir__52978c65db6d.html
9366,20260223__wpwebmaster.ir__f2a193c11b77.html
9367,20260223__zaviehmag.ir__289bd229151a.html
9368,20260223__zerocharm.ir__3708fdf14e84.html
9369,20260224__1riali.ir__b107828c58f8.html
9370,20260224__4eq.ir__a5a936a54096.html
9371,20260224__abadan-ref.ir__a0bb73d96482.html
9372,20260224__abannew.ir__e49ae772e564.html
9373,20260224__adamesarbehava.ir__30c3ff631e1f.html
9374,20260224__aejournal.ir__86050a4ddce1.html
9375,20260224__agahititr.ir__085587574136.html
9376,20260224__ahaksazan.ir__3685264747b3.html
9377,20260224__aihec.ir__ac754ff20e5a.html
9378,20260224__ajor110.ir__f86e0574f521.html
9379,20260224__alefmoshadad.ir__635cc4239292.html
9380,20260224__amerllica.ir__c1a64e8b70f5.html
9381,20260224__amidmajd.ir__0b67ff779bdc.html
9382,20260224__amirpourmand.ir__62924bf13451.html
9383,20260224__andishehegmataneh.ir__d4eda9ddad9c.html
9384,20260224__armanrazavi-ihe.ac.ir__0709aefa0f3e.html
9385,20260224__asaksystem.ir__c4234ad08e9a.html
9386,20260224__azadsarv.ir__d45eebd79f9d.html
9387,20260224__b2n.ir__10e72dc93f27.html
9388,20260224__banatanama.ir__e06eac217e53.html
9389,20260224__bayynat.ir__658186fcd5e4.html
9390,20260224__beiglou.ir__54813a0d0681.html
9391,20260224__binaloud.ac.ir__799148541893.html
9392,20260224__blog.idpay.ir__c11d9a1c7639.html
9393,20260224__borazjan.ir__a37a75170931.html
9394,20260224__borna-idees.ir__d2b5e1f8d404.html
9395,20260224__cactistore.ir__283876002c6e.html
9396,20260224__cffe.ir__5a68b12dfe7f.html
9397,20260224__chakadclub.ir__505c7e914d16.html
9398,20260224__cinere.ir__35464a542f26.html
9399,20260224__cistc.ir__53ab49e0ef4b.html
9400,20260224__cncjob.ir__d65a7bc1efa1.html
9401,20260224__console.haio.ir__bbe438c62884.html
9402,20260224__ctpl.um.ac.ir__7fff84b64406.html
9403,20260224__dalform.ir__28ec2fd2f726.html
9404,20260224__darbastranjbar.ir__8e8a1bc5eca7.html
9405,20260224__data.ir.csulb.edu__b5085b44a545.html
9406,20260224__davoudabadi.ir__5d1a3fb2ecff.html
9407,20260224__digitalboost.ir__f7f1c8f4b2a4.html
9408,20260224__dimyadi.ir__817ecd7eb05e.html
9409,20260224__dir.tccim.ir__fee6f998832b.html
9410,20260224__doostimelal.ir__9024a101d7b8.html
9411,20260224__doreiranbegardam.ir__7946828160f8.html
9412,20260224__electromilad.ir__54258d5c7531.html
9413,20260224__eloquentjs.ir__1909f7ec8747.html
9414,20260224__en.ifilmtv.ir__0177336ad03e.html
9415,20260224__en.irct.ir__faec2ac23227.html
9416,20260224__en.nano.ir__06152abca810.html
9417,20260224__ephysician.ir__1c5b2a945c80.html
9418,20260224__existshoes.ir__46950e3a79f7.html
9419,20260224__fa.irct.ir__6b10106899d6.html
9420,20260224__facultymembers.sbu.ac.ir__4528b01bb1f6.html
9421,20260224__faraznetwork.ir__a7277e3064a2.html
9422,20260224__farhangohonar1.ir__0932b97f92e5.html
9423,20260224__festivart.ir__cee74b311fbe.html
9424,20260224__fivestar-arg.ir__4cd1dd26443a.html
9425,20260224__fontsara.ir__c6b969691804.html
9426,20260224__freepiker.ir__2a396f736995.html
9427,20260224__freescript.ir__0094033d4de1.html
9428,20260224__ghasemkiani.ir__67fad7d7e9e7.html
9429,20260224__ghoncheyqr.ir__737e3b6a29df.html
9430,20260224__giftus.ir__c4af008beb5a.html
9431,20260224__gilar.ir__a1d796c5583a.html
9432,20260224__gilarena.ir__91c05bd96de6.html
9433,20260224__gitipishro.ir__606b39d1659f.html
9434,20260224__gmj.ir__29ca22abe478.html
9435,20260224__graph30t.ir__a010602e1003.html
9436,20260224__graphictarh.ir__55d840ede593.html
9437,20260224__guilan.ac.ir__6330ef0cce70.html
9438,20260224__hakim-bashi.ir__3233e431838d.html
9439,20260224__handako.ir__3eb4031576af.html
9440,20260224__helli4.ir__8e25d044a4d9.html
9441,20260224__hitobuy.ir__b40d71cda6e5.html
9442,20260224__honarekavir.ir__9d046c1a1093.html
9443,20260224__ibmp.ir__fcf5c98492c2.html
9444,20260224__ictnn.ir__3064ad6ae27c.html
9445,20260224__iiees.ac.ir__135402177de5.html
9446,20260224__iranian.mfa.ir__06977fecdae6.html
9447,20260224__irannationalmuseum.ir__76f7b2bae58e.html
9448,20260224__iranscript.ir__03f8c092ef2f.html
9449,20260224__ircg.ir__ef975fac2ec3.html
9450,20260224__istanews.ir__ac8a5b14d910.html
9451,20260224__jahanesanat.ir__83a3f72c6526.html
9452,20260224__jame.um.ac.ir__6c0d04eadeb7.html
9453,20260224__jasabiza.ir__8bb5c3a1103b.html
9454,20260224__jctm.mums.ac.ir__3a64a900f735.html
9455,20260224__jdm.ac.ir__9a2fe2051279.html
9456,20260224__jri.ir__fa89a1c9232f.html
9457,20260224__kardangearbox.ir__3c9d3216c4e6.html
9458,20260224__kavian.ac.ir__87b1510a0ab9.html
9459,20260224__kavosh.ac.ir__ccb800f81139.html
9460,20260224__kerman.iau.ir__3e8faf213a0b.html
9461,20260224__khabarads.ir__aa1831313083.html
9462,20260224__khadamatekafsabi.ir__f0858a2ba643.html
9463,20260224__kktco.ir__a69ffad897ac.html
9464,20260224__laserartglass.ir__98b7a092f30a.html
9465,20260224__lisna.ir__955d05c1fbac.html
9466,20260224__litcave.rudi.ir__b80a339de661.html
9467,20260224__luxuryproperties.ir__0bffbf6b5e44.html
9468,20260224__makhzanebazi.ir__512025aa8b87.html
9469,20260224__map.ir__b54cfcfabd3f.html
9470,20260224__mazzaneh.ir__1e2b749e069e.html
9471,20260224__mbfakouri.ir__1a78ed0f0149.html
9472,20260224__missone.ir__daee546bd1a2.html
9473,20260224__mla.ir__800f175a66dc.html
9474,20260224__modelus.ir__70b1afc038a7.html
9475,20260224__mr-alireza.ir__4761c2c173a5.html
9476,20260224__nahadgara.ir__0a4cbd076c2d.html
9477,20260224__navid.kashani.ir__d280d921fecc.html
9478,20260224__pandp110.ir__48b04331ee9b.html
9479,20260224__parseed.ir__5529ce523882.html
9480,20260224__parsrazmtolidi.ir__dafe23c47cf7.html
9481,20260224__picot-online.ir__7d5e8f17f591.html
9482,20260224__poets.ir__30b0ebd0d225.html
9483,20260224__polytehran.ir__f30acd254250.html
9484,20260224__pvst.ir__e5ec11de1618.html
9485,20260224__qeshmgeopark.ir__c9d80db4505a.html
9486,20260224__rahkarpouya.ir__87242432735b.html
9487,20260224__rangebrand.ir__105382460a69.html
9488,20260224__ravaqschool.ir__e4b9f1f3b985.html
9489,20260224__rawco.ir__94724161b352.html
9490,20260224__razavihospital.ir__bacf50361e9a.html
9491,20260224__rcs-khr.ir__08fbfea503aa.html
9492,20260224__reba.ir__912b494460be.html
9493,20260224__royasite.ir__8170d9490d49.html
9494,20260224__sahandyardim.ir__9ca52efd8ac6.html
9495,20260224__sahelsorkh.ir__291be1df5cfc.html
9496,20260224__samen.cfu.ac.ir__2c1258cf77f2.html
9497,20260224__setaresobhonline.ir__8e632f08d0b3.html
9498,20260224__shaghool.ir__13dd0d6c697a.html
9499,20260224__shahrequran.ir__51b3df9c1c21.html
9500,20260224__shelow.ir__40ddd3db485a.html
9501,20260224__shirintanz.ir__c8fde264bf27.html
9502,20260224__silvestor.ir__0f9b2f41fcb5.html
9503,20260224__smartbluecube.ir__f85c87f703fa.html
9504,20260224__sojud.ir__00d6b898ced0.html
9505,20260224__stikeram.ir__061a2bc78ac4.html
9506,20260224__studyinturkey1.ir__e506081debc7.html
9507,20260224__sufi.ir__89bf2d488917.html
9508,20260224__tabrizfair.ir__5a77132c8fca.html
9509,20260224__takkado.ir__a07025d95fb1.html
9510,20260224__techonews.ir__a4eed947a575.html
9511,20260224__tehran-animafest.ir__b147e191f5cd.html
9512,20260224__thriving.ir__3b5464e3b8d3.html
9513,20260224__tiat.ir__0fb877308b34.html
9514,20260224__tinou.ir__3299242dacb2.html
9515,20260224__tisff.ir__4edf5be6f69f.html
9516,20260224__tj11.ir__be0426e28f29.html
9517,20260224__tohid.ir__d339cb8b7430.html
9518,20260224__ttblog.ir__ad7b72cf3cfe.html
9519,20260224__urlyar.ir__231cd4bd5b90.html
9520,20260224__uspace.ir__df9b0b4e3cde.html
9521,20260224__vc.areeo.ac.ir__536cbf193ed7.html
9522,20260224__vesaleyar14.ir__03f0a1ada875.html
9523,20260224__veterinary.tabrizu.ac.ir__bc424d745771.html
9524,20260224__visitiran.ir__a05a9a44fc35.html
9525,20260224__wintheme.ir__f4295e72dbef.html
9526,20260224__y22.ir__c8033043d2c9.html
9527,20260224__yyjc.ir__01b615b9f0ac.html
9528,20260224__zanjani.ir__9ed2a6b233af.html
9529,20260224__zoomg.ir__2cf92239b382.html
9530,20260225__100st.ir__842bbed667e6.html
9531,20260225__14khorshid.ir__3ac5cb2eaf2a.html
9532,20260225__3danet.ir__51841a29d6b5.html
9533,20260225__4030bar.ir__5c4c43565707.html
9534,20260225__5040.ir__3d2158341b69.html
9535,20260225__abedi-koupai.iut.ac.ir__74ebf01b7026.html
9536,20260225__absland.ir__846743b381b1.html
9537,20260225__academy.tipax.ir__5da16c80fd9b.html
9538,20260225__afrangkhabar.ir__f6b3a2029950.html
9539,20260225__agahisanati.ir__0238206b4cbf.html
9540,20260225__allinonemag.ir__39ba856904b5.html
9541,20260225__amirzaa.ir__6a35a5e31033.html
9542,20260225__ancientaliens.ir__dbb7ab18e694.html
9543,20260225__anitamusic.ir__4f5400857b59.html
9544,20260225__anore.ir__6033925831af.html
9545,20260225__archistory.ir__fcb9af5da40f.html
9546,20260225__arzanfollowers.ir__c3206da33c6e.html
9547,20260225__arzanfroshy.ir__31de53f95640.html
9548,20260225__asec.ir__c3c58f0f2748.html
9549,20260225__ashkezarnews.ir__99b16761449d.html
9550,20260225__aslamooz.ir__86d30cb857e4.html
9551,20260225__asr-elevator.ir__521f225135e1.html
9552,20260225__asretemad.ir__1f5fc241bf8a.html
9553,20260225__astx.ir__2699617fa34a.html
9554,20260225__athenagroup.ir__6e5969a37d28.html
9555,20260225__avalfars.ir__f17d49495964.html
9556,20260225__avinketab.ir__2fe8c0585bdd.html
9557,20260225__bahareen.ir__e5144e670a76.html
9558,20260225__banayeiran.ir__e6a471632775.html
9559,20260225__bandweb.ir__c680328f3370.html
9560,20260225__baztabgahar.ir__b1037a73cca3.html
9561,20260225__behzi.ir__0f5231dab4ef.html
9562,20260225__bjozve.ir__15b3811e5bfd.html
9563,20260225__blog.scrum.ir__94b1c5217824.html
9564,20260225__bloogle.ir__0ec68054b73c.html
9565,20260225__bme711.ir__5b2364b739b7.html
9566,20260225__bookpioneers.ir__b141eabe32ae.html
9567,20260225__ccd2018.ir__f27bae488722.html
9568,20260225__ce.kashanu.ac.ir__1e94191d4ed0.html
9569,20260225__checkmysite.ir__342f02624516.html
9570,20260225__cinemakhorasan.ir__1895258931d9.html
9571,20260225__citar.ir__04ab70ca4116.html
9572,20260225__clubesaba.ir__2d1acf03cb21.html
9573,20260225__cognitiveclinic.ir__433a189d9f59.html
9574,20260225__computer-engineer.blog.ir__784a07f644e5.html
9575,20260225__contenttherapy.ir__049ad84a4674.html
9576,20260225__creativesoft.ir__7a4b9a419d8a.html
9577,20260225__cryptoworld.adakforex.ir__9e4a2523009b.html
9578,20260225__cs-team.ir__96728efae577.html
9579,20260225__damlak.ir__72fb6f3a98ea.html
9580,20260225__danakiosk.ir__6aed074364e2.html
9581,20260225__daneshyar-it.ir__10013dc39bad.html
9582,20260225__daroshohada17.ir__b5296be10242.html
9583,20260225__dehghanscopsang.ir__34b5d496b614.html
9584,20260225__delbandeman.ir__97cfbd2f8438.html
9585,20260225__deprint.ir__c88dbc182fc2.html
9586,20260225__devsummit.ir__3eed7fd939f4.html
9587,20260225__digilara.ir__01ec884aefea.html
9588,20260225__digispark.ir__8d8bcdc24581.html
9589,20260225__directory.iranpack.ir__6611f548f468.html
9590,20260225__doclink.ir__b47a03b8336d.html
9591,20260225__download.ir__983e4f32906b.html
9592,20260225__downloadhat.ir__28f7cc1c2f7d.html
9593,20260225__doypack.ir__bd545ac16104.html
9594,20260225__dp11.ir__2483411597c2.html
9595,20260225__dpfaragir.ir__3c968d364598.html
9596,20260225__drbotoukesh.ir__d4519e51f7d7.html
9597,20260225__drhamidrezaesmaeili.ir__34d2892c6b8c.html
9598,20260225__duman.pouyae.ir__d73b2f4ddb56.html
9599,20260225__ejfpp.gau.ac.ir__69bd73307eeb.html
9600,20260225__elearnica.ir__d2a673afafeb.html
9601,20260225__electropol.ir__c5c2e417f4d0.html
9602,20260225__en.acgih.ir__37fb4dd991cf.html
9603,20260225__energyemrooz.ir__517993789a71.html
9604,20260225__estedadtahlili.ir__60d8ee6993d9.html
9605,20260225__eu-passport.ir__529e099df03d.html
9606,20260225__expograd.ir__ae6a0d3adea2.html
9607,20260225__fajrgamefestival.ir__01dfcf0ee188.html
9608,20260225__fanarevarzeshi.ir__8fc4c7438327.html
9609,20260225__farafile.ir__3665f21216db.html
9610,20260225__faraproje.sellfile.ir__d2d94141fdca.html
9611,20260225__farayandno.ir__f4fe1f9bcc96.html
9612,20260225__farhangiannews.ir__dd704521501b.html
9613,20260225__farnoodlight.ir__9dd4baacdcd6.html
9614,20260225__farsbazan.ir__3b1574588b0a.html
9615,20260225__felfelani.ir__622f03b2f61a.html
9616,20260225__filmroz.ir__5164bfbb87a0.html
9617,20260225__finds.ir__eea953df2a72.html
9618,20260225__firesky.ir__6a00e6a57a85.html
9619,20260225__fr.irna.ir__75202928b808.html
9620,20260225__freepaper.ir__b135aef54983.html
9621,20260225__french.presstv.ir__6c9f524a5e7a.html
9622,20260225__game-center.ir__922ad4ba5835.html
9623,20260225__genie.ir__b70b21f4089c.html
9624,20260225__goldtechnic.ir__2f973f8bc17b.html
9625,20260225__gorani.ir__a0cdd3ad73bc.html
9626,20260225__gsjournal.ir__966086c0b794.html
9627,20260225__hadisehwrites.ir__5acbd18c343d.html
9628,20260225__hamvarnews.ir__ffce3dc38483.html
9629,20260225__hanet.ir__f21ae006634f.html
9630,20260225__harrypotterpodcast.ir__fb5ec694ea06.html
9631,20260225__hkc.ir__9eab0bed0c1e.html
9632,20260225__hormozbooking.ir__1a01017b6a27.html
9633,20260225__hpp.tbzmed.ac.ir__156eea6d6700.html
9634,20260225__hsy.ir__79b19b1c9f29.html
9635,20260225__huaweibattery.ir__f1e138501cdb.html
9636,20260225__hubgram.ir__716afdc9191a.html
9637,20260225__hums.ac.ir__d3068bd3efde.html
9638,20260225__hydropumps.ir__fa194014d752.html
9639,20260225__hypermall24.ir__33c2182970b7.html
9640,20260225__ibestpost.ir__b70ad6c4be06.html
9641,20260225__idlist.ir__4fdc77d795c8.html
9642,20260225__ijph.tums.ac.ir__b08564eaad9d.html
9643,20260225__ijpr.iut.ac.ir__b9d738f64616.html
9644,20260225__imca.ir__2498bfe2ac8e.html
9645,20260225__infinity-shop.ir__39c4b6d63f6f.html
9646,20260225__infu.ir__b37cf0a23f66.html
9647,20260225__iranconferences.ir__3155d7e8245f.html
9648,20260225__iranfile.rayta.ir__2676c57e2ffb.html
9649,20260225__iranlittmann.ir__1860f08e3f26.html
9650,20260225__iranpack.ir__c6d7012f5554.html
9651,20260225__iranpokeh.ir__e218fa4374c3.html
9652,20260225__irantahgig.ir__12de673a48ab.html
9653,20260225__iranzab.ir__45f970dcfe18.html
9654,20260225__irj.uswr.ac.ir__9a64af16f2ad.html
9655,20260225__irshna.ir__454dca8f7a4e.html
9656,20260225__isu.ac.ir__6ccc21adc111.html
9657,20260225__it.ut.ac.ir__0b9ef3864635.html
9658,20260225__jahanelm.ac.ir__fe561b6b9eb8.html
9659,20260225__jdm.tums.ac.ir__f4fb6f41c626.html
9660,20260225__journals.ihu.ac.ir__03ec95800f54.html
9661,20260225__jozveh92.ir__6182d663ae8c.html
9662,20260225__jpsr.mums.ac.ir__9ecee50c11f6.html
9663,20260225__jtst.ir__4c470aee0ad3.html
9664,20260225__kanoon.ir__bf9d1f36896f.html
9665,20260225__ketabebojnord.ir__f48ca22c8968.html
9666,20260225__ketabkhoob.ir__8b9816e21dc4.html
9667,20260225__khamene.ir__5dde0d18d95a.html
9668,20260225__landoflaw.ir__3d338a6cb52f.html
9669,20260225__laptopct.ir__2735116b2a79.html
9670,20260225__ledonline.ir__f15e71758bd9.html
9671,20260225__leyzertehran.ir__d1d04ffb9dfb.html
9672,20260225__libre.font-store.ir__7b5374e7d49a.html
9673,20260225__like7.ir__160a7954f98f.html
9674,20260225__livedata.ir__36d7d75b0053.html
9675,20260225__logiscm.ir__51fe2544925e.html
9676,20260225__lyndasub.ir__d2f4b70de368.html
9677,20260225__mahtabeghods.ir__d7ec54d448df.html
9678,20260225__main.livedata.ir__39368ec9bfae.html
9679,20260225__marcopoloshop.ir__2ddd45a62b0f.html
9680,20260225__margush.ir__bb16316e3299.html
9681,20260225__masjedsoleyman.ir__8ee97218424e.html
9682,20260225__matlab1.ir__ede9c2752648.html
9683,20260225__matlabhome.ir__7c6b85ad6e8c.html
9684,20260225__matlabi.ir__f09c6150439c.html
9685,20260225__mdent.ir__29ec506d610b.html
9686,20260225__mediacable.ir__50d10a3d4ae8.html
9687,20260225__medplant.ir__56e9cf7aa20d.html
9688,20260225__megacom.ir__efa6db28731f.html
9689,20260225__mehrjavan.ir__dd89850eb1f3.html
9690,20260225__merc.ac.ir__6f2327576de5.html
9691,20260225__mesb.ir__f0d4cd3a16f3.html
9692,20260225__microrf.ir__31ac144a7f4f.html
9693,20260225__mohandes360.ir__7e515138e467.html
9694,20260225__moorchebook.ir__f49dfa185ba0.html
9695,20260225__mrtanz.ir__a1d5db859611.html
9696,20260225__muq.ac.ir__dfbfa232baa8.html
9697,20260225__myts3.ir__e62ffc67001d.html
9698,20260225__mywoodland.ir__3956990d460a.html
9699,20260225__news-amazing.ir__1b76fafc4ee5.html
9700,20260225__newsgap.ir__cb5345870c7a.html
9701,20260225__oriflamegold.ir__652b3fe64b9e.html
9702,20260225__p74.ir__579874b71233.html
9703,20260225__paperhub.ir__da254d055868.html
9704,20260225__parsgheteh.ir__be378bc170c8.html
9705,20260225__plannerce.ir__735614da84e8.html
9706,20260225__platinaccess.ir__69ddffda04a3.html
9707,20260225__polymervabastebandi.ir__a900ddc92926.html
9708,20260225__popscience.ir__48dfc8a3e364.html
9709,20260225__porsafzar.sharif.ir__2d1294b88b91.html
9710,20260225__pulsco.ir__1ea6a0c9e82c.html
9711,20260225__qbtc.ir__21a2d08cdfff.html
9712,20260225__qom-iau.ac.ir__13068ac26aae.html
9713,20260225__rahnemaland.ir__c1917a8a168f.html
9714,20260225__rasamgraphic.ir__109435dcc7dd.html
9715,20260225__riazi100.ir__1eb62ae00ecf.html
9716,20260225__rightman.ir__c4b7410cd2b8.html
9717,20260225__rooydadestan.ir__99f523be4fa6.html
9718,20260225__salonisho.ir__033f94c4f928.html
9719,20260225__sangscoop.ir__9021b02c88ef.html
9720,20260225__sangscop.ir__05702c8f3c97.html
9721,20260225__sarvseo.ir__ff282c07b63b.html
9722,20260225__sarvtech.ir__5b83a164931c.html
9723,20260225__saze20.ir__4b324f6714f7.html
9724,20260225__scoppars.ir__2d6bbb083ef0.html
9725,20260225__scopsang.ir__96d7244b3fee.html
9726,20260225__scopsangdehghan.ir__27a2cea4a9cf.html
9727,20260225__scopstone.ir__dd1f04193118.html
9728,20260225__scrum.ir__6a7ee6cd73f4.html
9729,20260225__seofox.ir__e0e71d151d7e.html
9730,20260225__sevenartpedia.ir__ceacc09c74b4.html
9731,20260225__sh-abadeh.ir__80ed08b56c46.html
9732,20260225__shafazadeh.ir__26c36a793472.html
9733,20260225__shahroodut.ac.ir__72f02323d36a.html
9734,20260225__sigmaland.ir__091054508a76.html
9735,20260225__sim-power.ir__3ae34b6384d6.html
9736,20260225__softcivil.ir__75d142c01e5a.html
9737,20260225__splc.ir__fe59a865b4f0.html
9738,20260225__stonescop.ir__8ddbce62f298.html
9739,20260225__supportwebs.ir__c1e29f5aa40d.html
9740,20260225__tacticalanalysis.ir__6febdb44576e.html
9741,20260225__tajoddin.ir__c55bf566cf7d.html
9742,20260225__tbzrefinery.co.ir__cf40662d2ad7.html
9743,20260225__tolidi24.ir__5b8e5d84b302.html
9744,20260225__tr90.ir__9981166fb374.html
9745,20260225__tujal.ir__69a3c3d4e800.html
9746,20260225__vasfesaba.ir__290f512293a8.html
9747,20260225__weare.ir__4c4e3398c3f7.html
9748,20260225__webpy.ir__06be09f4d4e1.html
9749,20260225__wikipower.ir__253187d0f5b4.html
9750,20260225__wwjournal.ir__5a8a45cf640f.html
9751,20260225__yorna.ir__d1c3601d1e9d.html
9752,20260225__zccima.ir__a9f568675571.html
9753,20260225__zemamdar.blog.ir__eb1ae81cd2d6.html
9754,20260225__zoomtech.ir__bc128c5d2f84.html
9755,20260226__1001daneshjo.ir__fa90b03d4fa3.html
9756,20260226__1electric.4kia.ir__fe7d3ae4af54.html
9757,20260226__2pro.ir__5230bbb9e1bf.html
9758,20260226__7berkeh.ir__97aef504364e.html
9759,20260226__aazaranjoman.ir__b9c308743b8b.html
9760,20260226__abhar.ir__80794d83b355.html
9761,20260226__ahpub.ir__058632816dcf.html
9762,20260226__ali.dasmeh.ir__12bf1fb195a1.html
9763,20260226__alireza-ab.ir__0f17b820a516.html
9764,20260226__aminbahrami.ir__66f420337c1b.html
9765,20260226__amirhossein-fzl-dev.ir__0e5b6a299680.html
9766,20260226__andishemag.ir__1a39222508cf.html
9767,20260226__andishemoaser.ir__722301c401a2.html
9768,20260226__ansne.du.ac.ir__a795cc842435.html
9769,20260226__apdtek.ir__e9f5ce4e5636.html
9770,20260226__apkm.ir__8992cb34c054.html
9771,20260226__apss.qom.ac.ir__eda0eecb7def.html
9772,20260226__arakmu.ac.ir__deb65f394e59.html
9773,20260226__archome.ir__c1585c2d4dba.html
9774,20260226__astara.ir__591e5e4bd35e.html
9775,20260226__azargh.farhang.gov.ir__83f87f9f630b.html
9776,20260226__azmet.ir__1f18ffca164b.html
9777,20260226__bankefiile1003.nasrblog.ir__4af23664b0b4.html
9778,20260226__bankefiile12.nasrblog.ir__c9ef88a298b7.html
9779,20260226__bartarnahal.ir__f50e3786533f.html
9780,20260226__behabi.ir__ddb60ecb5de5.html
9781,20260226__behtarinvakileshiraz.ir__10de596d398a.html
9782,20260226__bia2koonkur.ir__449c1c137def.html
9783,20260226__blacktheme.ir__55aa431a163e.html
9784,20260226__bou.ac.ir__29f235261f68.html
9785,20260226__butan.4ss.ir__d7e9e460e53d.html
9786,20260226__buylike.ir__c66b4b7e8ead.html
9787,20260226__canseo.ir__5bd6cb50dcc4.html
9788,20260226__cert.um.ac.ir__83bbfb2286c4.html
9789,20260226__clls.sbu.ac.ir__893245ed43e4.html
9790,20260226__cod24.ir__84259c1d3490.html
9791,20260226__codesara.ir__fe68ed0721af.html
9792,20260226__cpmag.ir__ac1191dba77c.html
9793,20260226__crtha.iums.ac.ir__88d75b37d47d.html
9794,20260226__cryptolearner.copyforex.ir__805fcead061d.html
9795,20260226__cryptonews.bestsignalforex.ir__644ff487b5e6.html
9796,20260226__cyberno.ir__78757d76a236.html
9797,20260226__cyberuni.ir__5532f294e477.html
9798,20260226__daf53.ir__916f399f8eea.html
9799,20260226__darskade.ir__82718b989e5a.html
9800,20260226__dextab.ir__d49d43c8aade.html
9801,20260226__donyait.blog.ir__de2d87937f72.html
9802,20260226__download1.11gig.ir__53e1d7b9bdd5.html
9803,20260226__download2.11gig.ir__abb223023b4b.html
9804,20260226__downloadmaghale.ir__f165caaa3e9d.html
9805,20260226__dreadlockfardin.ir__6454a133303c.html
9806,20260226__drphysics.ir__731ea355490b.html
9807,20260226__ecotopia.ir__bc83d48264cd.html
9808,20260226__ehost.ir__6f3c12082323.html
9809,20260226__eircas.ir__dd2d72b1c2fa.html
9810,20260226__ejcp.gau.ac.ir__f362d6976015.html
9811,20260226__electronics.4kia.ir__25ab7842d84a.html
9812,20260226__emacademy.ir__90f116a3090c.html
9813,20260226__emdad-khodro-esfahan.ir__8ec2443da77c.html
9814,20260226__en.iccima.ir__164d60f9c3f0.html
9815,20260226__en.umz.ac.ir__70e98563e4e9.html
9816,20260226__endocrine.ac.ir__7707abf0a733.html
9817,20260226__energy-oil.ir__05d4f8eeca48.html
9818,20260226__fa1.pasteur.ac.ir__c88a78d66bfe.html
9819,20260226__fnm.ir__87b5672b1482.html
9820,20260226__forsatnet.ir__f015bb3f63e0.html
9821,20260226__free-culture.ir__7828e6baffc5.html
9822,20260226__gardeshberim.ir__6bfe2852e4ed.html
9823,20260226__gsia.tums.ac.ir__d131da89ef7e.html
9824,20260226__guichet.ir__1a641b18eda4.html
9825,20260226__happyliving.ir__d465960f60c0.html
9826,20260226__hiweb.ir__ab737d0ca54c.html
9827,20260226__hms.gmu.ac.ir__420a6a27f7cf.html
9828,20260226__hodaonline.ir__74c602301ca2.html
9829,20260226__homeca.ir__5ca073dea047.html
9830,20260226__honarguilan.ir__51eaeaf48612.html
9831,20260226__hpn.shahed.ac.ir__0f01525621ca.html
9832,20260226__i-pen.ir__d3b975d618fe.html
9833,20260226__ia.tbzmed.ac.ir__4e27ae759dc8.html
9834,20260226__iau.ir__24accac58a19.html
9835,20260226__ied.razavi.ac.ir__fed72aa81e91.html
9836,20260226__ijaa.du.ac.ir__1675295ef8e2.html
9837,20260226__ijer.atu.ac.ir__3f96c1f2e498.html
9838,20260226__ijhoscr.tums.ac.ir__f1b205bb877f.html
9839,20260226__ijhs.shmu.ac.ir__dab32751f937.html
9840,20260226__ijpp.gau.ac.ir__0fcfb4aeb333.html
9841,20260226__ijte.ir__61fb7410bea2.html
9842,20260226__inso.gov.ir__fe5842a3a427.html
9843,20260226__instafl.ir__6bfebfd91883.html
9844,20260226__iran-bssc.ir__5d7f9c0378fc.html
9845,20260226__iranicard.ir__774cec47ad6f.html
9846,20260226__iranmedicinenews.ir__5673b11edd40.html
9847,20260226__irbic.ir__3e3d7cf50f38.html
9848,20260226__irct.ir__ab7bf811dfc0.html
9849,20260226__isfj.ir__14a466e374b2.html
9850,20260226__ismj.bpums.ac.ir__6e39b8c6fbe2.html
9851,20260226__jab.alzahra.ac.ir__7b5ddba21f74.html
9852,20260226__jadvalyab.ir__fa2680aab6fd.html
9853,20260226__jae.hormozgan.ac.ir__409166f682cc.html
9854,20260226__jap.isca.ac.ir__98e2cdc30ad9.html
9855,20260226__jaziredanesh.ir__8540e13b0399.html
9856,20260226__jegol.ir__0398b91a84e8.html
9857,20260226__jemr.khu.ac.ir__308a5c79aa15.html
9858,20260226__jfr.sbu.ac.ir__ecc9511e743a.html
9859,20260226__jhr.ssu.ac.ir__6d65e34dab6b.html
9860,20260226__jimc.ir__94f7f266ded4.html
9861,20260226__jks.atu.ac.ir__c74f10467d5c.html
9862,20260226__jmsp.ir__e796608c29f2.html
9863,20260226__joer.atu.ac.ir__e90fe4cc27ca.html
9864,20260226__johoe.kmu.ac.ir__ec3657006ca7.html
9865,20260226__journal.bums.ac.ir__04a3cbe449da.html
9866,20260226__journal.jmu.ac.ir__8f25f9fa05f0.html
9867,20260226__journals.ssu.ac.ir__7aa1060fe507.html
9868,20260226__jreh.mums.ac.ir__eb757e6ad12b.html
9869,20260226__jrlat.atu.ac.ir__bf9bdd33c83b.html
9870,20260226__jscit.nit.ac.ir__1be1835b7a93.html
9871,20260226__jtpsol.journals.ikiu.ac.ir__5f8697ed7cdf.html
9872,20260226__jwfst.gau.ac.ir__c45927ad79dc.html
9873,20260226__jwsc.gau.ac.ir__ba5c73312f88.html
9874,20260226__kdo.ir__68b0c8dfd9d3.html
9875,20260226__khalij.sellu.ir__4b3491b77828.html
9876,20260226__khoy.ir__fd75a94a2054.html
9877,20260226__khzceo.ir__415ae571690c.html
9878,20260226__knh.shmu.ac.ir__94f710e3d51f.html
9879,20260226__konkury.ir__dcc7bd294143.html
9880,20260226__library.nioc.ir__66c8b790941a.html
9881,20260226__lingoapp.ir__121e37ee669d.html
9882,20260226__linkirani.ir__a8cd06f77b03.html
9883,20260226__lmj.areeo.ac.ir__9a0668c21bd2.html
9884,20260226__logo.samandehi.ir__40776c0b527c.html
9885,20260226__luxuryagency.ir__e7f20eb9ce7b.html
9886,20260226__mahallat.ir__794abff8a266.html
9887,20260226__majaleomumi.ir__a0f6193604f4.html
9888,20260226__majles.ir__1c602fcc096b.html
9889,20260226__marefateadyan.nashriyat.ir__3512033945d2.html
9890,20260226__marsin.ir__193c2575b29a.html
9891,20260226__maxad.ir__2729e0c7fa85.html
9892,20260226__mecbox.blog.ir__34e9fee7c677.html
9893,20260226__midage.ir__4d9f095b6f35.html
9894,20260226__mirasmaktoob.ir__78a44f2109c5.html
9895,20260226__miscj.aut.ac.ir__8bf719ce86b8.html
9896,20260226__mjms.mums.ac.ir__172ad7e8a405.html
9897,20260226__modelling.semnan.ac.ir__76880933df5f.html
9898,20260226__moeinarabi.ir__1a2619d63e40.html
9899,20260226__mofidu.ac.ir__b247cb20f3af.html
9900,20260226__mohamadvzs.ir__74a14ebb4b17.html
9901,20260226__mortezavaezi.ir__33ea31d8737d.html
9902,20260226__musico.ir__be32ba9a303f.html
9903,20260226__nastarandentistry.ir__63335d41c001.html
9904,20260226__natwood.ir__94d798bc2d5a.html
9905,20260226__neotab.ir__3456e0385115.html
9906,20260226__newart.ir__3d1e919931a6.html
9907,20260226__newsanten.ir__2a84b7152890.html
9908,20260226__nmj.umsha.ac.ir__0e77b32cd916.html
9909,20260226__nobitex.ir__285fa8d94e1c.html
9910,20260226__number4.ir__510bcce8d9d6.html
9911,20260226__ojs3.sbmu.ac.ir__c0b083ab2863.html
9912,20260226__ostan-mr.ir__86245fc0d3fe.html
9913,20260226__otaghiranonline.ir__575efad88450.html
9914,20260226__parsinews.ir__cb79fa284386.html
9915,20260226__passwordnod32.ir__7c03d4a94358.html
9916,20260226__pathseeker.ir__45f5cdf76b9a.html
9917,20260226__philosophy.tabrizu.ac.ir__cd0ff99676d5.html
9918,20260226__picaseo.ir__775811fa3eaf.html
9919,20260226__pingbaz.ir__518ed01e98ad.html
9920,20260226__pmpr.ir__abc6ddee830b.html
9921,20260226__porojeh24.ir__2438c2ce73b5.html
9922,20260226__poshaktat.ir__cea73a96861f.html
9923,20260226__potplus.ir__4f5a0f66bf27.html
9924,20260226__pro-yab.ir__52665f3bea28.html
9925,20260226__pro3.ir__5868022b6545.html
9926,20260226__psp.journals.pnu.ac.ir__0c8c4a03901c.html
9927,20260226__qarticleproject.ir__e6bb8235e2d8.html
9928,20260226__qd.razavi.ac.ir__a8f0781f7780.html
9929,20260226__qeshmtourist.ir__b3a5ab4d9941.html
9930,20260226__qjma.atu.ac.ir__ff904a5b6206.html
9931,20260226__qjss.atu.ac.ir__2b26a0f9f1f9.html
9932,20260226__qomlug.ir__e4c03da7bc30.html
9933,20260226__qt-project.ir__5aacf77f1cf9.html
9934,20260226__quantum.4kia.ir__be006cbac755.html
9935,20260226__radio.ir__66a917e061b4.html
9936,20260226__rahepaydar.ir__bc361e152ea6.html
9937,20260226__rangefarda.ir__10d3dc7b2ad3.html
9938,20260226__rbs.mui.ac.ir__060bbf7d78a5.html
9939,20260226__rdme.tbzmed.ac.ir__386849293a17.html
9940,20260226__repairdetector.ir__214f59004ecd.html
9941,20260226__riazitehran.ir__2e730a1692e4.html
9942,20260226__rivalagency.ir__80718a1375f7.html
9943,20260226__rizy.ir__8cb777a6c51b.html
9944,20260226__roudbarshop.ir__7b8355cd3e1f.html
9945,20260226__ryban.ir__54c9ac7cb0ad.html
9946,20260226__sabalanmusic.ir__4349b5ce958f.html
9947,20260226__sabt-ag.ir__62452cb3f34d.html
9948,20260226__samt.ac.ir__edfa9dc8e585.html
9949,20260226__sci.ui.ac.ir__59fe368ff473.html
9950,20260226__sehatlearning.ir__d9f274c97fdc.html
9951,20260226__seo7x.ir__dfd4673af6b4.html
9952,20260226__seocell.ir__c60016f45aea.html
9953,20260226__septic-tank.ir__2dff4d72c52a.html
9954,20260226__servatway.ir__0ff81ec5b421.html
9955,20260226__sh-kashan.kashanu.ac.ir__9c0ffe550396.html
9956,20260226__sharifcm.ir__3b0f418d64dc.html
9957,20260226__shariffoundation.ir__7373fc2cbd18.html
9958,20260226__sharifmathjournal.ir__14e5d629d328.html
9959,20260226__sharifplus.ir__19d39aa3945a.html
9960,20260226__sharifsummerschool.ir__33d6b431bc75.html
9961,20260226__sherane.ir__2d7ac3ab6ace.html
9962,20260226__sigmatec.ir__70ff29ed5aae.html
9963,20260226__simulearn.ir__dddd30d63ba3.html
9964,20260226__sinakalhor.ir__e2b25a0d25f5.html
9965,20260226__sjsph.tums.ac.ir__7aa6f7a4493c.html
9966,20260226__snappfood.ir__eda7620ebc91.html
9967,20260226__social.um.ac.ir__f132ce4a7ec0.html
9968,20260226__sorkhroud.ir__211c6945a1d6.html
9969,20260226__sufism.ir__a987515b26ff.html
9970,20260226__taav.ir__39d20b4e150c.html
9971,20260226__tablokaran.ir__d7ada8c37d52.html
9972,20260226__tabriz.isna.ir__fedbe00d9e75.html
9973,20260226__taktok.ir__b7b5c4e24134.html
9974,20260226__talaangor.ir__f880bd61a5ea.html
9975,20260226__tehrannews.ir__eaffc820d128.html
9976,20260226__tehranpodcast.ir__4e26070f4a76.html
9977,20260226__thecoach.ir__4c43ca8dad49.html
9978,20260226__thedeveloper.ir__a684397c7a0e.html
9979,20260226__tmdl.ir__c1918910bc72.html
9980,20260226__todaytrip.ir__8e805f374be5.html
9981,20260226__top-travel.ir__b086a7338c36.html
9982,20260226__tx.shmu.ac.ir__7a8b9c196f84.html
9983,20260226__unhcr.org.ir__59fc7a1cd460.html
9984,20260226__unica.ir__40babe62a983.html
9985,20260226__uploadkon.ir__997e6f8a99b1.html
9986,20260226__ups-battery-sizing.blog.ir__bc014e76fae7.html
9987,20260226__vatanemrooz.ir__fa26c3645829.html
9988,20260226__velayati.ir__e49c508044da.html
9989,20260226__vihado.ir__c03a04f13697.html
9990,20260226__viradaco.ir__0b62e42e69ff.html
9991,20260226__wallex.ir__d953a2dc5441.html
9992,20260226__webscene.ir__2c8098e7a353.html
9993,20260226__wjps.ir__21a09526f5bc.html
9994,20260226__wph.atu.ac.ir__b1adead9679f.html
9995,20260226__zanbil.ir__b11148cb8f93.html
9996,20260227__141.ir__abe3114a2cbf.html
9997,20260227__aapc.khu.ac.ir__f9df3aa855a4.html
9998,20260227__abaadiran.ir__3d7ecbe1927f.html
9999,20260227__account.tamin.ir__3ae37e218548.html
10000,20260227__acidkhoraki.ir__b36032035a70.html
10001,20260227__adspersian.ir__7c8e18ee443d.html
10002,20260227__akhbarroz.ir__1a13c38ba14b.html
10003,20260227__aminabolfathi.ir__b79a7d75e8e3.html
10004,20260227__amirmazinani.ir__b9f4a0df36dd.html
10005,20260227__arda.ir__31a788ce7c6e.html
10006,20260227__ariae.ir__800102b79910.html
10007,20260227__arianagame.ir__77276daafaca.html
10008,20260227__arj.urd.ac.ir__ad9d6d4a4e22.html
10009,20260227__artmisblog.ir__9a9d7d40e843.html
10010,20260227__aryacargo.ir__023fab9f3a00.html
10011,20260227__ask.3eo.ir__1ec7120a3374.html
10012,20260227__astroclub.ir__8f80945b2c15.html
10013,20260227__atamalek.ir__8c78be72aee5.html
10014,20260227__atraf.ir__d46d0ba7e8e0.html
10015,20260227__avr.tums.ac.ir__44642a0a6c64.html
10016,20260227__azmag.ir__821aed6f665a.html
10017,20260227__ba24.ir__791e3a115dd8.html
10018,20260227__bazarekar.ir__370f256f2a84.html
10019,20260227__behrangdesign.ir__6ea981c86ed3.html
10020,20260227__behtarinhast.ir__ee8408412d88.html
10021,20260227__bilgates.ir__d8b7c842558e.html
10022,20260227__biotechrep.ir__eb1df44360cb.html
10023,20260227__biztalks.ir__183b716eb1dc.html
10024,20260227__bluebyby.ir__d9f38ad67759.html
10025,20260227__boborim.ir__c85e49e6ea15.html
10026,20260227__bornika.ir__155f20369856.html
10027,20260227__bornlady.ir__4aeb02253e89.html
10028,20260227__boshkekade.ir__bbed9b559723.html
10029,20260227__cableon.ir__c8356de61688.html
10030,20260227__carclinicplus.ir__b69e34052424.html
10031,20260227__centinsur.ir__2ba0fed51cad.html
10032,20260227__charpa.ir__613aa5eeee5f.html
10033,20260227__cheekarayab.ir__10d8cce982cb.html
10034,20260227__cinemacinema.ir__c49ae98a540e.html
10035,20260227__cinemahouse.ir__46b0a9d0f19a.html
10036,20260227__coffeestore.ir__f853479ace4b.html
10037,20260227__css.iripo.ir__ded936a72a54.html
10038,20260227__dayan.ir__3468d606ad96.html
10039,20260227__dh.zaums.ac.ir__29dfa0ffa880.html
10040,20260227__digestive-system.ir__b2b321c5dbc7.html
10041,20260227__dlib.scu.ac.ir__b1a82a8189ab.html
10042,20260227__docharkhehmag.ir__974d2e4682bb.html
10043,20260227__doorc.ir__cd8039114352.html
10044,20260227__drjaberjavidi.ir__624376efdd92.html
10045,20260227__dubstep.ir__b10c7c5b056e.html
10046,20260227__ebnesina.ajaums.ac.ir__ec3704cac7b4.html
10047,20260227__ehsaider.ir__7c123df45c19.html
10048,20260227__en.caa.gov.ir__13bfa8751bbf.html
10049,20260227__english.iut.ac.ir__5b7320d01164.html
10050,20260227__erfanmag.ir__b2f021773fdb.html
10051,20260227__esfahanresaneh.ir__d3e71d32f562.html
10052,20260227__exo.ir__a75553ce4fd8.html
10053,20260227__fa.pasteur.ac.ir__73d368af155f.html
10054,20260227__fahar.ir__67ae363e377f.html
10055,20260227__far30club.ir__3b04129a920b.html
10056,20260227__farmand.ir__7a1dbe478414.html
10057,20260227__fars.isna.ir__2032673b0bd7.html
10058,20260227__farsi.rouhollah.ir__380fb89bb397.html
10059,20260227__farsiroz.ir__3c77f238e927.html
10060,20260227__fasleqtesad.ir__e044d1a8ecd9.html
10061,20260227__fcf.ir__2b37002ccb94.html
10062,20260227__fdj.iums.ac.ir__fb57b4e24353.html
10063,20260227__fertilizershop.ir__f746c7c4ce01.html
10064,20260227__firoozehcarpet.ir__b979e5dc432f.html
10065,20260227__follownews.ir__d4177ef8afd4.html
10066,20260227__foreverkala.ir__bf0c4ed5dfc7.html
10067,20260227__formafzar.ir__18e94922d4a4.html
10068,20260227__forum.kishtech.ir__224cda8d65b4.html
10069,20260227__forum.mobone.ir__86f6d689447e.html
10070,20260227__fott.ir__890d8c843eae.html
10071,20260227__fryasna.ir__1a13b692fe18.html
10072,20260227__galaxydm.ir__5a309f4837b2.html
10073,20260227__ganjgah.ir__b8e393df7e05.html
10074,20260227__geeksesi.ir__243238e21069.html
10075,20260227__geminorum.ir__76f152f9c128.html
10076,20260227__ghadirinews.ir__28a920754ad8.html
10077,20260227__ghasemtorabi.ir__57235311a9ea.html
10078,20260227__golestankhandani.ir__b86507539144.html
10079,20260227__hamedaanmusic.ir__f4056caea182.html
10080,20260227__hamidbakhshi.ir__2eaeed5f3d15.html
10081,20260227__hamnotif.ir__9273858f05e6.html
10082,20260227__heyko.ir__75220bc20292.html
10083,20260227__hmu.ac.ir__0c9ddfe74d8e.html
10084,20260227__honareflute.ir__ae31e83172c9.html
10085,20260227__hooshmandbms.ir__15767749d781.html
10086,20260227__hph.co.ir__c797120a049d.html
10087,20260227__icssjournal.ir__75168cf0d7c7.html
10088,20260227__idtop.ir__477bafea230d.html
10089,20260227__ihms.ir__382861a31262.html
10090,20260227__ijehse.tums.ac.ir__e1667b54cde9.html
10091,20260227__ijgt.ui.ac.ir__07d77869727a.html
10092,20260227__ijnaa.semnan.ac.ir__cea076800787.html
10093,20260227__ijrn.ir__ae7e2adcd3a4.html
10094,20260227__ikmec.ir__3cfb233cf464.html
10095,20260227__imcaut.ir__18ecb9b562b5.html
10096,20260227__intpersian.guilan.ac.ir__dce4fdbce69a.html
10097,20260227__iran-ml.ir__b9bfa6bbc456.html
10098,20260227__iranlng.ir__8f46fe32115a.html
10099,20260227__irantelemed.ir__ef77a35bf7dd.html
10100,20260227__irphe.ac.ir__52fd01bd81b3.html
10101,20260227__itmen.ir__9f34a5987ac8.html
10102,20260227__itsr.ir__501bef68a918.html
10103,20260227__ivmusic.ir__96df490cbe3e.html
10104,20260227__iwmf.ir__2e8c903be9a1.html
10105,20260227__jgs.khu.ac.ir__fcbe08e07250.html
10106,20260227__jhr.ui.ac.ir__0e5f6c44f030.html
10107,20260227__jhs.modares.ac.ir__cc9bdbdb4454.html
10108,20260227__jiapd.ir__d7a021b69597.html
10109,20260227__jmrh.mums.ac.ir__2ec1f72a2b0a.html
10110,20260227__jneh.usb.ac.ir__c7e2272a022c.html
10111,20260227__journal-dmor.ir__186581fe1409.html
10112,20260227__journals.atu.ac.ir__4a983522aee0.html
10113,20260227__journals.pnu.ac.ir__f7d3c3ea2bd3.html
10114,20260227__jpom.ui.ac.ir__cab1d5777eab.html
10115,20260227__jsaeh.khu.ac.ir__cd2d37fcef38.html
10116,20260227__kadkhodaei.ir__7e2de1e99785.html
10117,20260227__karajtabliq.ir__fb8da71c7510.html
10118,20260227__karnostartup.ir__763f4fee05dc.html
10119,20260227__kateb-electronic.ir__4531a6ce0c52.html
10120,20260227__khaandaniha.ir__944116807b8f.html
10121,20260227__khabarjonoub.ir__abe7d1e589ca.html
10122,20260227__khavarvacuum.ir__f60959ac0e9d.html
10123,20260227__kheir.ir__0359e3d0dc9e.html
10124,20260227__koroshr.ir__d11621d801fb.html
10125,20260227__lahijan.ir__476de91757cd.html
10126,20260227__landing.seo24.ir__696d820adf93.html
10127,20260227__lawresearchmagazine.sbu.ac.ir__9d4ec5ec3c9a.html
10128,20260227__leca.ir__99c8c43c44c8.html
10129,20260227__liliome.ir__a782244efe29.html
10130,20260227__m.ir.voanews.com__0f07f7041ab5.html
10131,20260227__madanihosp.tbzmed.ac.ir__ff4595e77936.html
10132,20260227__maptec.ir__4b1debcdb877.html
10133,20260227__markazeghalb.ir__8e43c2458c21.html
10134,20260227__masaleh-kade.ir__a1281800894a.html
10135,20260227__mcro.ir__4ccfb9c29d8e.html
10136,20260227__media.dotic.ir__7d721ffc82fd.html
10137,20260227__media.kanoonnews.ir__3be5bf6fb769.html
10138,20260227__mesbahyazdi.ir__496fe11b3f5f.html
10139,20260227__metror.ir__22a8b723e507.html
10140,20260227__mi.khu.ac.ir__0188f6741e36.html
10141,20260227__miandoabma.ir__4522ad74458c.html
10142,20260227__minabcity.ir__5e0024bdf83c.html
10143,20260227__mlb66.ir__30c5ae369c66.html
10144,20260227__mobinat1659.blog.ir__6abe8a716c22.html
10145,20260227__mohan21.ir__db0d5566d087.html
10146,20260227__morvaridkavir.ir__b019de05e723.html
10147,20260227__mosbate1.ir__9fc92b09dbf3.html
10148,20260227__mshrgh.ir__012244d4271b.html
10149,20260227__musicfars.ir__f282493dc257.html
10150,20260227__musictag.ir__125f3f830ba1.html
10151,20260227__myloleh.ir__733ec7aea2af.html
10152,20260227__mysurface.ir__11054e2536ea.html
10153,20260227__naghshnews.ir__329ae7bbc79d.html
10154,20260227__navatel.ir__41f52135aac5.html
10155,20260227__nbr.khu.ac.ir__434d5c76b973.html
10156,20260227__new-news1.ir__4edb2b6abc13.html
10157,20260227__newbie.ir__dc0f7f95e07f.html
10158,20260227__nex1music.ir__b4526fdd3544.html
10159,20260227__neyriz.ir__529ebfe39f96.html
10160,20260227__nhl66.ir__bf5557cadba0.html
10161,20260227__niavaranmu.ir__988161164955.html
10162,20260227__nice-sms.ir__a5be52d9fd98.html
10163,20260227__nikavazeh.ir__e46106e5a0af.html
10164,20260227__noavaryedu.oerp.ir__3f10720775e8.html
10165,20260227__noorcity.ir__3f5128c36a1f.html
10166,20260227__noticenews.ir__4c7f1b72b8c5.html
10167,20260227__novinclash.ir__c75c56cec314.html
10168,20260227__nowshahr.ir__bb13969d5254.html
10169,20260227__old.kut.ac.ir__40b1fa8f8c70.html
10170,20260227__onlinevalves.ir__6e35f8f24de5.html
10171,20260227__p30rank.ir__38ad7d997f5b.html
10172,20260227__panoman.ir__dd1a997c02eb.html
10173,20260227__panteaco.ir__7ccd532777ca.html
10174,20260227__partocargo.ir__0b8193b41faf.html
10175,20260227__parvazak.ir__59ffa8108cea.html
10176,20260227__persicaantiqua.ir__1275c7f99ef9.html
10177,20260227__pishcademy.ir__9efb86818e6a.html
10178,20260227__pod.kheir.ir__c0992ed34044.html
10179,20260227__polyno.ir__6e9c57774b0f.html
10180,20260227__press.farhang.gov.ir__59a40020dbf3.html
10181,20260227__psj.gau.ac.ir__e213087fec31.html
10182,20260227__push-notif.ir__52256a7eb537.html
10183,20260227__qomefarda.ir__ed9fbeffe447.html
10184,20260227__qoranshenakht.nashriyat.ir__fae580095f96.html
10185,20260227__qpss.atu.ac.ir__95b5aac188f7.html
10186,20260227__rabei.ir__4cb88a6784db.html
10187,20260227__rade.ir__7129d4fe8afb.html
10188,20260227__radiodaal.ir__255a8c236f08.html
10189,20260227__radiotehran.ir__72549f15ece3.html
10190,20260227__rashtcctv.ir__60974adcd10b.html
10191,20260227__rastineh.ir__dd309019fc6b.html
10192,20260227__refahj.uswr.ac.ir__fa37c4709abb.html
10193,20260227__reza-sadeghi.ir__3a4ed7ad7b86.html
10194,20260227__ricm.ir__8e0c322ac238.html
10195,20260227__rms.umz.ac.ir__83c293958af0.html
10196,20260227__rond-domain.ir__5b9da3946d40.html
10197,20260227__saazandegi.ir__998187938bab.html
10198,20260227__saftysign.ir__47120a64c6a1.html
10199,20260227__same.ir__32d85b1bb5bb.html
10200,20260227__sanapress.ir__7ec255c3ff18.html
10201,20260227__saten.ir__b3014ce3b2bd.html
10202,20260227__saw60.ir__c717394e6cc4.html
10203,20260227__scj.sbu.ac.ir__173b27221fee.html
10204,20260227__search.ir.softbank.jp.pagescdn.com__9065896cefb9.html
10205,20260227__sepandrayaneh.ir__233f398ff883.html
10206,20260227__sepehrconex.ir__6d6645a8aead.html
10207,20260227__serd.khu.ac.ir__a01bfe3f141a.html
10208,20260227__sevdaa.ir__fc43f5353360.html
10209,20260227__sganji.ir__e77acdb8ccce.html
10210,20260227__shia-online.ir__2478eda181a8.html
10211,20260227__shiftprocesspractice.ir__1e1f83fe3507.html
10212,20260227__shmu.ac.ir__9867c908b872.html
10213,20260227__sifo.ir__13532197b9c9.html
10214,20260227__signalticket.ir__04ef0c9a400d.html
10215,20260227__siloo.ir__a01510f83af4.html
10216,20260227__sirjan.ir__1a29dba0a68b.html
10217,20260227__sitecode.ir__e293fd337e28.html
10218,20260227__sm.psas.ir__8b43f90081cf.html
10219,20260227__solh.ir__91f7187b7e4b.html
10220,20260227__spain.mfa.gov.ir__300a6580aa02.html
10221,20260227__standard.inso.gov.ir__465de8c47723.html
10222,20260227__stpok.ir__4fbc905e71a0.html
10223,20260227__tabirlazem.ir__8fa07e3e6bfd.html
10224,20260227__tahlilsabz.ir__686d8f654dec.html
10225,20260227__tajan.ir__1f0f98220995.html
10226,20260227__tala.ir__918fa0226931.html
10227,20260227__tamirgha.ir__86f71ba12ada.html
10228,20260227__tapsell.ir__8dd456a34020.html
10229,20260227__tapsi.ir__bf50bb04632e.html
10230,20260227__techdic.ir__4fe8078c89af.html
10231,20260227__tehruntime.ir__af704b9d7197.html
10232,20260227__terminali.ir__7be7461fbeff.html
10233,20260227__themeoff.ir__ca1efafffbcf.html
10234,20260227__time.ir__f6944bfa8d52.html
10235,20260227__titrkhabari.monoblog.ir__e6609d4c9660.html
10236,20260227__titrnews.ir__82091efb1e4b.html
10237,20260227__topcopon.ir__64bbb1f0ed10.html
10238,20260227__toshakbazar.ir__8b9faf43f9d8.html
10239,20260227__tpg.ir__73d5bee44553.html
10240,20260227__trendooni.ir__03475ce19558.html
10241,20260227__trijournal.ir__c8f7908657ba.html
10242,20260227__tubagostar.ir__a92771379a53.html
10243,20260227__tunify.ir__04c2b5c2f63d.html
10244,20260227__txer.ir__257808c38af8.html
10245,20260227__unmf.umsu.ac.ir__0083547aae98.html
10246,20260227__upsonline.ir__4731c3e13c60.html
10247,20260227__virtu.ir__61a57753ba76.html
10248,20260227__vito-dev.ir__112cda0bf851.html
10249,20260227__watchonline.ir__38f81d538aa0.html
10250,20260227__wdnews.ir__65068f0576df.html
10251,20260227__webna.ir__e247b1be8916.html
10252,20260227__wpwebmaster.ir__353e5240b436.html
10253,20260227__yazdcity.ir__d86d4fa378b7.html
10254,20260227__zarinplastpump.ir__f9c14bdcdd22.html
10255,20260227__zaviehmag.ir__a1300e09e7f0.html
10256,20260227__zerocharm.ir__66a2b116dbb0.html
10257,20260307__8tag.ir__54f03d99f173.html
10258,20260307__academics.ut.ac.ir__f7c03e4f2aa2.html
10259,20260307__afracamp.ir__0ee48d18428c.html
10260,20260307__ahangchin.ir__21a4d709e4d8.html
10261,20260307__ahur.ir__e453003e17ab.html
10262,20260307__akanlu.pasteur.ac.ir__3776b4472cb7.html
10263,20260307__alameh.ir__148bb143006d.html
10264,20260307__alborz.farhang.gov.ir__60de356899a3.html
10265,20260307__aluswissbond.ir__8f9d8e4d0ee8.html
10266,20260307__amajartgroup.ir__7932109b7367.html
10267,20260307__animal.ijbio.ir__b9035f11258b.html
10268,20260307__araniroo.ir__0a17d8d2f3e7.html
10269,20260307__armansiahloo.ir__d629de349b19.html
10270,20260307__artaelectric.ir__99aed5730e27.html
10271,20260307__asp.journals.umz.ac.ir__f2cfcf2163c8.html
10272,20260307__assc.ir__a39b65fc5119.html
10273,20260307__binazirchart.ir__3e2347d9ef9f.html
10274,20260307__blogger.monoblog.ir__8b2c42a31f18.html
10275,20260307__bluerose.ir__74477519cfc5.html
10276,20260307__bosch-yadak.ir__446bd675e0dd.html
10277,20260307__ccsi.ir__d7835e2fe544.html
10278,20260307__cementechnology.ir__2c0fff16a708.html
10279,20260307__charugh.ir__da9f6bf17528.html
10280,20260307__civil-ferdowsi.um.ac.ir__2a6fc1e8c175.html
10281,20260307__dentistisfahan.ir__c676a1507196.html
10282,20260307__dme.behdasht.gov.ir__d94ec70e605e.html
10283,20260307__doornamaamag.ir__9d7afd44d001.html
10284,20260307__drdard.ir__a61ab6622f18.html
10285,20260307__economic.mfa.ir__94d02d3bfe7a.html
10286,20260307__eimenmohit.ir__43715c1cf7e5.html
10287,20260307__ep.yazd.ac.ir__dcdf73bb6459.html
10288,20260307__err0r.ir__0ed9fa0e18aa.html
10289,20260307__err0r.ir__ba788744fd56.html
10290,20260307__esfahanshargh.ir__cccc0ac9af9a.html
10291,20260307__etdc.tums.ac.ir__6ecdedaf3074.html
10292,20260307__etelaabama.ir__62a076f239cd.html
10293,20260307__etiadpajohi.ir__7c4be1ae5610.html
10294,20260307__expertdoctor.ir__03f82e566c7c.html
10295,20260307__fcs.niopdc.ir__fd56f7f43e61.html
10296,20260307__ferghenews.monoblog.ir__1fb8ea18457d.html
10297,20260307__foodpress.ir__f2fed4b562eb.html
10298,20260307__frs.qom.ac.ir__acfe9dea6020.html
10299,20260307__gameplayshop.ir__4439ccad5d50.html
10300,20260307__honarland.ir__b9de7ccf351d.html
10301,20260307__i-clarified.ir__41d0e5f27df2.html
10302,20260307__icro.ir__08504015a6b3.html
10303,20260307__ijnd.ir__05d9853ba84e.html
10304,20260307__ilamebidar.ir__29db4988cb85.html
10305,20260307__ilammet.ir__005299e380cc.html
10306,20260307__imamsadr.ir__399a815b78de.html
10307,20260307__international.ut.ac.ir__ac78023d1f50.html
10308,20260307__ipaps2024.shahroodut.ac.ir__0debd188b3f4.html
10309,20260307__iqfa.ir__4dfe0f683db3.html
10310,20260307__irancode.ir__c667f0208b9f.html
10311,20260307__iranfoia.ir__6a12899cabfd.html
10312,20260307__iranfoia.ir__97f79e3fc927.html
10313,20260307__iraninsurance.ir__0694870ce686.html
10314,20260307__jehe.abzums.ac.ir__2f18db27aad5.html
10315,20260307__jehe.abzums.ac.ir__fbf5d6fa8665.html
10316,20260307__jgit.kntu.ac.ir__b371fdbd8ea8.html
10317,20260307__jh.isca.ac.ir__edea7ed7a960.html
10318,20260307__jis.uk.ac.ir__9a63a999902f.html
10319,20260307__jis.uk.ac.ir__cee371686960.html
10320,20260307__jojo.ir__7bceb7e02e72.html
10321,20260307__jsmdl.ut.ac.ir__d6035f6cf3cd.html
10322,20260307__karafarinbank.ir__85a3bef31a06.html
10323,20260307__karafilm.ir__58a405fca728.html
10324,20260307__kipod.ir__a66635b16b9a.html
10325,20260307__kthprc.ir__f428400a9af6.html
10326,20260307__langarud.ir__123d9527310e.html
10327,20260307__livesheep.ir__89639929f700.html
10328,20260307__madannews.ir__33f61c9f11f7.html
10329,20260307__madannews.ir__36915c95e5bc.html
10330,20260307__magk.ir__745b5f7f9a75.html
10331,20260307__medicine.kaums.ac.ir__7799853edf40.html
10332,20260307__meymand.ir__329fcab20697.html
10333,20260307__mlox.ir__f6f920fcb64b.html
10334,20260307__mohammadijoo.ir__0b7bc38f1b05.html
10335,20260307__mohsenrabbani.ir__44082d94db8b.html
10336,20260307__museum.razavi.ir__ca885fd89a9b.html
10337,20260307__nahalestan-ariyana.ir__c92388ab2044.html
10338,20260307__nay.ir__c9c3c28faa4d.html
10339,20260307__netino.monoblog.ir__1321aba6b9ed.html
10340,20260307__ostad-masjedi.ir__4e43a3ea1e16.html
10341,20260307__ostanha.tabnak.ir__b2f047fb0bee.html
10342,20260307__p-sepidar.ir__1d8d6c853ca5.html
10343,20260307__pccc.icrc.ac.ir__ca709f8bd36a.html
10344,20260307__pep.co.ir__858fbac4265d.html
10345,20260307__psychstudies.alzahra.ac.ir__d2f656b88e18.html
10346,20260307__ptfbu.ir__3f265b17da1c.html
10347,20260307__qjfr.ir__9cbe0ee2c2a0.html
10348,20260307__radelect.ir__3900db41c61d.html
10349,20260307__ricac.ac.ir__cbe110e99610.html
10350,20260307__riiha.ir__e806c8def0a2.html
10351,20260307__rko.doe.ir__bd12614199f2.html
10352,20260307__roova.ir__c72167f51c6e.html
10353,20260307__roozanit.ir__a44c35f8185b.html
10354,20260307__salamatar.ir__5cdc774da37d.html
10355,20260307__samsungserviceco.ir__cdd5c76ddf27.html
10356,20260307__sarayan.ir__f5d5ac224c94.html
10357,20260307__scale.ir__5214279fa6fe.html
10358,20260307__scoda.ir__b4703b2777fb.html
10359,20260307__sellfree.ir__4f8f73a863c3.html
10360,20260307__sellfree.ir__5ac3b7c2840f.html
10361,20260307__sobhe-emrooz.ir__20c63d4548af.html
10362,20260307__tabnakkerman.ir__332582d96f49.html
10363,20260307__tabnakkerman.ir__6535c9c28fdc.html
10364,20260307__tabyincenter.ir__be143357b3d9.html
10365,20260307__tajabzar.ir__083670f47be9.html
10366,20260307__tarmimshishesaeed.ir__9e38aab63cc5.html
10367,20260307__teamgroup.ir__7a31beed31e4.html
10368,20260307__tebna.ir__84c9c9156511.html
10369,20260307__tifex.tehran.ir__2bfdbd072bef.html
10370,20260307__tikkaa.ir__d635743bc5b2.html
10371,20260307__totikala.ir__0ac9aa8debd0.html
10372,20260307__towzinnegar.ir__95464e753ea9.html
10373,20260307__troca.tbzmed.ac.ir__6223c42dcdd8.html
10374,20260307__trustskin.ir__175b97433283.html
10375,20260307__uniref.ir__5cb428334594.html
10376,20260307__uplod.ir__965a8caa7ede.html
10377,20260307__utec.ut.ac.ir__720804677710.html
10378,20260307__vakil-esfahan.ir__cd9460364101.html
10379,20260307__vakilshirzadeh.ir__97123b071d4d.html
10380,20260307__vananews.ir__473a9d385331.html
10381,20260307__varesoon.ir__1c16da3f00a3.html
10382,20260307__vinok.ir__8765bcc997cc.html
10383,20260308__1bs.ir__266d0e771b85.html
10384,20260308__1travian.ir__3bb69b1b49b3.html
10385,20260308__3tarebaran.ir__d75f057362db.html
10386,20260308__agriscm.ir__57c25a0f7478.html
10387,20260308__alirezadadfar.ir__72e997c77954.html
10388,20260308__animal.ijbio.ir__1d68b0889b54.html
10389,20260308__ararc.ir__43dc6b1d73c1.html
10390,20260308__armansiahloo.ir__856942be8979.html
10391,20260308__askohan.ir__dd92d94274e8.html
10392,20260308__atwe.razi.ac.ir__893378dcf3ee.html
10393,20260308__babolmajma.ir__8b4f1204521b.html
10394,20260308__baraninews.ir__ed65322bdaf3.html
10395,20260308__bekrdaneh.ir__8d9b98e2777e.html
10396,20260308__benyto.ir__9add662ffde0.html
10397,20260308__bezanimbiroon.ir__b48d860f4c17.html
10398,20260308__cdjournal.muk.ac.ir__c1903b5f2bd9.html
10399,20260308__classtor.ir__25cab369b354.html
10400,20260308__cod-center.ir__1ca3c912f162.html
10401,20260308__crc.tums.ac.ir__201b149dea9c.html
10402,20260308__decoboom.ir__22add6bca531.html
10403,20260308__deltaban.ir__7ad17a778404.html
10404,20260308__derbishop.ir__cd84dc5c5b32.html
10405,20260308__dg63.ir__828f88844612.html
10406,20260308__dibarofastfood.ir__089f5f872005.html
10407,20260308__dlp.msrt.ir__6abadad04eef.html
10408,20260308__driveing.ir__b2b9a2a7b814.html
10409,20260308__drkamalhadi.ir__0ad26be424c3.html
10410,20260308__drnext.ir__651b3e75f2aa.html
10411,20260308__echocardiography.ir__61a384f8dab8.html
10412,20260308__egovahi.ir__8d349404df1f.html
10413,20260308__elmas.ir__ed47e248232b.html
10414,20260308__emamat.ir__52d4ee0ff3b6.html
10415,20260308__en.guilan.ac.ir__1310d0809eb0.html
10416,20260308__espero.ir__16ef6b0b78d1.html
10417,20260308__faceban.ir__de964fdcf92e.html
10418,20260308__famyab.ir__97de91fbccf0.html
10419,20260308__fanoosdesign.ir__ab814337e30c.html
10420,20260308__frs.qom.ac.ir__b0153ea6a962.html
10421,20260308__gbook.ir__1c080b3ace1b.html
10422,20260308__graphicarian.ir__14bd5d052c52.html
10423,20260308__hadese24.ir__477f3b3738e0.html
10424,20260308__hajarpub.ir__ebc17652ab86.html
10425,20260308__hifantech.ir__125f27fd1736.html
10426,20260308__ibath.ir__3fcb88200a22.html
10427,20260308__icf.ir__5a961bb189fe.html
10428,20260308__ijac.journals.pnu.ac.ir__b2f8682418fa.html
10429,20260308__int.nit.ac.ir__416e29d768da.html
10430,20260308__ipm.ssaa.ir__bd471ab901e9.html
10431,20260308__iranpedia.ir__c73d058c3fba.html
10432,20260308__iranwushufed.ir__63e04e777543.html
10433,20260308__isc.org.ir__289a19145c5f.html
10434,20260308__isipo.ir__a649c8fb3dd1.html
10435,20260308__iueam.ir__511a4998db77.html
10436,20260308__jead.gau.ac.ir__2eda7c98d9bb.html
10437,20260308__jips.isca.ac.ir__1d4f2f70d44f.html
10438,20260308__jomhouriat.ir__9c0dd1b450f5.html
10439,20260308__jsba.ir__43cb9db235d0.html
10440,20260308__jwsps.alzahra.ac.ir__c78b587ce7ae.html
10441,20260308__kap-job.ir__dc0df4f755ef.html
10442,20260308__karsistehran.ir__8cf559567992.html
10443,20260308__khabarqeshm.ir__a12542cf3484.html
10444,20260308__lampcenter.ir__1a6410358b97.html
10445,20260308__libsan.ir__3ebb014ac80f.html
10446,20260308__madammode.ir__34bc981f7b9d.html
10447,20260308__maktoori.ir__897aadf7313c.html
10448,20260308__markazi.ict.gov.ir__ca4892b42963.html
10449,20260308__marketstudies.ir__5e145d96c358.html
10450,20260308__mashadfarsh.ir__13fce3ef9d7e.html
10451,20260308__mpz.ir__64c6655a3b7c.html
10452,20260308__n-vasegh.ir__f9d37b5e54a6.html
10453,20260308__naftmis.ir__f81d6babdeb3.html
10454,20260308__nargil.ir__450edb05a936.html
10455,20260308__neshanteam.ir__eda86c6bb15f.html
10456,20260308__niamag.birjand.ac.ir__c84a3db33c13.html
10457,20260308__novin-bar.ir__f607790eb439.html
10458,20260308__occidentstudy.ihcs.ac.ir__c4404ab63257.html
10459,20260308__ostan-qz.ir__52fc114aec50.html
10460,20260308__pccc.icrc.ac.ir__ac170b1a64b7.html
10461,20260308__persian-tajik.ir__dcc0e606381e.html
10462,20260308__persian-tourism.ir__b857366c8131.html
10463,20260308__pgnews.ir__41c830a1183d.html
10464,20260308__piadero.ir__27f8ac1410e0.html
10465,20260308__plantprotection.scu.ac.ir__3b9b3fd464ab.html
10466,20260308__political.ihss.ac.ir__112240934651.html
10467,20260308__politicalstudy.ihcs.ac.ir__91c47871ed4f.html
10468,20260308__pr.tums.ac.ir__f35758ea6a5b.html
10469,20260308__prkar.mcls.gov.ir__d30b48ca8960.html
10470,20260308__propipe.ir__40c047ef3956.html
10471,20260308__qafqaz.ir__89d72f09d018.html
10472,20260308__qrirancode.ir__50766362b981.html
10473,20260308__raahesh.ir__73f6714b8cac.html
10474,20260308__radiogoftogoo.ir__6d7effb055f0.html
10475,20260308__rangelandsrm.ir__bffb6e765564.html
10476,20260308__region4.tehran.ir__078de7bf7c3b.html
10477,20260308__relp.isfahan.iau.ir__80cd58e02cb4.html
10478,20260308__risknews.ir__910146d2feae.html
10479,20260308__rppc.msrt.ir__37f3bdb23e5c.html
10480,20260308__saba-gostar.ir__4f86bfa2b8a9.html
10481,20260308__salmanshahr.ir__a411d67f323e.html
10482,20260308__sb-ostan.ir__a5dd48357a2c.html
10483,20260308__shafaghgostaran.ir__2cdcf06e0bc4.html
10484,20260308__shahrekord.ir__8c01d4bb787e.html
10485,20260308__softsaaz.ir__7e9806154c03.html
10486,20260308__soh.iums.ac.ir__a1898368db85.html
10487,20260308__srb.iau.ir__a3f0bedc588e.html
10488,20260308__tap30.ir__f78e662ee2b6.html
10489,20260308__taxjournal.ir__4e1d48aea2bf.html
10490,20260308__titrqazvin.ir__6cad98d578bc.html
10491,20260308__uniket.ir__6306851f11c2.html
10492,20260308__vakil-top.ir__a3dbfc8341d0.html
10493,20260308__wpirani.ir__a5a464d57380.html
10494,20260308__z6z.ir__ccab9f932dc8.html
10495,20260308__zarincall.ir__a19e5f57225a.html
10496,20260308__zingapp.ir__df8d53e07a3c.html
10497,20260309__21dl.ir__4ceaf8fd87dd.html
10498,20260309__abcmag.ir__17058bf330c9.html
10499,20260309__anrg.ir__e7c2f470f0f9.html
10500,20260309__ase.ui.ac.ir__e1b5bd3459e2.html
10501,20260309__ausmt.ac.ir__6030c597c700.html
10502,20260309__bahardigital.ir__6057785dce2e.html
10503,20260309__cropbiotech.journals.pnu.ac.ir__115c8e1ca70d.html
10504,20260309__dadgostari-bs.eadl.ir__0acbda4c8b8a.html
10505,20260309__darolfeiz.ir__e9c38a6be875.html
10506,20260309__dlall.ir__9322adbf5c0f.html
10507,20260309__dli.ir__4054612d895e.html
10508,20260309__elib.mui.ac.ir__c28e6296f8f7.html
10509,20260309__etarhe.ir__7c97f540aa29.html
10510,20260309__fea.um.ac.ir__3e9c41015071.html
10511,20260309__ganjineh.sharif.ir__251663625880.html
10512,20260309__gozareshgar.blog.ir__7abeb8250256.html
10513,20260309__harfemard.ir__773f2f444f05.html
10514,20260309__harim-pak.ir__aac99f2461bf.html
10515,20260309__healthcareonline.ir__7c5e8b3d02c1.html
10516,20260309__hes.msrt.ir__0dcf8abb9cd8.html
10517,20260309__historicalstudy.ihcs.ac.ir__c69ece28ad87.html
10518,20260309__hormozgan.doe.ir__027d601794bc.html
10519,20260309__hostlinuxiran.ir__b4ee676af4b4.html
10520,20260309__hozehonari.ir__fce714a97e6d.html
10521,20260309__iaeh.ir__831f58288150.html
10522,20260309__iauardabil.ac.ir__a82f04766086.html
10523,20260309__istgahniyaz.ir__41c0f5ac15e9.html
10524,20260309__joomlaforum.ir__40a541a24579.html
10525,20260309__jpt.isca.ac.ir__e4b679e4714f.html
10526,20260309__kazemidiet.ir__72cc622007a7.html
10527,20260309__kimiahonar.ir__cfd00c02a07a.html
10528,20260309__kootool.ir__41260406e372.html
10529,20260309__lamerd.ir__8f00d9e728e1.html
10530,20260309__library.um.ac.ir__548cabe25fd7.html
10531,20260309__magtour.ir__7d2aa87e25f5.html
10532,20260309__mathrde.ir__438e73b7236e.html
10533,20260309__mgraphist.ir__aed6f5170bb9.html
10534,20260309__miladlotfi.ir__1f23a7da3abe.html
10535,20260309__mobchat.ir__6c1e6fac7161.html
10536,20260309__modarooz.ir__ee24ae9675e8.html
10537,20260309__najiweblog.ir__752f091a5b65.html
10538,20260309__new.khuisf.ac.ir__875554f07ade.html
10539,20260309__npo.gov.ir__cc3f66698e45.html
10540,20260309__payacpc.ir__01ef077c869c.html
10541,20260309__projectstats.blog.ir__8381d9c769ac.html
10542,20260309__qom.doe.ir__8830c145b39b.html
10543,20260309__raystore.ir__3cbe15bdf0cf.html
10544,20260309__rihu.ac.ir__c2b10774be4b.html
10545,20260309__sabapp.ir__6948f657d2f3.html
10546,20260309__sb.isna.ir__50e0a5fe706b.html
10547,20260309__scj.kashanu.ac.ir__29ece3730373.html
10548,20260309__signsaras.ir__3f097e0d83a2.html
10549,20260309__sofia.mfa.ir__5a297150966f.html
10550,20260309__storeha.ir__2a3e78cf91b0.html
10551,20260309__sts.ir__7c1b0346f51a.html
10552,20260309__tabnakilam.ir__330aef378970.html
10553,20260309__tatcogroup.ir__d86ee6a47ce0.html
10554,20260309__toahangs.ir__1985a196fc55.html
10555,20260309__traffic.qazvin.ir__4d7883986841.html
10556,20260309__ujiroft.ac.ir__3978ad34537e.html
10557,20260309__velayat.ac.ir__9981cccf3846.html
10558,20260309__webms.ir__41d7ea1f05d3.html
10559,20260309__wl.doe.ir__cb2c109def7f.html
10560,20260310__aac.behdasht.gov.ir__77cfad970f92.html
10561,20260310__abadan.iribnews.ir__5ccb51ccf268.html
10562,20260310__alavi.ir__392f6781452d.html
10563,20260310__alocharpa.ir__dddfe6d21ffe.html
10564,20260310__amirkola.ir__c61348d6609a.html
10565,20260310__audiom.zarebin.ir__1c40d86b84a7.html
10566,20260310__bardsir.kr.ir__94b87da1c245.html
10567,20260310__bastaknews.ir__b51fd0ae1aa3.html
10568,20260310__caspian.ut.ac.ir__62395874e9a6.html
10569,20260310__cita.ir__7ee1aec08475.html
10570,20260310__congress.mazums.ac.ir__de7742602688.html
10571,20260310__cups.ir__d11c75b8b9da.html
10572,20260310__dargahan.ir__2b659efb9b49.html
10573,20260310__developers.cafebazaar.ir__7b02b2e54581.html
10574,20260310__docharkhestan.ir__5b515f79c623.html
10575,20260310__ekherameh.ir__431624349988.html
10576,20260310__ethics.riqh.ac.ir__9e0f31ae6016.html
10577,20260310__fardayekerman.ir__20d39b6883c6.html
10578,20260310__icqt.ac.ir__e9b8d38471f0.html
10579,20260310__ijgeophysics.ir__2b7f1bd817c7.html
10580,20260310__inter4.ir__4edf6a805abe.html
10581,20260310__iranbirdwatching.ir__6ce839ffcf6d.html
10582,20260310__irancities.ir__b531c42df61e.html
10583,20260310__kargaronline.ir__9ab352449620.html
10584,20260310__khayyamnameh.ir__e544cc5f0f14.html
10585,20260310__larestan.farsp.ir__3506740f5dfc.html
10586,20260310__meisamroudaki.ir__6c3598fefcbd.html
10587,20260310__namayeshgahha.ir__e3523d882fcc.html
10588,20260310__pajouheshmag.ir__1a1ec50504f6.html
10589,20260310__physiotherapy.uswr.ac.ir__5df5d57700d7.html
10590,20260310__psj.mums.ac.ir__8a54463ddc81.html
10591,20260310__psq.karaj.iau.ir__7e3a2c17fe89.html
10592,20260310__radiosalamat.ir__78851782d590.html
10593,20260310__razi.uswr.ac.ir__c1b78ec9e012.html
10594,20260310__rcb.ir__829a98f5300b.html
10595,20260310__roniya.ir__0da8c1f617d7.html
10596,20260310__sadafnews.ir__290f954bccef.html
10597,20260310__sceg.ir__110dd294d80c.html
10598,20260310__sk.mcth.ir__eaa366a2a82d.html
10599,20260310__sobheorzu.ir__66b06771ee99.html
10600,20260310__tabiat.ir__3bdbbdcde3ec.html
10601,20260310__tabnak.ac.ir__a158bd0ca417.html
10602,20260310__tamashanewspaper.ir__9cd2b52737f0.html
10603,20260310__tazeshahr.ir__be4b26df851b.html
10604,20260310__thaqalain.ir__1a2dfb39f9de.html
10605,20260310__theology.um.ac.ir__7b75e418afa4.html
10606,20260310__wikidefa.ir__1b5c8f44b7b3.html
10607,20260310__yazd.farhang.gov.ir__9061dfd6ecbc.html
10608,20260311__bagheri.ir__f5551f778d9a.html
10609,20260311__dehkadeyedownload.ir__0d0340a41fe0.html
10610,20260311__fzai.cfu.ac.ir__5407e0d313d1.html
10611,20260311__ifsm.ir__8d60758c5b1a.html
10612,20260311__iranol.ir__07529fda886a.html
10613,20260311__jsu.ac.ir__87d45ff56fbf.html
10614,20260311__kurdnezam.ir__a574011369d9.html
10615,20260311__qmrw.ir__0e4dee568e85.html
10616,20260311__revayatfath.ir__1e1d31437bd4.html
10617,20260311__torbath.ac.ir__79f405acef78.html
10618,20260311__visit.tehran.ir__7c3ad53f0be0.html
10619,20260312__a-ben.cfu.ac.ir__3ffa455c582d.html
10620,20260312__a-tab.cfu.ac.ir__25b27e730ef8.html
10621,20260312__abfa-lorestan.ir__6b96a38b8d4f.html
10622,20260312__abkhansj.ut.ac.ir__ba148d83058a.html
10623,20260312__aet.ut.ac.ir__7b8a16697772.html
10624,20260312__afravarzesh.ir__f56f9c0f845d.html
10625,20260312__agri.pgu.ac.ir__1505fd987a7f.html
10626,20260312__ahvaz1001.ir__0e8dd4b219c2.html
10627,20260312__albayan.ir__d5b7863504f7.html
10628,20260312__alumni.tums.ac.ir__b8525f97099f.html
10629,20260312__amm-co.ir__eb07248a9791.html
10630,20260312__amoozeshehonar.farhang.gov.ir__5330db8cde52.html
10631,20260312__anjomanabfars.ir__42576f364842.html
10632,20260312__anwartohid.ir__e168ce3ed4ae.html
10633,20260312__anzalipress.ir__4387164e4468.html
10634,20260312__arak125.ir__04c2915821e0.html
10635,20260312__ardebil.post.ir__6c29d9916c4f.html
10636,20260312__argejadid.ir__cd814e7cfa8b.html
10637,20260312__arpcosteel.ir__0de92d468ade.html
10638,20260312__articgroup.ir__62285ff2ef00.html
10639,20260312__ashayer.ir__0fb40c4dfe84.html
10640,20260312__ashkezar.gov.ir__11a0a992a42b.html
10641,20260312__asreesfahannews.ir__d01e55865fd7.html
10642,20260312__asremihanonline.ir__ea7d93137465.html
10643,20260312__asrzagros.ir__af6548cebaf8.html
10644,20260312__astara.gilan.ir__9108a6ae610a.html
10645,20260312__ata.cfu.ac.ir__46ac70def172.html
10646,20260312__atb.cfu.ac.ir__1298fa43fe4a.html
10647,20260312__avayeseymare.ir__06097a2cf6ce.html
10648,20260312__ayat.ir__3b4908438a21.html
10649,20260312__azgharbi.mporg.ir__c51640525a8a.html
10650,20260312__balaafzar.ir__dcf99a3ad39a.html
10651,20260312__bankdata.ir__6639e590afcc.html
10652,20260312__basketball98.ir__5ceefc506a71.html
10653,20260312__baztabeilam.ir__56ac8c5d2078.html
10654,20260312__baztabeno.ir__0d47dc4f1cb0.html
10655,20260312__bookpub.ir__6ff82f5f84c3.html
10656,20260312__bsadr.cfu.ac.ir__274812e3ee9d.html
10657,20260312__bsb.cfu.ac.ir__0c3eb52a907b.html
10658,20260312__bsd.uswr.ac.ir__6c5317e4471f.html
10659,20260312__bsr.cfu.ac.ir__56f8f6d4304a.html
10660,20260312__bss.cfu.ac.ir__34f5d1480041.html
10661,20260312__btom.ir__80c63a7b2189.html
10662,20260312__bushehr.isipo.ir__55b411c2e472.html
10663,20260312__carpetmaster.ir__bbba0cd5aacf.html
10664,20260312__dadrah.ir__bcc8cea5c27d.html
10665,20260312__dangishar.ir__6bc03defbbaa.html
10666,20260312__darsiahkal.ir__9f249202218c.html
10667,20260312__dermis.ir__82a953beb18b.html
10668,20260312__dfak.cfu.ac.ir__99c3c7a52d4a.html
10669,20260312__dfkb.cfu.ac.ir__344214c373e7.html
10670,20260312__dfl.cfu.ac.ir__9af7807a42c3.html
10671,20260312__dshs.cfu.ac.ir__740756b266db.html
10672,20260312__edu.muq.ac.ir__5a3bffb090ac.html
10673,20260312__eghtesadpress.ir__7a8588516661.html
10674,20260312__ejsilam.cfu.ac.ir__6059444438c2.html
10675,20260312__epe.ir__29068edaaa54.html
10676,20260312__esfahanfarhang.ir__332396f98c16.html
10677,20260312__fars.bonyadmaskan.ir__13c10ba0bfbf.html
10678,20260312__faru.um.ac.ir__dc5425bc4b95.html
10679,20260312__football7.ir__7d3c2e1f641e.html
10680,20260312__forghan.ir__07f49d291374.html
10681,20260312__gasplus.ir__447dc0a5f310.html
10682,20260312__genexlabco.ir__b81cb2d48fb1.html
10683,20260312__ghn.sbmu.ac.ir__39127bd049ea.html
10684,20260312__ghoran.ir__1f162df29514.html
10685,20260312__gilan.farhang.gov.ir__839d8d21bb32.html
10686,20260312__goharpark.ir__5b6ba4ff475c.html
10687,20260312__gonabad.khorasan.ir__7158e91fb796.html
10688,20260312__gpc.ir__455d605ac148.html
10689,20260312__gsb.cfu.ac.ir__288984edb39f.html
10690,20260312__gutmicrobiotaforhealth.ir__8488a7f75d8a.html
10691,20260312__hakim.cfu.ac.ir__6430b659498f.html
10692,20260312__hamsafarshim.ir__5cbb1f14615b.html
10693,20260312__hmc.ir__acb3661d77de.html
10694,20260312__hmgh.cfu.ac.ir__c5ca2a1db159.html
10695,20260312__homaykhabar.ir__772c92555d7a.html
10696,20260312__homopersicus.ir__9a03f28c52ed.html
10697,20260312__ilammodares.cfu.ac.ir__de464541ccb5.html
10698,20260312__imamaliuniv.aja.ir__4e065030c534.html
10699,20260312__imb.cfu.ac.ir__09e78d65e4f6.html
10700,20260312__immd.ir__cbb40c9fc498.html
10701,20260312__incas.tums.ac.ir__be35d6764755.html
10702,20260312__injaisfahan.ir__d658384164a7.html
10703,20260312__iran-dokht.ir__7c508c51ebf0.html
10704,20260312__iranianfoods.ir__2f1f80c5d9b8.html
10705,20260312__iraniju.ir__c05a802dc0c3.html
10706,20260312__isri.ac.ir__80aa5c8bb7b6.html
10707,20260312__issar.tums.ac.ir__3ea2aaead532.html
10708,20260312__itass.ir__05a29dc80ed7.html
10709,20260312__iwl.ir__7f72a932ea80.html
10710,20260312__jahrom.farsp.ir__bb4b7fea01c0.html
10711,20260312__javaneban.ir__998317d0cc0c.html
10712,20260312__jsa.uok.ac.ir__ddb94bbaf565.html
10713,20260312__karoon.ostan-khz.ir__b8f31b4cb096.html
10714,20260312__kelk.iaus.ac.ir__9585e1cd20d6.html
10715,20260312__kermooneman.ir__f6d7df94f89b.html
10716,20260312__khanemostanad.ir__bd5f7ff6d782.html
10717,20260312__khansarhealth.mui.ac.ir__752543e1eda3.html
10718,20260312__khansarhospital.mui.ac.ir__fbaaf1600684.html
10719,20260312__khatshekanha.ir__c9144197159b.html
10720,20260312__khoramabad-gov.ir__75da8efa9228.html
10721,20260312__komshecheh.ir__f70d51efc775.html
10722,20260312__kordestan.farhang.gov.ir__98cdaa839599.html
10723,20260312__kordestan.frw.ir__70404f2903fe.html
10724,20260312__kosar.ostan-ar.ir__f907929ea29e.html
10725,20260312__kq.meybod.ac.ir__60b1ad80e147.html
10726,20260312__kshps.cfu.ac.ir__bcec785437ec.html
10727,20260312__language.sharif.ir__f5dc63c79a62.html
10728,20260312__legapress.ir__27a8f43a7c91.html
10729,20260312__lorc.ir__21dcf5e1dcdf.html
10730,20260312__m4.tabriz.ir__1d10d73b320a.html
10731,20260312__maarefjang.ir__ddc8fa715781.html
10732,20260312__mafaz.ir__ba42115bf143.html
10733,20260312__mamlekatonline.ir__360671f7c000.html
10734,20260312__mbanews.ir__d438fe2bdea9.html
10735,20260312__medical.rhc.ac.ir__a7d934aa2f39.html
10736,20260312__mehrastan.ac.ir__1d9c299a9e83.html
10737,20260312__metrology.inso.gov.ir__25463c9eadd7.html
10738,20260312__mohammad-rasouli.ir__bb16e4c4cc31.html
10739,20260312__mozooshenasi.ir__652634d20684.html
10740,20260312__mpm.ir__c55c4ecaaa1e.html
10741,20260312__musicschoolg.farhang.gov.ir__f4fd0a2edf22.html
10742,20260312__naderpour.semnan.ac.ir__6cf4fffe8714.html
10743,20260312__news-sarab.ir__bbe67dd96af3.html
10744,20260312__neyshabur.khorasan.ir__db891a06d108.html
10745,20260312__nici.ir__b31a925219d7.html
10746,20260312__nobat.sums.ac.ir__f6a6dcdee2d7.html
10747,20260312__nutr.tbzmed.ac.ir__30bcbc48366d.html
10748,20260312__paka.cfu.ac.ir__72ad92f1301c.html
10749,20260312__panart.ir__ae2bb4aa405c.html
10750,20260312__pbsh.cfu.ac.ir__8f8b1117b506.html
10751,20260312__pfyazd.cfu.ac.ir__d5f50a607bcf.html
10752,20260312__pfzk.cfu.ac.ir__98e257b50f9c.html
10753,20260312__piar.cfu.ac.ir__ca93e88140ac.html
10754,20260312__playmusic.ir__b3c75e4b1b2f.html
10755,20260312__poempersian.ir__55e875c9b0fe.html
10756,20260312__poshtebammag.ir__bfafbda5454b.html
10757,20260312__press.areeo.ac.ir__0c62959e5884.html
10758,20260312__psychiatry.uswr.ac.ir__eff8f05d6123.html
10759,20260312__pu.ac.ir__2e8b089b7c2e.html
10760,20260312__raazebaghaa.ir__493179c86408.html
10761,20260312__region16.tehran.ir__58cc5c7db6b3.html
10762,20260312__region17.tehran.ir__b4425d4cb687.html
10763,20260312__rehabnursing.uswr.ac.ir__f8cd48dcffe4.html
10764,20260312__research.semnan.ac.ir__0334a87386a3.html
10765,20260312__rfpc.ir__14bcb98d644d.html
10766,20260312__saba.honar.ac.ir__fdfd6761628d.html
10767,20260312__samanketab.roshd.ir__39af0f8c52d6.html
10768,20260312__sampad.gov.ir__b720ee5087f3.html
10769,20260312__saqqezrudaw.ir__582cb991fbf2.html
10770,20260312__sarafrazannews.ir__867c539fa42d.html
10771,20260312__sarakhs.khorasan.ir__e9580667f5dd.html
10772,20260312__segalmarket.ir__ea8b1be72b3c.html
10773,20260312__seo11.ir__29d796dcb594.html
10774,20260312__sepehr.ac.ir__e4acaf2eca37.html
10775,20260312__shahed.isaar.ir__8e708f10f938.html
10776,20260312__shahnahall.ir__8b0c70e6df7a.html
10777,20260312__shahresalem.tehran.ir__b7cda6c3eb4c.html
10778,20260312__sibank.sinabank.ir__6d1186f2ae73.html
10779,20260312__sigmacompany.ir__5a5612d42563.html
10780,20260312__sj-cup.ir__69c06c4620b9.html
10781,20260312__sked.co.ir__ee960eee2961.html
10782,20260312__steely.ir__9bb97d58c701.html
10783,20260312__tabriztourist.ir__6a25ce083d9f.html
10784,20260312__tamin24.ir__dbae4f8f92fa.html
10785,20260312__tavoosebehesht.ir__07700402d996.html
10786,20260312__theaterfestival.ir__60a4e08e0bec.html
10787,20260312__traditional.sbmu.ac.ir__a6b34938d9d8.html
10788,20260312__trafficorg.qazvin.ir__675029b92b7b.html
10789,20260312__uefa.ir__e1c2a86cfb62.html
10790,20260312__valavid.ir__d063cb0fea7b.html
10791,20260312__vamsimcart.ir__8d7a0d25c48c.html
10792,20260312__vsca.tums.ac.ir__10382f5eff9e.html
10793,20260312__zanjanpl.ir__50b52f8f9b74.html
10794,20260312__zehnamouz.ir__9798f39f3743.html
10795,20260312__zehnenoo.ir__d74d19ec0b23.html
10796,20260313__10361e.portal.ir__8fa40e5fe889.html
10797,20260313__abbasidavani.ir__59c8c4804120.html
10798,20260313__abgarmloot.uspace.ir__f28e165b3cb0.html
10799,20260313__abyek.ir__64ed1a491360.html
10800,20260313__ahmadabadmostofi.ir__899373bef5d4.html
10801,20260313__ahmadzadeh.iut.ac.ir__1e4aa7a87e70.html
10802,20260313__ahrareandeysheh.ir__000e413d65b0.html
10803,20260313__alishahr.ir__97d971b4fa21.html
10804,20260313__amoozesheashpazi.ir__6ed997356cea.html
10805,20260313__arzansara2000.ir__0103711097dd.html
10806,20260313__avatasvir.ir__a07fd106e8d9.html
10807,20260313__baghestan.qazvin.ir__d05cccdb6d00.html
10808,20260313__bardsir.iau.ir__f0c50b12eae5.html
10809,20260313__bave.ostan-khz.ir__e5a1684b21f7.html
10810,20260313__behbahan.ostan-khz.ir__0ff3d7427ad1.html
10811,20260313__chancellor.behums.ac.ir__bb3d6888d91f.html
10812,20260313__darman.behums.ac.ir__09835852057e.html
10813,20260313__diyareayyar.ir__89eb9399996d.html
10814,20260313__drseifi.ir__87a20f0438b3.html
10815,20260313__dto.farhang.gov.ir__db5a5b46acec.html
10816,20260313__ebook.montazeran.ir__5ea4d3f691ce.html
10817,20260313__ecdcenter.ut.ac.ir__d2d2fc373e83.html
10818,20260313__economy.isfahan.ir__b8721a59b75a.html
10819,20260313__exhibiran.tehran.ir__c90df9b69bc3.html
10820,20260313__facility.maj.ir__ceafe9b044b1.html
10821,20260313__fanuus.ir__f2ff0f20d4ad.html
10822,20260313__fariman.khorasan.ir__9e4ff34364f0.html
10823,20260313__feyzabad.ir__c2664ff73bb7.html
10824,20260313__firooze.ourmag.ir__2342efbd49a9.html
10825,20260313__firoozeh.khorasan.ir__1388b4cd2441.html
10826,20260313__firoozkooh.ostan-th.ir__300ee0fc5e4b.html
10827,20260313__fooman.gilan.ir__d7e125a0b200.html
10828,20260313__fzuh.cfu.ac.ir__777c71a40dfc.html
10829,20260313__gorganema.ir__0090c70b661a.html
10830,20260313__gzn.motahari.ac.ir__194fbb2d7a7c.html
10831,20260313__hamdelizanjan.ir__46a1a04f9d4d.html
10832,20260313__harat.ir__b1254e096963.html
10833,20260313__hau.ir__cb66b0202fba.html
10834,20260313__helitek.ir__0063dc1c3d89.html
10835,20260313__herbaltrust.ir__e18d096fffc3.html
10836,20260313__hiraaa.ir__96ceaffe04ad.html
10837,20260313__hjie.ir__b8e7580e67c0.html
10838,20260313__hormozgan.mporg.ir__d9cda2d0bee2.html
10839,20260313__idearagroup.ir__99ebc1ebff9a.html
10840,20260313__irhvac.ir__f07b3710691c.html
10841,20260313__iseds.pgu.ac.ir__9e3eaaabd5c4.html
10842,20260313__izeh.ostan-khz.ir__4e3c4079ec0e.html
10843,20260313__javid.ac.ir__b0825213f84c.html
10844,20260313__jkh-madresesaz.ir__2e05b5583aea.html
10845,20260313__jouybarnews.rzb.ir__787fb9122927.html
10846,20260313__jrasti.ir__45c20d3bd82a.html
10847,20260313__kamalonline.ir__290e3bc0d570.html
10848,20260313__karaj.post.ir__f66440d4232e.html
10849,20260313__kashan.farhang.gov.ir__27d09dc95b5a.html
10850,20260313__kerman.rai.ir__19f9a5f35dd6.html
10851,20260313__khadamatshahri.qazvin.ir__28f78fb84c8e.html
10852,20260313__khamir.ir__ad8308914e78.html
10853,20260313__khateshargh.ir__f6d9bc67110c.html
10854,20260313__khoshkebijar.ir__ea24a29f8666.html
10855,20260313__kiantechig.ir__eef96ba5a78e.html
10856,20260313__lahijan.farhang.gov.ir__d18e2f698712.html
10857,20260313__lawpedia.ir__bed895d3ebf0.html
10858,20260313__ledpouyan.ir__08ca5ccdbc2c.html
10859,20260313__lib.hums.ac.ir__5842e6178d08.html
10860,20260313__mahalle.tehran.ir__51c7b3c3475c.html
10861,20260313__mahshahr.ostan-khz.ir__5f5168055191.html
10862,20260313__matrixcable.ir__3b441cd30017.html
10863,20260313__miladeshahr.ir__e1939ce6fa78.html
10864,20260313__moeennews.ir__d0a515284755.html
10865,20260313__nzkhushnod.ir__42e40351e071.html
10866,20260313__omrani.qazvin.ir__dc5110a4903e.html
10867,20260313__pasg.ir__0e954132dbfa.html
10868,20260313__pasmand.qazvin.ir__1c1f47ce5b2f.html
10869,20260313__petila-doll.ir__ad0f3ad2802f.html
10870,20260313__pmco.ir__d14a9571e0ba.html
10871,20260313__pr.araku.ac.ir__5b0dd9710072.html
10872,20260313__pstm.cfu.ac.ir__13851bd2198a.html
10873,20260313__pyazd.cfu.ac.ir__42fc90dbc90d.html
10874,20260313__quchan.ir__bfb6e93c4558.html
10875,20260313__ramhormoz.ostan-khz.ir__5b51bcf2b6d3.html
10876,20260313__robonic.ir__618afd271726.html
10877,20260313__rstopmotion.ir__3e1439545b5f.html
10878,20260313__savanagroup.ir__8122a73d19f3.html
10879,20260313__sbh.cfu.ac.ir__9f2161d415f9.html
10880,20260313__shadegan.ostan-khz.ir__fcadc1b6f878.html
10881,20260313__shadshow.ir__eb9516cdb9bb.html
10882,20260313__shahresham.ir__7a8772a11d68.html
10883,20260313__shanderman20.ir__28a7b611bb06.html
10884,20260313__shba.cfu.ac.ir__05dba19dfcf9.html
10885,20260313__simafestival.ir__950e9dc1db6d.html
10886,20260313__sirjannews.ir__ccc45f450b7b.html
10887,20260313__socialworkeriran.ir__5ce8b6aac4fa.html
10888,20260313__sport.khuisf.ac.ir__28f658d701b8.html
10889,20260313__sportscholars.ir__51ab4c574a76.html
10890,20260313__t.arakmu.ac.ir__ba369cb60589.html
10891,20260313__tim.shahed.ac.ir__0bb81869eb24.html
10892,20260313__titreazad.ir__b24166998515.html
10893,20260313__tomroof.ir__0662ee8d467c.html
10894,20260313__traffic.isfahan.ir__9f987f72dbab.html
10895,20260313__turkmencarpet.ir__9f538a69e70d.html
10896,20260313__wikishahid.ir__55b062f11b47.html
10897,20260313__wilkij.ir__5545c4377f50.html
10898,20260313__winterfell.ir__7c6ca4607e85.html
10899,20260313__yaghout-art.ir__780cf2da0d5c.html
10900,20260313__zarghan.ir__4b9cdda2f071.html
10901,20260313__zhafez.ir__78f78e6b8367.html
10902,20260313__zka.cfu.ac.ir__9b7ae87be082.html
10903,20260314__aead.agri-peri.ac.ir__946c193e4801.html
10904,20260314__afam-co.ir__7d30099350c4.html
10905,20260314__agahi-kala.blog.ir__270ef6874294.html
10906,20260314__ajax2014.ir__5fcfadaa3cbb.html
10907,20260314__alaly.ir__1f34b0e686aa.html
10908,20260314__arabiplus.ir__99953f5718d6.html
10909,20260314__arias.ir__093c1559a7c1.html
10910,20260314__arman-maham.ir__ee8ec3d8e7f0.html
10911,20260314__armanprocessjournal.ir__09d5e72c2400.html
10912,20260314__aryahome.ir__d9681896ac2c.html
10913,20260314__axron.ir__128d0164fb14.html
10914,20260314__ba72.ir__a8af75b7414f.html
10915,20260314__bazitak.ir__2d302dad11e7.html
10916,20260314__bealaveh1.ir__7ad6301ff965.html
10917,20260314__beres.ir__2c239ea98239.html
10918,20260314__bertina.ir__3e8f380797b5.html
10919,20260314__bia2melody.ir__27f185e80fa6.html
10920,20260314__cineport.ir__3b4d71b9fa85.html
10921,20260314__city.theater.ir__f124dc495da9.html
10922,20260314__clashman.ir__841e53dd5a3c.html
10923,20260314__cmclub.ir__253678ed625e.html
10924,20260314__cochrane.ir__e4696d6d5662.html
10925,20260314__copify.ir__34b0c14c0cfd.html
10926,20260314__dam.journal.art.ac.ir__0858df032d57.html
10927,20260314__dentistry.tbzmed.ac.ir__47b3a93b4c3e.html
10928,20260314__digi-peste.ir__2cd86dd96f01.html
10929,20260314__dl.ebooksworld.ir__3d69a5f48c50.html
10930,20260314__drnouri.ir__e1ce47007122.html
10931,20260314__dubaidiscount.ir__afbf05cdeffb.html
10932,20260314__emdadvakil.ir__4ea35ebe9ade.html
10933,20260314__en.rasanews.ir__271186ee9ef5.html
10934,20260314__enama.ir__042cba9d1520.html
10935,20260314__faratrade.ir__ea9421e8cc75.html
10936,20260314__foroshiye.ir__52cf9f457125.html
10937,20260314__goldnet.ir__e6f8a0ce1252.html
10938,20260314__govahiran.ir__0e80322a669c.html
10939,20260314__hamidrezaabdi.ir__4a335fa8b531.html
10940,20260314__hawinweb.ir__02837aed38d5.html
10941,20260314__hayar.ir__0fe9fc2e41ab.html
10942,20260314__hipost.ir__a5c2192beb43.html
10943,20260314__hlife.ir__5e3e4b4dc764.html
10944,20260314__imdb2.ir__893a05a17ae2.html
10945,20260314__int.amfm.ir__b2899a29a81d.html
10946,20260314__iriboffice.ir__451e964c3352.html
10947,20260314__irtusepand.ir__6bc4cc72899c.html
10948,20260314__isrc.ac.ir__328babdcf132.html
10949,20260314__ited.iust.ac.ir__a8d5d9368feb.html
10950,20260314__jea.sanru.ac.ir__1f57fe0c371e.html
10951,20260314__jsme.khsh.iau.ir__d4eb5446e1c4.html
10952,20260314__keepa.ir__c211c33e4e8e.html
10953,20260314__kodoumo.ir__cbcf02d60ac9.html
10954,20260314__linuxreview.ir__6c5741af21a4.html
10955,20260314__lohfat.ir__8fafc9206afe.html
10956,20260314__maxadir.monoblog.ir__12dac7517ed2.html
10957,20260314__mdesign.ir__2611763b14f6.html
10958,20260314__melusic.ir__d4f6103029a0.html
10959,20260314__midassafety.ir__8a08c2569d26.html
10960,20260314__mindtoolbox.ir__9a89344a06ee.html
10961,20260314__minisoft.ir__10cfceb89d2a.html
10962,20260314__mobit.ir__eb49ecbe9284.html
10963,20260314__mokhatab24.ir__adc9b0d491e6.html
10964,20260314__nabzefanavari.ir__283203f5caa1.html
10965,20260314__naorib.ir__684e495191d4.html
10966,20260314__neotec.ir__e6a07128172f.html
10967,20260314__newspaper.fdn.ir__5597a9dedda2.html
10968,20260314__newss.blog.ir__879e11c01acc.html
10969,20260314__nezamishop.ir__152873739494.html
10970,20260314__nojhanco.ir__37f2afe2a573.html
10971,20260314__noorihamedani.ir__7aac8973fd57.html
10972,20260314__o70.ir__ce466e64dc98.html
10973,20260314__olympichotel.ir__540d0b7ca4ca.html
10974,20260314__opendata.cra.ir__3ad1ad040b48.html
10975,20260314__orfi.ir__e7f158251124.html
10976,20260314__pixellair.ir__b39fc81bb114.html
10977,20260314__plankade.ir__4b4ba13136f4.html
10978,20260314__pspro.ir__6dbe7c1b787f.html
10979,20260314__qesar.ir__d4195bdc248e.html
10980,20260314__radoo.ir__a0ba81dfa568.html
10981,20260314__refahtech.ir__baa4f41c5898.html
10982,20260314__sallyteam.ir__0b280bfea879.html
10983,20260314__sanaig.ir__2b826e21c5b3.html
10984,20260314__sazoseda.ir__ecf148cd48eb.html
10985,20260314__scholarship.saorg.ir__3f91902b532e.html
10986,20260314__scriptirani.ir__2f443bbac695.html
10987,20260314__sdata.ir__fc5c2f8cb8a3.html
10988,20260314__sdp.co.ir__1d8b8900d7db.html
10989,20260314__serverget.ir__9afa7a5bcd72.html
10990,20260314__shopcar.ir__0a12b868b17d.html
10991,20260314__sibma.ir__77e5e4eaed6d.html
10992,20260314__sportmall.ir__5c4ef398098a.html
10993,20260314__tamashakhaneh.ir__1173bc38cd18.html
10994,20260314__targoman.ir__b7dd372d874f.html
10995,20260314__templates.blog.ir__cc0b7995c7f0.html
10996,20260314__titrekootah.ir__ca71a738c39e.html
10997,20260314__tlyn.ir__9e33022b86ce.html
10998,20260314__translateyar.ir__2c238805e512.html
10999,20260314__ubirock.ir__39165716515c.html
11000,20260314__varzeesh3.ir__5d3d5ce372e2.html
11001,20260314__yz.uast.ac.ir__703c8c0687ed.html
11002,20260315__apf.co.ir__d78610fa6624.html
11003,20260315__araratexchange.com__a3ca0e0c744c.html
11004,20260315__bitrafi.net__140a9e8c4752.html
11005,20260315__cabinets.ir__4f73e3437071.html
11006,20260315__elho.ir__31a7fd6e1e6a.html
11007,20260315__kalasatan.ir__27e5fa417389.html
11008,20260315__karenkart.ir__404e74c300c0.html
11009,20260315__ninirang.ir__d0b7ef03ea29.html
11010,20260315__rahnamayesalamati.ir__20bdc998ea3f.html
11011,20260315__touchnet.ir__797b1c6a405e.html
11012,20260315__ucman.ir__39db3aba714f.html
11013,20260315__zerotwo.ir__07691c4ab6cc.html
